ISO-10303-21;
HEADER;
/* Generated by software containing ST-Developer
 * from STEP Tools, Inc. (www.steptools.com) 
 */
/* OPTION: using custom renumber hook */

FILE_DESCRIPTION(
/* description */ ('STEP AP242',
'CAx-IF Rec.Pracs.---Representation and Presentation of Product Manufa
cturing Information (PMI)---4.0---2014-10-13',
'CAx-IF Rec.Pracs.---3D Tessellated Geometry---0.4---2014-09-14','2;1'),

/* implementation_level */ '2;1');

FILE_NAME(
/* name */ 'IPBT-110-H1-T-D-RA-GP',
/* time_stamp */ '2026-03-15T19:21:34+01:00',
/* author */ ('License CC BY-ND 4.0'),
/* organization */ ('CADENAS'),
/* preprocessor_version */ 'ST-DEVELOPER v20',
/* originating_system */ 'PARTsolutions',
/* authorisation */ '  ');

FILE_SCHEMA (('AP242_MANAGED_MODEL_BASED_3D_ENGINEERING_MIM_LF { 1 0 10303 442 1 1 4 }'));
ENDSEC;

DATA;
#10=CONTEXT_DEPENDENT_SHAPE_REPRESENTATION(#16,#16699);
#11=CONTEXT_DEPENDENT_SHAPE_REPRESENTATION(#17,#16701);
#12=CONTEXT_DEPENDENT_SHAPE_REPRESENTATION(#18,#16703);
#13=NEXT_ASSEMBLY_USAGE_OCCURRENCE('NAUO1',
'IPBT-110-H1-T-D-RA-GP_terminal','IPBT-110-H1-T-D-RA-GP_terminal',#16704,
#16705,'');
#14=NEXT_ASSEMBLY_USAGE_OCCURRENCE('NAUO2','IPBT-110-H1-D-T-RA-GP_pin',
'IPBT-110-H1-D-T-RA-GP_pin',#16704,#16706,'');
#15=NEXT_ASSEMBLY_USAGE_OCCURRENCE('NAUO3','IPBT-110-H1-D-T-RA-GP2_pin',
'IPBT-110-H1-D-T-RA-GP2_pin',#16704,#16707,'');
#16=(
REPRESENTATION_RELATIONSHIP(' ',' ',#10452,#10451)
REPRESENTATION_RELATIONSHIP_WITH_TRANSFORMATION(#19)
SHAPE_REPRESENTATION_RELATIONSHIP()
);
#17=(
REPRESENTATION_RELATIONSHIP(' ',' ',#10453,#10451)
REPRESENTATION_RELATIONSHIP_WITH_TRANSFORMATION(#20)
SHAPE_REPRESENTATION_RELATIONSHIP()
);
#18=(
REPRESENTATION_RELATIONSHIP(' ',' ',#10454,#10451)
REPRESENTATION_RELATIONSHIP_WITH_TRANSFORMATION(#21)
SHAPE_REPRESENTATION_RELATIONSHIP()
);
#19=ITEM_DEFINED_TRANSFORMATION(' ',' ',#10455,#10722);
#20=ITEM_DEFINED_TRANSFORMATION(' ',' ',#10455,#10989);
#21=ITEM_DEFINED_TRANSFORMATION(' ',' ',#10455,#11096);
#22=SHAPE_REPRESENTATION_RELATIONSHIP('','',#10452,#25);
#23=SHAPE_REPRESENTATION_RELATIONSHIP('','',#10453,#26);
#24=SHAPE_REPRESENTATION_RELATIONSHIP('','',#10454,#27);
#25=ADVANCED_BREP_SHAPE_REPRESENTATION('',(#10444),#16684);
#26=ADVANCED_BREP_SHAPE_REPRESENTATION('',(#10445),#16685);
#27=ADVANCED_BREP_SHAPE_REPRESENTATION('',(#10446),#16686);
#28=CYLINDRICAL_SURFACE('',#10569,0.0675);
#29=CYLINDRICAL_SURFACE('',#10570,0.0250000000000001);
#30=CYLINDRICAL_SURFACE('',#10572,0.025);
#31=CYLINDRICAL_SURFACE('',#10574,0.0249999999999999);
#32=CYLINDRICAL_SURFACE('',#10576,0.0249999999999999);
#33=CYLINDRICAL_SURFACE('',#10727,0.09);
#34=CYLINDRICAL_SURFACE('',#10730,0.09);
#35=CYLINDRICAL_SURFACE('',#10733,0.09);
#36=CYLINDRICAL_SURFACE('',#10736,0.09);
#37=CYLINDRICAL_SURFACE('',#10739,0.09);
#38=CYLINDRICAL_SURFACE('',#10742,0.09);
#39=CYLINDRICAL_SURFACE('',#10745,0.09);
#40=CYLINDRICAL_SURFACE('',#10748,0.09);
#41=CYLINDRICAL_SURFACE('',#10751,0.09);
#42=CYLINDRICAL_SURFACE('',#10754,0.09);
#43=CYLINDRICAL_SURFACE('',#10787,0.045);
#44=CYLINDRICAL_SURFACE('',#10790,0.045);
#45=CYLINDRICAL_SURFACE('',#10793,0.045);
#46=CYLINDRICAL_SURFACE('',#10796,0.045);
#47=CYLINDRICAL_SURFACE('',#10799,0.045);
#48=CYLINDRICAL_SURFACE('',#10802,0.045);
#49=CYLINDRICAL_SURFACE('',#10805,0.045);
#50=CYLINDRICAL_SURFACE('',#10808,0.045);
#51=CYLINDRICAL_SURFACE('',#10811,0.045);
#52=CYLINDRICAL_SURFACE('',#10814,0.045);
#53=CYLINDRICAL_SURFACE('',#10837,0.09);
#54=CYLINDRICAL_SURFACE('',#10840,0.09);
#55=CYLINDRICAL_SURFACE('',#10843,0.09);
#56=CYLINDRICAL_SURFACE('',#10846,0.09);
#57=CYLINDRICAL_SURFACE('',#10849,0.09);
#58=CYLINDRICAL_SURFACE('',#10852,0.09);
#59=CYLINDRICAL_SURFACE('',#10855,0.09);
#60=CYLINDRICAL_SURFACE('',#10858,0.09);
#61=CYLINDRICAL_SURFACE('',#10861,0.09);
#62=CYLINDRICAL_SURFACE('',#10864,0.09);
#63=CYLINDRICAL_SURFACE('',#10897,0.0449999999999999);
#64=CYLINDRICAL_SURFACE('',#10900,0.0449999999999999);
#65=CYLINDRICAL_SURFACE('',#10903,0.0449999999999999);
#66=CYLINDRICAL_SURFACE('',#10906,0.0449999999999999);
#67=CYLINDRICAL_SURFACE('',#10909,0.0449999999999999);
#68=CYLINDRICAL_SURFACE('',#10912,0.0449999999999999);
#69=CYLINDRICAL_SURFACE('',#10915,0.0449999999999999);
#70=CYLINDRICAL_SURFACE('',#10918,0.0449999999999999);
#71=CYLINDRICAL_SURFACE('',#10921,0.0449999999999999);
#72=CYLINDRICAL_SURFACE('',#10924,0.0449999999999999);
#73=CONICAL_SURFACE('',#10567,0.0925,0.785398163397447);
#74=CIRCLE('',#10463,0.0250000000000001);
#75=CIRCLE('',#10464,0.025);
#76=CIRCLE('',#10465,0.0249999999999999);
#77=CIRCLE('',#10466,0.0249999999999999);
#78=CIRCLE('',#10473,0.0675);
#79=CIRCLE('',#10547,0.0250000000000001);
#80=CIRCLE('',#10548,0.0249999999999999);
#81=CIRCLE('',#10549,0.0249999999999999);
#82=CIRCLE('',#10550,0.025);
#83=CIRCLE('',#10551,0.0925);
#84=CIRCLE('',#10568,0.0675);
#85=CIRCLE('',#10728,0.09);
#86=CIRCLE('',#10729,0.09);
#87=CIRCLE('',#10731,0.09);
#88=CIRCLE('',#10732,0.09);
#89=CIRCLE('',#10734,0.09);
#90=CIRCLE('',#10735,0.09);
#91=CIRCLE('',#10737,0.09);
#92=CIRCLE('',#10738,0.09);
#93=CIRCLE('',#10740,0.09);
#94=CIRCLE('',#10741,0.09);
#95=CIRCLE('',#10743,0.09);
#96=CIRCLE('',#10744,0.09);
#97=CIRCLE('',#10746,0.09);
#98=CIRCLE('',#10747,0.09);
#99=CIRCLE('',#10749,0.09);
#100=CIRCLE('',#10750,0.09);
#101=CIRCLE('',#10752,0.09);
#102=CIRCLE('',#10753,0.09);
#103=CIRCLE('',#10755,0.09);
#104=CIRCLE('',#10756,0.09);
#105=CIRCLE('',#10788,0.045);
#106=CIRCLE('',#10789,0.045);
#107=CIRCLE('',#10791,0.045);
#108=CIRCLE('',#10792,0.045);
#109=CIRCLE('',#10794,0.045);
#110=CIRCLE('',#10795,0.045);
#111=CIRCLE('',#10797,0.045);
#112=CIRCLE('',#10798,0.045);
#113=CIRCLE('',#10800,0.045);
#114=CIRCLE('',#10801,0.045);
#115=CIRCLE('',#10803,0.045);
#116=CIRCLE('',#10804,0.045);
#117=CIRCLE('',#10806,0.045);
#118=CIRCLE('',#10807,0.045);
#119=CIRCLE('',#10809,0.045);
#120=CIRCLE('',#10810,0.045);
#121=CIRCLE('',#10812,0.045);
#122=CIRCLE('',#10813,0.045);
#123=CIRCLE('',#10815,0.045);
#124=CIRCLE('',#10816,0.045);
#125=CIRCLE('',#10838,0.09);
#126=CIRCLE('',#10839,0.09);
#127=CIRCLE('',#10841,0.09);
#128=CIRCLE('',#10842,0.09);
#129=CIRCLE('',#10844,0.09);
#130=CIRCLE('',#10845,0.09);
#131=CIRCLE('',#10847,0.09);
#132=CIRCLE('',#10848,0.09);
#133=CIRCLE('',#10850,0.09);
#134=CIRCLE('',#10851,0.09);
#135=CIRCLE('',#10853,0.09);
#136=CIRCLE('',#10854,0.09);
#137=CIRCLE('',#10856,0.09);
#138=CIRCLE('',#10857,0.09);
#139=CIRCLE('',#10859,0.09);
#140=CIRCLE('',#10860,0.09);
#141=CIRCLE('',#10862,0.09);
#142=CIRCLE('',#10863,0.09);
#143=CIRCLE('',#10865,0.09);
#144=CIRCLE('',#10866,0.09);
#145=CIRCLE('',#10898,0.0449999999999999);
#146=CIRCLE('',#10899,0.0449999999999999);
#147=CIRCLE('',#10901,0.0449999999999999);
#148=CIRCLE('',#10902,0.0449999999999999);
#149=CIRCLE('',#10904,0.0449999999999999);
#150=CIRCLE('',#10905,0.0449999999999999);
#151=CIRCLE('',#10907,0.0449999999999999);
#152=CIRCLE('',#10908,0.0449999999999999);
#153=CIRCLE('',#10910,0.0449999999999999);
#154=CIRCLE('',#10911,0.0449999999999999);
#155=CIRCLE('',#10913,0.0449999999999999);
#156=CIRCLE('',#10914,0.0449999999999999);
#157=CIRCLE('',#10916,0.0449999999999999);
#158=CIRCLE('',#10917,0.0449999999999999);
#159=CIRCLE('',#10919,0.0449999999999999);
#160=CIRCLE('',#10920,0.0449999999999999);
#161=CIRCLE('',#10922,0.0449999999999999);
#162=CIRCLE('',#10923,0.0449999999999999);
#163=CIRCLE('',#10925,0.0449999999999999);
#164=CIRCLE('',#10926,0.0449999999999999);
#165=ORIENTED_EDGE('',*,*,#3045,.F.);
#166=ORIENTED_EDGE('',*,*,#3046,.T.);
#167=ORIENTED_EDGE('',*,*,#3047,.F.);
#168=ORIENTED_EDGE('',*,*,#3048,.T.);
#169=ORIENTED_EDGE('',*,*,#3049,.T.);
#170=ORIENTED_EDGE('',*,*,#3050,.F.);
#171=ORIENTED_EDGE('',*,*,#3051,.T.);
#172=ORIENTED_EDGE('',*,*,#3052,.F.);
#173=ORIENTED_EDGE('',*,*,#3053,.F.);
#174=ORIENTED_EDGE('',*,*,#3054,.F.);
#175=ORIENTED_EDGE('',*,*,#3055,.F.);
#176=ORIENTED_EDGE('',*,*,#3056,.F.);
#177=ORIENTED_EDGE('',*,*,#3057,.T.);
#178=ORIENTED_EDGE('',*,*,#3058,.T.);
#179=ORIENTED_EDGE('',*,*,#3059,.F.);
#180=ORIENTED_EDGE('',*,*,#3060,.T.);
#181=ORIENTED_EDGE('',*,*,#3061,.F.);
#182=ORIENTED_EDGE('',*,*,#3060,.F.);
#183=ORIENTED_EDGE('',*,*,#3062,.F.);
#184=ORIENTED_EDGE('',*,*,#3046,.F.);
#185=ORIENTED_EDGE('',*,*,#3063,.F.);
#186=ORIENTED_EDGE('',*,*,#3064,.T.);
#187=ORIENTED_EDGE('',*,*,#3065,.F.);
#188=ORIENTED_EDGE('',*,*,#3066,.T.);
#189=ORIENTED_EDGE('',*,*,#3067,.T.);
#190=ORIENTED_EDGE('',*,*,#3068,.F.);
#191=ORIENTED_EDGE('',*,*,#3069,.T.);
#192=ORIENTED_EDGE('',*,*,#3070,.F.);
#193=ORIENTED_EDGE('',*,*,#3071,.F.);
#194=ORIENTED_EDGE('',*,*,#3072,.F.);
#195=ORIENTED_EDGE('',*,*,#3073,.F.);
#196=ORIENTED_EDGE('',*,*,#3074,.F.);
#197=ORIENTED_EDGE('',*,*,#3075,.T.);
#198=ORIENTED_EDGE('',*,*,#3076,.T.);
#199=ORIENTED_EDGE('',*,*,#3077,.F.);
#200=ORIENTED_EDGE('',*,*,#3078,.T.);
#201=ORIENTED_EDGE('',*,*,#3079,.F.);
#202=ORIENTED_EDGE('',*,*,#3078,.F.);
#203=ORIENTED_EDGE('',*,*,#3080,.F.);
#204=ORIENTED_EDGE('',*,*,#3064,.F.);
#205=ORIENTED_EDGE('',*,*,#3081,.T.);
#206=ORIENTED_EDGE('',*,*,#3082,.T.);
#207=ORIENTED_EDGE('',*,*,#3083,.T.);
#208=ORIENTED_EDGE('',*,*,#3084,.T.);
#209=ORIENTED_EDGE('',*,*,#3085,.T.);
#210=ORIENTED_EDGE('',*,*,#3086,.T.);
#211=ORIENTED_EDGE('',*,*,#3087,.T.);
#212=ORIENTED_EDGE('',*,*,#3088,.T.);
#213=ORIENTED_EDGE('',*,*,#3089,.F.);
#214=ORIENTED_EDGE('',*,*,#3090,.F.);
#215=ORIENTED_EDGE('',*,*,#3091,.F.);
#216=ORIENTED_EDGE('',*,*,#3092,.F.);
#217=ORIENTED_EDGE('',*,*,#3093,.T.);
#218=ORIENTED_EDGE('',*,*,#3094,.F.);
#219=ORIENTED_EDGE('',*,*,#3095,.F.);
#220=ORIENTED_EDGE('',*,*,#3096,.T.);
#221=ORIENTED_EDGE('',*,*,#3097,.F.);
#222=ORIENTED_EDGE('',*,*,#3098,.T.);
#223=ORIENTED_EDGE('',*,*,#3099,.F.);
#224=ORIENTED_EDGE('',*,*,#3100,.F.);
#225=ORIENTED_EDGE('',*,*,#3094,.T.);
#226=ORIENTED_EDGE('',*,*,#3101,.F.);
#227=ORIENTED_EDGE('',*,*,#3102,.F.);
#228=ORIENTED_EDGE('',*,*,#3103,.F.);
#229=ORIENTED_EDGE('',*,*,#3104,.F.);
#230=ORIENTED_EDGE('',*,*,#3105,.F.);
#231=ORIENTED_EDGE('',*,*,#3106,.T.);
#232=ORIENTED_EDGE('',*,*,#3090,.T.);
#233=ORIENTED_EDGE('',*,*,#3104,.T.);
#234=ORIENTED_EDGE('',*,*,#3107,.T.);
#235=ORIENTED_EDGE('',*,*,#3108,.F.);
#236=ORIENTED_EDGE('',*,*,#3109,.F.);
#237=ORIENTED_EDGE('',*,*,#3110,.F.);
#238=ORIENTED_EDGE('',*,*,#3111,.T.);
#239=ORIENTED_EDGE('',*,*,#3112,.T.);
#240=ORIENTED_EDGE('',*,*,#3113,.T.);
#241=ORIENTED_EDGE('',*,*,#3114,.F.);
#242=ORIENTED_EDGE('',*,*,#3115,.F.);
#243=ORIENTED_EDGE('',*,*,#3113,.F.);
#244=ORIENTED_EDGE('',*,*,#3116,.F.);
#245=ORIENTED_EDGE('',*,*,#3098,.F.);
#246=ORIENTED_EDGE('',*,*,#3117,.F.);
#247=ORIENTED_EDGE('',*,*,#3092,.T.);
#248=ORIENTED_EDGE('',*,*,#3118,.F.);
#249=ORIENTED_EDGE('',*,*,#3119,.T.);
#250=ORIENTED_EDGE('',*,*,#3120,.F.);
#251=ORIENTED_EDGE('',*,*,#3069,.F.);
#252=ORIENTED_EDGE('',*,*,#3121,.F.);
#253=ORIENTED_EDGE('',*,*,#3073,.T.);
#254=ORIENTED_EDGE('',*,*,#3122,.F.);
#255=ORIENTED_EDGE('',*,*,#3051,.F.);
#256=ORIENTED_EDGE('',*,*,#3123,.F.);
#257=ORIENTED_EDGE('',*,*,#3055,.T.);
#258=ORIENTED_EDGE('',*,*,#3124,.F.);
#259=ORIENTED_EDGE('',*,*,#3125,.T.);
#260=ORIENTED_EDGE('',*,*,#3126,.F.);
#261=ORIENTED_EDGE('',*,*,#3127,.F.);
#262=ORIENTED_EDGE('',*,*,#3128,.T.);
#263=ORIENTED_EDGE('',*,*,#3129,.T.);
#264=ORIENTED_EDGE('',*,*,#3130,.F.);
#265=ORIENTED_EDGE('',*,*,#3131,.T.);
#266=ORIENTED_EDGE('',*,*,#3132,.T.);
#267=ORIENTED_EDGE('',*,*,#3133,.F.);
#268=ORIENTED_EDGE('',*,*,#3134,.T.);
#269=ORIENTED_EDGE('',*,*,#3135,.T.);
#270=ORIENTED_EDGE('',*,*,#3136,.F.);
#271=ORIENTED_EDGE('',*,*,#3137,.T.);
#272=ORIENTED_EDGE('',*,*,#3138,.T.);
#273=ORIENTED_EDGE('',*,*,#3139,.F.);
#274=ORIENTED_EDGE('',*,*,#3140,.T.);
#275=ORIENTED_EDGE('',*,*,#3141,.T.);
#276=ORIENTED_EDGE('',*,*,#3142,.F.);
#277=ORIENTED_EDGE('',*,*,#3143,.T.);
#278=ORIENTED_EDGE('',*,*,#3144,.F.);
#279=ORIENTED_EDGE('',*,*,#3145,.F.);
#280=ORIENTED_EDGE('',*,*,#3146,.T.);
#281=ORIENTED_EDGE('',*,*,#3147,.T.);
#282=ORIENTED_EDGE('',*,*,#3148,.F.);
#283=ORIENTED_EDGE('',*,*,#3141,.F.);
#284=ORIENTED_EDGE('',*,*,#3149,.F.);
#285=ORIENTED_EDGE('',*,*,#3125,.F.);
#286=ORIENTED_EDGE('',*,*,#3150,.F.);
#287=ORIENTED_EDGE('',*,*,#3135,.F.);
#288=ORIENTED_EDGE('',*,*,#3151,.F.);
#289=ORIENTED_EDGE('',*,*,#3143,.F.);
#290=ORIENTED_EDGE('',*,*,#3152,.F.);
#291=ORIENTED_EDGE('',*,*,#3153,.T.);
#292=ORIENTED_EDGE('',*,*,#3154,.F.);
#293=ORIENTED_EDGE('',*,*,#3155,.F.);
#294=ORIENTED_EDGE('',*,*,#3156,.T.);
#295=ORIENTED_EDGE('',*,*,#3157,.T.);
#296=ORIENTED_EDGE('',*,*,#3158,.F.);
#297=ORIENTED_EDGE('',*,*,#3159,.T.);
#298=ORIENTED_EDGE('',*,*,#3160,.T.);
#299=ORIENTED_EDGE('',*,*,#3161,.F.);
#300=ORIENTED_EDGE('',*,*,#3162,.T.);
#301=ORIENTED_EDGE('',*,*,#3163,.T.);
#302=ORIENTED_EDGE('',*,*,#3164,.F.);
#303=ORIENTED_EDGE('',*,*,#3165,.T.);
#304=ORIENTED_EDGE('',*,*,#3166,.T.);
#305=ORIENTED_EDGE('',*,*,#3167,.F.);
#306=ORIENTED_EDGE('',*,*,#3168,.T.);
#307=ORIENTED_EDGE('',*,*,#3169,.T.);
#308=ORIENTED_EDGE('',*,*,#3170,.F.);
#309=ORIENTED_EDGE('',*,*,#3171,.T.);
#310=ORIENTED_EDGE('',*,*,#3172,.F.);
#311=ORIENTED_EDGE('',*,*,#3173,.F.);
#312=ORIENTED_EDGE('',*,*,#3174,.T.);
#313=ORIENTED_EDGE('',*,*,#3175,.T.);
#314=ORIENTED_EDGE('',*,*,#3176,.F.);
#315=ORIENTED_EDGE('',*,*,#3169,.F.);
#316=ORIENTED_EDGE('',*,*,#3177,.F.);
#317=ORIENTED_EDGE('',*,*,#3153,.F.);
#318=ORIENTED_EDGE('',*,*,#3178,.F.);
#319=ORIENTED_EDGE('',*,*,#3163,.F.);
#320=ORIENTED_EDGE('',*,*,#3179,.F.);
#321=ORIENTED_EDGE('',*,*,#3171,.F.);
#322=ORIENTED_EDGE('',*,*,#3180,.F.);
#323=ORIENTED_EDGE('',*,*,#3181,.T.);
#324=ORIENTED_EDGE('',*,*,#3182,.F.);
#325=ORIENTED_EDGE('',*,*,#3183,.F.);
#326=ORIENTED_EDGE('',*,*,#3184,.T.);
#327=ORIENTED_EDGE('',*,*,#3185,.T.);
#328=ORIENTED_EDGE('',*,*,#3186,.F.);
#329=ORIENTED_EDGE('',*,*,#3187,.T.);
#330=ORIENTED_EDGE('',*,*,#3188,.T.);
#331=ORIENTED_EDGE('',*,*,#3189,.F.);
#332=ORIENTED_EDGE('',*,*,#3190,.T.);
#333=ORIENTED_EDGE('',*,*,#3191,.T.);
#334=ORIENTED_EDGE('',*,*,#3192,.F.);
#335=ORIENTED_EDGE('',*,*,#3193,.T.);
#336=ORIENTED_EDGE('',*,*,#3194,.T.);
#337=ORIENTED_EDGE('',*,*,#3195,.F.);
#338=ORIENTED_EDGE('',*,*,#3196,.T.);
#339=ORIENTED_EDGE('',*,*,#3197,.T.);
#340=ORIENTED_EDGE('',*,*,#3198,.F.);
#341=ORIENTED_EDGE('',*,*,#3199,.T.);
#342=ORIENTED_EDGE('',*,*,#3200,.F.);
#343=ORIENTED_EDGE('',*,*,#3201,.F.);
#344=ORIENTED_EDGE('',*,*,#3202,.T.);
#345=ORIENTED_EDGE('',*,*,#3203,.T.);
#346=ORIENTED_EDGE('',*,*,#3204,.F.);
#347=ORIENTED_EDGE('',*,*,#3197,.F.);
#348=ORIENTED_EDGE('',*,*,#3205,.F.);
#349=ORIENTED_EDGE('',*,*,#3181,.F.);
#350=ORIENTED_EDGE('',*,*,#3206,.F.);
#351=ORIENTED_EDGE('',*,*,#3191,.F.);
#352=ORIENTED_EDGE('',*,*,#3207,.F.);
#353=ORIENTED_EDGE('',*,*,#3199,.F.);
#354=ORIENTED_EDGE('',*,*,#3208,.F.);
#355=ORIENTED_EDGE('',*,*,#3209,.T.);
#356=ORIENTED_EDGE('',*,*,#3210,.F.);
#357=ORIENTED_EDGE('',*,*,#3211,.F.);
#358=ORIENTED_EDGE('',*,*,#3212,.T.);
#359=ORIENTED_EDGE('',*,*,#3213,.T.);
#360=ORIENTED_EDGE('',*,*,#3214,.F.);
#361=ORIENTED_EDGE('',*,*,#3215,.T.);
#362=ORIENTED_EDGE('',*,*,#3216,.T.);
#363=ORIENTED_EDGE('',*,*,#3217,.F.);
#364=ORIENTED_EDGE('',*,*,#3218,.T.);
#365=ORIENTED_EDGE('',*,*,#3219,.T.);
#366=ORIENTED_EDGE('',*,*,#3220,.F.);
#367=ORIENTED_EDGE('',*,*,#3221,.T.);
#368=ORIENTED_EDGE('',*,*,#3222,.T.);
#369=ORIENTED_EDGE('',*,*,#3223,.F.);
#370=ORIENTED_EDGE('',*,*,#3224,.T.);
#371=ORIENTED_EDGE('',*,*,#3225,.T.);
#372=ORIENTED_EDGE('',*,*,#3226,.F.);
#373=ORIENTED_EDGE('',*,*,#3227,.T.);
#374=ORIENTED_EDGE('',*,*,#3228,.F.);
#375=ORIENTED_EDGE('',*,*,#3229,.F.);
#376=ORIENTED_EDGE('',*,*,#3230,.T.);
#377=ORIENTED_EDGE('',*,*,#3231,.T.);
#378=ORIENTED_EDGE('',*,*,#3232,.F.);
#379=ORIENTED_EDGE('',*,*,#3225,.F.);
#380=ORIENTED_EDGE('',*,*,#3233,.F.);
#381=ORIENTED_EDGE('',*,*,#3209,.F.);
#382=ORIENTED_EDGE('',*,*,#3234,.F.);
#383=ORIENTED_EDGE('',*,*,#3219,.F.);
#384=ORIENTED_EDGE('',*,*,#3235,.F.);
#385=ORIENTED_EDGE('',*,*,#3227,.F.);
#386=ORIENTED_EDGE('',*,*,#3236,.F.);
#387=ORIENTED_EDGE('',*,*,#3237,.T.);
#388=ORIENTED_EDGE('',*,*,#3238,.F.);
#389=ORIENTED_EDGE('',*,*,#3239,.F.);
#390=ORIENTED_EDGE('',*,*,#3240,.T.);
#391=ORIENTED_EDGE('',*,*,#3241,.T.);
#392=ORIENTED_EDGE('',*,*,#3242,.F.);
#393=ORIENTED_EDGE('',*,*,#3243,.T.);
#394=ORIENTED_EDGE('',*,*,#3244,.T.);
#395=ORIENTED_EDGE('',*,*,#3245,.F.);
#396=ORIENTED_EDGE('',*,*,#3246,.T.);
#397=ORIENTED_EDGE('',*,*,#3247,.T.);
#398=ORIENTED_EDGE('',*,*,#3248,.F.);
#399=ORIENTED_EDGE('',*,*,#3247,.F.);
#400=ORIENTED_EDGE('',*,*,#3249,.F.);
#401=ORIENTED_EDGE('',*,*,#3237,.F.);
#402=ORIENTED_EDGE('',*,*,#3250,.F.);
#403=ORIENTED_EDGE('',*,*,#3251,.T.);
#404=ORIENTED_EDGE('',*,*,#3252,.F.);
#405=ORIENTED_EDGE('',*,*,#3253,.F.);
#406=ORIENTED_EDGE('',*,*,#3254,.T.);
#407=ORIENTED_EDGE('',*,*,#3255,.T.);
#408=ORIENTED_EDGE('',*,*,#3256,.F.);
#409=ORIENTED_EDGE('',*,*,#3257,.T.);
#410=ORIENTED_EDGE('',*,*,#3258,.T.);
#411=ORIENTED_EDGE('',*,*,#3259,.F.);
#412=ORIENTED_EDGE('',*,*,#3260,.T.);
#413=ORIENTED_EDGE('',*,*,#3261,.T.);
#414=ORIENTED_EDGE('',*,*,#3262,.F.);
#415=ORIENTED_EDGE('',*,*,#3261,.F.);
#416=ORIENTED_EDGE('',*,*,#3263,.F.);
#417=ORIENTED_EDGE('',*,*,#3251,.F.);
#418=ORIENTED_EDGE('',*,*,#3264,.F.);
#419=ORIENTED_EDGE('',*,*,#3265,.T.);
#420=ORIENTED_EDGE('',*,*,#3266,.F.);
#421=ORIENTED_EDGE('',*,*,#3267,.F.);
#422=ORIENTED_EDGE('',*,*,#3268,.T.);
#423=ORIENTED_EDGE('',*,*,#3269,.T.);
#424=ORIENTED_EDGE('',*,*,#3270,.F.);
#425=ORIENTED_EDGE('',*,*,#3271,.T.);
#426=ORIENTED_EDGE('',*,*,#3272,.T.);
#427=ORIENTED_EDGE('',*,*,#3273,.F.);
#428=ORIENTED_EDGE('',*,*,#3274,.T.);
#429=ORIENTED_EDGE('',*,*,#3275,.T.);
#430=ORIENTED_EDGE('',*,*,#3276,.F.);
#431=ORIENTED_EDGE('',*,*,#3277,.T.);
#432=ORIENTED_EDGE('',*,*,#3278,.T.);
#433=ORIENTED_EDGE('',*,*,#3279,.F.);
#434=ORIENTED_EDGE('',*,*,#3280,.T.);
#435=ORIENTED_EDGE('',*,*,#3281,.T.);
#436=ORIENTED_EDGE('',*,*,#3282,.F.);
#437=ORIENTED_EDGE('',*,*,#3283,.T.);
#438=ORIENTED_EDGE('',*,*,#3284,.F.);
#439=ORIENTED_EDGE('',*,*,#3285,.F.);
#440=ORIENTED_EDGE('',*,*,#3286,.T.);
#441=ORIENTED_EDGE('',*,*,#3287,.T.);
#442=ORIENTED_EDGE('',*,*,#3288,.F.);
#443=ORIENTED_EDGE('',*,*,#3281,.F.);
#444=ORIENTED_EDGE('',*,*,#3289,.F.);
#445=ORIENTED_EDGE('',*,*,#3265,.F.);
#446=ORIENTED_EDGE('',*,*,#3290,.F.);
#447=ORIENTED_EDGE('',*,*,#3275,.F.);
#448=ORIENTED_EDGE('',*,*,#3291,.F.);
#449=ORIENTED_EDGE('',*,*,#3283,.F.);
#450=ORIENTED_EDGE('',*,*,#3292,.F.);
#451=ORIENTED_EDGE('',*,*,#3293,.T.);
#452=ORIENTED_EDGE('',*,*,#3294,.F.);
#453=ORIENTED_EDGE('',*,*,#3295,.F.);
#454=ORIENTED_EDGE('',*,*,#3296,.T.);
#455=ORIENTED_EDGE('',*,*,#3297,.T.);
#456=ORIENTED_EDGE('',*,*,#3298,.F.);
#457=ORIENTED_EDGE('',*,*,#3299,.T.);
#458=ORIENTED_EDGE('',*,*,#3300,.T.);
#459=ORIENTED_EDGE('',*,*,#3301,.F.);
#460=ORIENTED_EDGE('',*,*,#3302,.T.);
#461=ORIENTED_EDGE('',*,*,#3303,.T.);
#462=ORIENTED_EDGE('',*,*,#3304,.F.);
#463=ORIENTED_EDGE('',*,*,#3305,.T.);
#464=ORIENTED_EDGE('',*,*,#3306,.T.);
#465=ORIENTED_EDGE('',*,*,#3307,.F.);
#466=ORIENTED_EDGE('',*,*,#3308,.T.);
#467=ORIENTED_EDGE('',*,*,#3309,.T.);
#468=ORIENTED_EDGE('',*,*,#3310,.F.);
#469=ORIENTED_EDGE('',*,*,#3311,.T.);
#470=ORIENTED_EDGE('',*,*,#3312,.F.);
#471=ORIENTED_EDGE('',*,*,#3313,.F.);
#472=ORIENTED_EDGE('',*,*,#3314,.T.);
#473=ORIENTED_EDGE('',*,*,#3315,.T.);
#474=ORIENTED_EDGE('',*,*,#3316,.F.);
#475=ORIENTED_EDGE('',*,*,#3309,.F.);
#476=ORIENTED_EDGE('',*,*,#3317,.F.);
#477=ORIENTED_EDGE('',*,*,#3293,.F.);
#478=ORIENTED_EDGE('',*,*,#3318,.F.);
#479=ORIENTED_EDGE('',*,*,#3303,.F.);
#480=ORIENTED_EDGE('',*,*,#3319,.F.);
#481=ORIENTED_EDGE('',*,*,#3311,.F.);
#482=ORIENTED_EDGE('',*,*,#3320,.F.);
#483=ORIENTED_EDGE('',*,*,#3321,.T.);
#484=ORIENTED_EDGE('',*,*,#3322,.F.);
#485=ORIENTED_EDGE('',*,*,#3323,.T.);
#486=ORIENTED_EDGE('',*,*,#3324,.F.);
#487=ORIENTED_EDGE('',*,*,#3325,.T.);
#488=ORIENTED_EDGE('',*,*,#3326,.T.);
#489=ORIENTED_EDGE('',*,*,#3327,.T.);
#490=ORIENTED_EDGE('',*,*,#3328,.F.);
#491=ORIENTED_EDGE('',*,*,#3329,.T.);
#492=ORIENTED_EDGE('',*,*,#3330,.T.);
#493=ORIENTED_EDGE('',*,*,#3331,.T.);
#494=ORIENTED_EDGE('',*,*,#3332,.F.);
#495=ORIENTED_EDGE('',*,*,#3333,.T.);
#496=ORIENTED_EDGE('',*,*,#3334,.F.);
#497=ORIENTED_EDGE('',*,*,#3335,.T.);
#498=ORIENTED_EDGE('',*,*,#3336,.F.);
#499=ORIENTED_EDGE('',*,*,#3331,.F.);
#500=ORIENTED_EDGE('',*,*,#3337,.F.);
#501=ORIENTED_EDGE('',*,*,#3321,.F.);
#502=ORIENTED_EDGE('',*,*,#3338,.F.);
#503=ORIENTED_EDGE('',*,*,#3327,.F.);
#504=ORIENTED_EDGE('',*,*,#3339,.F.);
#505=ORIENTED_EDGE('',*,*,#3333,.F.);
#506=ORIENTED_EDGE('',*,*,#3296,.F.);
#507=ORIENTED_EDGE('',*,*,#3340,.F.);
#508=ORIENTED_EDGE('',*,*,#3138,.F.);
#509=ORIENTED_EDGE('',*,*,#3341,.T.);
#510=ORIENTED_EDGE('',*,*,#3306,.F.);
#511=ORIENTED_EDGE('',*,*,#3342,.T.);
#512=ORIENTED_EDGE('',*,*,#3268,.F.);
#513=ORIENTED_EDGE('',*,*,#3343,.F.);
#514=ORIENTED_EDGE('',*,*,#3278,.F.);
#515=ORIENTED_EDGE('',*,*,#3344,.T.);
#516=ORIENTED_EDGE('',*,*,#3254,.F.);
#517=ORIENTED_EDGE('',*,*,#3345,.F.);
#518=ORIENTED_EDGE('',*,*,#3258,.F.);
#519=ORIENTED_EDGE('',*,*,#3346,.T.);
#520=ORIENTED_EDGE('',*,*,#3347,.F.);
#521=ORIENTED_EDGE('',*,*,#3348,.F.);
#522=ORIENTED_EDGE('',*,*,#3300,.F.);
#523=ORIENTED_EDGE('',*,*,#3349,.T.);
#524=ORIENTED_EDGE('',*,*,#3146,.F.);
#525=ORIENTED_EDGE('',*,*,#3350,.F.);
#526=ORIENTED_EDGE('',*,*,#3314,.F.);
#527=ORIENTED_EDGE('',*,*,#3351,.F.);
#528=ORIENTED_EDGE('',*,*,#3272,.F.);
#529=ORIENTED_EDGE('',*,*,#3352,.T.);
#530=ORIENTED_EDGE('',*,*,#3286,.F.);
#531=ORIENTED_EDGE('',*,*,#3353,.F.);
#532=ORIENTED_EDGE('',*,*,#3067,.F.);
#533=ORIENTED_EDGE('',*,*,#3354,.T.);
#534=ORIENTED_EDGE('',*,*,#3075,.F.);
#535=ORIENTED_EDGE('',*,*,#3355,.F.);
#536=ORIENTED_EDGE('',*,*,#3356,.T.);
#537=ORIENTED_EDGE('',*,*,#3357,.T.);
#538=ORIENTED_EDGE('',*,*,#3240,.F.);
#539=ORIENTED_EDGE('',*,*,#3358,.F.);
#540=ORIENTED_EDGE('',*,*,#3359,.T.);
#541=ORIENTED_EDGE('',*,*,#3360,.T.);
#542=ORIENTED_EDGE('',*,*,#3244,.F.);
#543=ORIENTED_EDGE('',*,*,#3361,.T.);
#544=ORIENTED_EDGE('',*,*,#3212,.F.);
#545=ORIENTED_EDGE('',*,*,#3362,.F.);
#546=ORIENTED_EDGE('',*,*,#3222,.F.);
#547=ORIENTED_EDGE('',*,*,#3363,.T.);
#548=ORIENTED_EDGE('',*,*,#3184,.F.);
#549=ORIENTED_EDGE('',*,*,#3364,.F.);
#550=ORIENTED_EDGE('',*,*,#3194,.F.);
#551=ORIENTED_EDGE('',*,*,#3365,.T.);
#552=ORIENTED_EDGE('',*,*,#3156,.F.);
#553=ORIENTED_EDGE('',*,*,#3366,.F.);
#554=ORIENTED_EDGE('',*,*,#3166,.F.);
#555=ORIENTED_EDGE('',*,*,#3367,.T.);
#556=ORIENTED_EDGE('',*,*,#3368,.F.);
#557=ORIENTED_EDGE('',*,*,#3369,.F.);
#558=ORIENTED_EDGE('',*,*,#3049,.F.);
#559=ORIENTED_EDGE('',*,*,#3370,.T.);
#560=ORIENTED_EDGE('',*,*,#3371,.F.);
#561=ORIENTED_EDGE('',*,*,#3372,.F.);
#562=ORIENTED_EDGE('',*,*,#3057,.F.);
#563=ORIENTED_EDGE('',*,*,#3373,.F.);
#564=ORIENTED_EDGE('',*,*,#3216,.F.);
#565=ORIENTED_EDGE('',*,*,#3374,.T.);
#566=ORIENTED_EDGE('',*,*,#3230,.F.);
#567=ORIENTED_EDGE('',*,*,#3375,.F.);
#568=ORIENTED_EDGE('',*,*,#3188,.F.);
#569=ORIENTED_EDGE('',*,*,#3376,.T.);
#570=ORIENTED_EDGE('',*,*,#3202,.F.);
#571=ORIENTED_EDGE('',*,*,#3377,.F.);
#572=ORIENTED_EDGE('',*,*,#3160,.F.);
#573=ORIENTED_EDGE('',*,*,#3378,.T.);
#574=ORIENTED_EDGE('',*,*,#3174,.F.);
#575=ORIENTED_EDGE('',*,*,#3379,.F.);
#576=ORIENTED_EDGE('',*,*,#3380,.T.);
#577=ORIENTED_EDGE('',*,*,#3381,.T.);
#578=ORIENTED_EDGE('',*,*,#3093,.F.);
#579=ORIENTED_EDGE('',*,*,#3382,.F.);
#580=ORIENTED_EDGE('',*,*,#3383,.F.);
#581=ORIENTED_EDGE('',*,*,#3131,.F.);
#582=ORIENTED_EDGE('',*,*,#3384,.F.);
#583=ORIENTED_EDGE('',*,*,#3147,.F.);
#584=ORIENTED_EDGE('',*,*,#3349,.F.);
#585=ORIENTED_EDGE('',*,*,#3299,.F.);
#586=ORIENTED_EDGE('',*,*,#3385,.F.);
#587=ORIENTED_EDGE('',*,*,#3315,.F.);
#588=ORIENTED_EDGE('',*,*,#3352,.F.);
#589=ORIENTED_EDGE('',*,*,#3271,.F.);
#590=ORIENTED_EDGE('',*,*,#3386,.F.);
#591=ORIENTED_EDGE('',*,*,#3287,.F.);
#592=ORIENTED_EDGE('',*,*,#3354,.F.);
#593=ORIENTED_EDGE('',*,*,#3066,.F.);
#594=ORIENTED_EDGE('',*,*,#3387,.F.);
#595=ORIENTED_EDGE('',*,*,#3076,.F.);
#596=ORIENTED_EDGE('',*,*,#3357,.F.);
#597=ORIENTED_EDGE('',*,*,#3388,.F.);
#598=ORIENTED_EDGE('',*,*,#3389,.F.);
#599=ORIENTED_EDGE('',*,*,#3325,.F.);
#600=ORIENTED_EDGE('',*,*,#3390,.F.);
#601=ORIENTED_EDGE('',*,*,#3335,.F.);
#602=ORIENTED_EDGE('',*,*,#3391,.F.);
#603=ORIENTED_EDGE('',*,*,#3392,.F.);
#604=ORIENTED_EDGE('',*,*,#3370,.F.);
#605=ORIENTED_EDGE('',*,*,#3048,.F.);
#606=ORIENTED_EDGE('',*,*,#3393,.F.);
#607=ORIENTED_EDGE('',*,*,#3058,.F.);
#608=ORIENTED_EDGE('',*,*,#3374,.F.);
#609=ORIENTED_EDGE('',*,*,#3215,.F.);
#610=ORIENTED_EDGE('',*,*,#3394,.F.);
#611=ORIENTED_EDGE('',*,*,#3231,.F.);
#612=ORIENTED_EDGE('',*,*,#3376,.F.);
#613=ORIENTED_EDGE('',*,*,#3187,.F.);
#614=ORIENTED_EDGE('',*,*,#3395,.F.);
#615=ORIENTED_EDGE('',*,*,#3203,.F.);
#616=ORIENTED_EDGE('',*,*,#3378,.F.);
#617=ORIENTED_EDGE('',*,*,#3159,.F.);
#618=ORIENTED_EDGE('',*,*,#3396,.F.);
#619=ORIENTED_EDGE('',*,*,#3175,.F.);
#620=ORIENTED_EDGE('',*,*,#3381,.F.);
#621=ORIENTED_EDGE('',*,*,#3397,.F.);
#622=ORIENTED_EDGE('',*,*,#3107,.F.);
#623=ORIENTED_EDGE('',*,*,#3103,.T.);
#624=ORIENTED_EDGE('',*,*,#3398,.T.);
#625=ORIENTED_EDGE('',*,*,#3119,.F.);
#626=ORIENTED_EDGE('',*,*,#3399,.F.);
#627=ORIENTED_EDGE('',*,*,#3400,.F.);
#628=ORIENTED_EDGE('',*,*,#3367,.F.);
#629=ORIENTED_EDGE('',*,*,#3165,.F.);
#630=ORIENTED_EDGE('',*,*,#3401,.T.);
#631=ORIENTED_EDGE('',*,*,#3157,.F.);
#632=ORIENTED_EDGE('',*,*,#3365,.F.);
#633=ORIENTED_EDGE('',*,*,#3193,.F.);
#634=ORIENTED_EDGE('',*,*,#3402,.T.);
#635=ORIENTED_EDGE('',*,*,#3185,.F.);
#636=ORIENTED_EDGE('',*,*,#3363,.F.);
#637=ORIENTED_EDGE('',*,*,#3221,.F.);
#638=ORIENTED_EDGE('',*,*,#3403,.T.);
#639=ORIENTED_EDGE('',*,*,#3213,.F.);
#640=ORIENTED_EDGE('',*,*,#3361,.F.);
#641=ORIENTED_EDGE('',*,*,#3243,.F.);
#642=ORIENTED_EDGE('',*,*,#3404,.T.);
#643=ORIENTED_EDGE('',*,*,#3241,.F.);
#644=ORIENTED_EDGE('',*,*,#3360,.F.);
#645=ORIENTED_EDGE('',*,*,#3405,.F.);
#646=ORIENTED_EDGE('',*,*,#3406,.F.);
#647=ORIENTED_EDGE('',*,*,#3329,.F.);
#648=ORIENTED_EDGE('',*,*,#3407,.T.);
#649=ORIENTED_EDGE('',*,*,#3323,.F.);
#650=ORIENTED_EDGE('',*,*,#3408,.F.);
#651=ORIENTED_EDGE('',*,*,#3409,.F.);
#652=ORIENTED_EDGE('',*,*,#3346,.F.);
#653=ORIENTED_EDGE('',*,*,#3257,.F.);
#654=ORIENTED_EDGE('',*,*,#3410,.T.);
#655=ORIENTED_EDGE('',*,*,#3255,.F.);
#656=ORIENTED_EDGE('',*,*,#3344,.F.);
#657=ORIENTED_EDGE('',*,*,#3277,.F.);
#658=ORIENTED_EDGE('',*,*,#3411,.T.);
#659=ORIENTED_EDGE('',*,*,#3269,.F.);
#660=ORIENTED_EDGE('',*,*,#3342,.F.);
#661=ORIENTED_EDGE('',*,*,#3305,.F.);
#662=ORIENTED_EDGE('',*,*,#3412,.T.);
#663=ORIENTED_EDGE('',*,*,#3297,.F.);
#664=ORIENTED_EDGE('',*,*,#3341,.F.);
#665=ORIENTED_EDGE('',*,*,#3137,.F.);
#666=ORIENTED_EDGE('',*,*,#3413,.T.);
#667=ORIENTED_EDGE('',*,*,#3129,.F.);
#668=ORIENTED_EDGE('',*,*,#3414,.F.);
#669=ORIENTED_EDGE('',*,*,#3415,.F.);
#670=ORIENTED_EDGE('',*,*,#3416,.F.);
#671=ORIENTED_EDGE('',*,*,#3111,.F.);
#672=ORIENTED_EDGE('',*,*,#3417,.T.);
#673=ORIENTED_EDGE('',*,*,#3101,.T.);
#674=ORIENTED_EDGE('',*,*,#3128,.F.);
#675=ORIENTED_EDGE('',*,*,#3418,.F.);
#676=ORIENTED_EDGE('',*,*,#3419,.T.);
#677=ORIENTED_EDGE('',*,*,#3414,.T.);
#678=ORIENTED_EDGE('',*,*,#3132,.F.);
#679=ORIENTED_EDGE('',*,*,#3383,.T.);
#680=ORIENTED_EDGE('',*,*,#3420,.F.);
#681=ORIENTED_EDGE('',*,*,#3421,.F.);
#682=ORIENTED_EDGE('',*,*,#3422,.F.);
#683=ORIENTED_EDGE('',*,*,#3423,.F.);
#684=ORIENTED_EDGE('',*,*,#3424,.F.);
#685=ORIENTED_EDGE('',*,*,#3425,.F.);
#686=ORIENTED_EDGE('',*,*,#3426,.F.);
#687=ORIENTED_EDGE('',*,*,#3427,.F.);
#688=ORIENTED_EDGE('',*,*,#3428,.F.);
#689=ORIENTED_EDGE('',*,*,#3429,.F.);
#690=ORIENTED_EDGE('',*,*,#3430,.F.);
#691=ORIENTED_EDGE('',*,*,#3431,.F.);
#692=ORIENTED_EDGE('',*,*,#3432,.F.);
#693=ORIENTED_EDGE('',*,*,#3433,.F.);
#694=ORIENTED_EDGE('',*,*,#3434,.F.);
#695=ORIENTED_EDGE('',*,*,#3435,.F.);
#696=ORIENTED_EDGE('',*,*,#3436,.F.);
#697=ORIENTED_EDGE('',*,*,#3437,.F.);
#698=ORIENTED_EDGE('',*,*,#3438,.F.);
#699=ORIENTED_EDGE('',*,*,#3439,.F.);
#700=ORIENTED_EDGE('',*,*,#3440,.F.);
#701=ORIENTED_EDGE('',*,*,#3441,.F.);
#702=ORIENTED_EDGE('',*,*,#3442,.F.);
#703=ORIENTED_EDGE('',*,*,#3443,.F.);
#704=ORIENTED_EDGE('',*,*,#3444,.F.);
#705=ORIENTED_EDGE('',*,*,#3445,.F.);
#706=ORIENTED_EDGE('',*,*,#3446,.F.);
#707=ORIENTED_EDGE('',*,*,#3447,.F.);
#708=ORIENTED_EDGE('',*,*,#3448,.F.);
#709=ORIENTED_EDGE('',*,*,#3449,.F.);
#710=ORIENTED_EDGE('',*,*,#3450,.F.);
#711=ORIENTED_EDGE('',*,*,#3451,.F.);
#712=ORIENTED_EDGE('',*,*,#3452,.F.);
#713=ORIENTED_EDGE('',*,*,#3453,.F.);
#714=ORIENTED_EDGE('',*,*,#3454,.F.);
#715=ORIENTED_EDGE('',*,*,#3455,.F.);
#716=ORIENTED_EDGE('',*,*,#3456,.F.);
#717=ORIENTED_EDGE('',*,*,#3457,.F.);
#718=ORIENTED_EDGE('',*,*,#3458,.F.);
#719=ORIENTED_EDGE('',*,*,#3459,.F.);
#720=ORIENTED_EDGE('',*,*,#3460,.F.);
#721=ORIENTED_EDGE('',*,*,#3461,.F.);
#722=ORIENTED_EDGE('',*,*,#3462,.F.);
#723=ORIENTED_EDGE('',*,*,#3463,.F.);
#724=ORIENTED_EDGE('',*,*,#3464,.F.);
#725=ORIENTED_EDGE('',*,*,#3465,.F.);
#726=ORIENTED_EDGE('',*,*,#3466,.F.);
#727=ORIENTED_EDGE('',*,*,#3467,.F.);
#728=ORIENTED_EDGE('',*,*,#3468,.F.);
#729=ORIENTED_EDGE('',*,*,#3469,.F.);
#730=ORIENTED_EDGE('',*,*,#3470,.F.);
#731=ORIENTED_EDGE('',*,*,#3471,.F.);
#732=ORIENTED_EDGE('',*,*,#3472,.F.);
#733=ORIENTED_EDGE('',*,*,#3473,.F.);
#734=ORIENTED_EDGE('',*,*,#3474,.F.);
#735=ORIENTED_EDGE('',*,*,#3475,.F.);
#736=ORIENTED_EDGE('',*,*,#3476,.F.);
#737=ORIENTED_EDGE('',*,*,#3477,.F.);
#738=ORIENTED_EDGE('',*,*,#3478,.F.);
#739=ORIENTED_EDGE('',*,*,#3479,.F.);
#740=ORIENTED_EDGE('',*,*,#3480,.F.);
#741=ORIENTED_EDGE('',*,*,#3481,.F.);
#742=ORIENTED_EDGE('',*,*,#3482,.F.);
#743=ORIENTED_EDGE('',*,*,#3483,.F.);
#744=ORIENTED_EDGE('',*,*,#3484,.F.);
#745=ORIENTED_EDGE('',*,*,#3485,.F.);
#746=ORIENTED_EDGE('',*,*,#3486,.F.);
#747=ORIENTED_EDGE('',*,*,#3487,.F.);
#748=ORIENTED_EDGE('',*,*,#3488,.F.);
#749=ORIENTED_EDGE('',*,*,#3489,.F.);
#750=ORIENTED_EDGE('',*,*,#3490,.F.);
#751=ORIENTED_EDGE('',*,*,#3491,.F.);
#752=ORIENTED_EDGE('',*,*,#3492,.F.);
#753=ORIENTED_EDGE('',*,*,#3493,.F.);
#754=ORIENTED_EDGE('',*,*,#3494,.F.);
#755=ORIENTED_EDGE('',*,*,#3495,.F.);
#756=ORIENTED_EDGE('',*,*,#3496,.F.);
#757=ORIENTED_EDGE('',*,*,#3497,.F.);
#758=ORIENTED_EDGE('',*,*,#3498,.F.);
#759=ORIENTED_EDGE('',*,*,#3499,.F.);
#760=ORIENTED_EDGE('',*,*,#3500,.F.);
#761=ORIENTED_EDGE('',*,*,#3501,.F.);
#762=ORIENTED_EDGE('',*,*,#3502,.F.);
#763=ORIENTED_EDGE('',*,*,#3503,.F.);
#764=ORIENTED_EDGE('',*,*,#3504,.F.);
#765=ORIENTED_EDGE('',*,*,#3505,.F.);
#766=ORIENTED_EDGE('',*,*,#3506,.F.);
#767=ORIENTED_EDGE('',*,*,#3507,.F.);
#768=ORIENTED_EDGE('',*,*,#3050,.T.);
#769=ORIENTED_EDGE('',*,*,#3372,.T.);
#770=ORIENTED_EDGE('',*,*,#3508,.T.);
#771=ORIENTED_EDGE('',*,*,#3509,.T.);
#772=ORIENTED_EDGE('',*,*,#3510,.T.);
#773=ORIENTED_EDGE('',*,*,#3355,.T.);
#774=ORIENTED_EDGE('',*,*,#3074,.T.);
#775=ORIENTED_EDGE('',*,*,#3121,.T.);
#776=ORIENTED_EDGE('',*,*,#3068,.T.);
#777=ORIENTED_EDGE('',*,*,#3353,.T.);
#778=ORIENTED_EDGE('',*,*,#3285,.T.);
#779=ORIENTED_EDGE('',*,*,#3511,.T.);
#780=ORIENTED_EDGE('',*,*,#3273,.T.);
#781=ORIENTED_EDGE('',*,*,#3351,.T.);
#782=ORIENTED_EDGE('',*,*,#3313,.T.);
#783=ORIENTED_EDGE('',*,*,#3512,.T.);
#784=ORIENTED_EDGE('',*,*,#3301,.T.);
#785=ORIENTED_EDGE('',*,*,#3350,.T.);
#786=ORIENTED_EDGE('',*,*,#3145,.T.);
#787=ORIENTED_EDGE('',*,*,#3513,.T.);
#788=ORIENTED_EDGE('',*,*,#3133,.T.);
#789=ORIENTED_EDGE('',*,*,#3421,.T.);
#790=ORIENTED_EDGE('',*,*,#3514,.T.);
#791=ORIENTED_EDGE('',*,*,#3095,.T.);
#792=ORIENTED_EDGE('',*,*,#3100,.T.);
#793=ORIENTED_EDGE('',*,*,#3515,.T.);
#794=ORIENTED_EDGE('',*,*,#3516,.T.);
#795=ORIENTED_EDGE('',*,*,#3418,.T.);
#796=ORIENTED_EDGE('',*,*,#3127,.T.);
#797=ORIENTED_EDGE('',*,*,#3517,.T.);
#798=ORIENTED_EDGE('',*,*,#3139,.T.);
#799=ORIENTED_EDGE('',*,*,#3340,.T.);
#800=ORIENTED_EDGE('',*,*,#3295,.T.);
#801=ORIENTED_EDGE('',*,*,#3518,.T.);
#802=ORIENTED_EDGE('',*,*,#3307,.T.);
#803=ORIENTED_EDGE('',*,*,#3343,.T.);
#804=ORIENTED_EDGE('',*,*,#3267,.T.);
#805=ORIENTED_EDGE('',*,*,#3519,.T.);
#806=ORIENTED_EDGE('',*,*,#3279,.T.);
#807=ORIENTED_EDGE('',*,*,#3345,.T.);
#808=ORIENTED_EDGE('',*,*,#3253,.T.);
#809=ORIENTED_EDGE('',*,*,#3520,.T.);
#810=ORIENTED_EDGE('',*,*,#3259,.T.);
#811=ORIENTED_EDGE('',*,*,#3348,.T.);
#812=ORIENTED_EDGE('',*,*,#3521,.T.);
#813=ORIENTED_EDGE('',*,*,#3522,.T.);
#814=ORIENTED_EDGE('',*,*,#3523,.T.);
#815=ORIENTED_EDGE('',*,*,#3358,.T.);
#816=ORIENTED_EDGE('',*,*,#3239,.T.);
#817=ORIENTED_EDGE('',*,*,#3524,.T.);
#818=ORIENTED_EDGE('',*,*,#3245,.T.);
#819=ORIENTED_EDGE('',*,*,#3362,.T.);
#820=ORIENTED_EDGE('',*,*,#3211,.T.);
#821=ORIENTED_EDGE('',*,*,#3525,.T.);
#822=ORIENTED_EDGE('',*,*,#3223,.T.);
#823=ORIENTED_EDGE('',*,*,#3364,.T.);
#824=ORIENTED_EDGE('',*,*,#3183,.T.);
#825=ORIENTED_EDGE('',*,*,#3526,.T.);
#826=ORIENTED_EDGE('',*,*,#3195,.T.);
#827=ORIENTED_EDGE('',*,*,#3366,.T.);
#828=ORIENTED_EDGE('',*,*,#3155,.T.);
#829=ORIENTED_EDGE('',*,*,#3527,.T.);
#830=ORIENTED_EDGE('',*,*,#3167,.T.);
#831=ORIENTED_EDGE('',*,*,#3369,.T.);
#832=ORIENTED_EDGE('',*,*,#3528,.T.);
#833=ORIENTED_EDGE('',*,*,#3529,.T.);
#834=ORIENTED_EDGE('',*,*,#3105,.T.);
#835=ORIENTED_EDGE('',*,*,#3109,.T.);
#836=ORIENTED_EDGE('',*,*,#3530,.T.);
#837=ORIENTED_EDGE('',*,*,#3379,.T.);
#838=ORIENTED_EDGE('',*,*,#3173,.T.);
#839=ORIENTED_EDGE('',*,*,#3531,.T.);
#840=ORIENTED_EDGE('',*,*,#3161,.T.);
#841=ORIENTED_EDGE('',*,*,#3377,.T.);
#842=ORIENTED_EDGE('',*,*,#3201,.T.);
#843=ORIENTED_EDGE('',*,*,#3532,.T.);
#844=ORIENTED_EDGE('',*,*,#3189,.T.);
#845=ORIENTED_EDGE('',*,*,#3375,.T.);
#846=ORIENTED_EDGE('',*,*,#3229,.T.);
#847=ORIENTED_EDGE('',*,*,#3533,.T.);
#848=ORIENTED_EDGE('',*,*,#3217,.T.);
#849=ORIENTED_EDGE('',*,*,#3373,.T.);
#850=ORIENTED_EDGE('',*,*,#3056,.T.);
#851=ORIENTED_EDGE('',*,*,#3123,.T.);
#852=ORIENTED_EDGE('',*,*,#3534,.F.);
#853=ORIENTED_EDGE('',*,*,#3535,.F.);
#854=ORIENTED_EDGE('',*,*,#3536,.F.);
#855=ORIENTED_EDGE('',*,*,#3537,.F.);
#856=ORIENTED_EDGE('',*,*,#3538,.F.);
#857=ORIENTED_EDGE('',*,*,#3539,.F.);
#858=ORIENTED_EDGE('',*,*,#3540,.F.);
#859=ORIENTED_EDGE('',*,*,#3541,.F.);
#860=ORIENTED_EDGE('',*,*,#3542,.T.);
#861=ORIENTED_EDGE('',*,*,#3543,.F.);
#862=ORIENTED_EDGE('',*,*,#3544,.F.);
#863=ORIENTED_EDGE('',*,*,#3545,.T.);
#864=ORIENTED_EDGE('',*,*,#3408,.T.);
#865=ORIENTED_EDGE('',*,*,#3322,.T.);
#866=ORIENTED_EDGE('',*,*,#3337,.T.);
#867=ORIENTED_EDGE('',*,*,#3330,.F.);
#868=ORIENTED_EDGE('',*,*,#3406,.T.);
#869=ORIENTED_EDGE('',*,*,#3099,.T.);
#870=ORIENTED_EDGE('',*,*,#3116,.T.);
#871=ORIENTED_EDGE('',*,*,#3112,.F.);
#872=ORIENTED_EDGE('',*,*,#3416,.T.);
#873=ORIENTED_EDGE('',*,*,#3546,.F.);
#874=ORIENTED_EDGE('',*,*,#3515,.F.);
#875=ORIENTED_EDGE('',*,*,#3415,.T.);
#876=ORIENTED_EDGE('',*,*,#3419,.F.);
#877=ORIENTED_EDGE('',*,*,#3516,.F.);
#878=ORIENTED_EDGE('',*,*,#3546,.T.);
#879=ORIENTED_EDGE('',*,*,#3347,.T.);
#880=ORIENTED_EDGE('',*,*,#3409,.T.);
#881=ORIENTED_EDGE('',*,*,#3545,.F.);
#882=ORIENTED_EDGE('',*,*,#3547,.F.);
#883=ORIENTED_EDGE('',*,*,#3548,.F.);
#884=ORIENTED_EDGE('',*,*,#3549,.F.);
#885=ORIENTED_EDGE('',*,*,#3521,.F.);
#886=ORIENTED_EDGE('',*,*,#3523,.F.);
#887=ORIENTED_EDGE('',*,*,#3550,.T.);
#888=ORIENTED_EDGE('',*,*,#3551,.T.);
#889=ORIENTED_EDGE('',*,*,#3552,.T.);
#890=ORIENTED_EDGE('',*,*,#3543,.T.);
#891=ORIENTED_EDGE('',*,*,#3405,.T.);
#892=ORIENTED_EDGE('',*,*,#3359,.F.);
#893=ORIENTED_EDGE('',*,*,#3400,.T.);
#894=ORIENTED_EDGE('',*,*,#3553,.F.);
#895=ORIENTED_EDGE('',*,*,#3528,.F.);
#896=ORIENTED_EDGE('',*,*,#3368,.T.);
#897=ORIENTED_EDGE('',*,*,#3399,.T.);
#898=ORIENTED_EDGE('',*,*,#3118,.T.);
#899=ORIENTED_EDGE('',*,*,#3091,.T.);
#900=ORIENTED_EDGE('',*,*,#3106,.F.);
#901=ORIENTED_EDGE('',*,*,#3529,.F.);
#902=ORIENTED_EDGE('',*,*,#3553,.T.);
#903=ORIENTED_EDGE('',*,*,#3397,.T.);
#904=ORIENTED_EDGE('',*,*,#3380,.F.);
#905=ORIENTED_EDGE('',*,*,#3530,.F.);
#906=ORIENTED_EDGE('',*,*,#3108,.T.);
#907=ORIENTED_EDGE('',*,*,#3392,.T.);
#908=ORIENTED_EDGE('',*,*,#3554,.F.);
#909=ORIENTED_EDGE('',*,*,#3508,.F.);
#910=ORIENTED_EDGE('',*,*,#3371,.T.);
#911=ORIENTED_EDGE('',*,*,#3326,.F.);
#912=ORIENTED_EDGE('',*,*,#3389,.T.);
#913=ORIENTED_EDGE('',*,*,#3555,.F.);
#914=ORIENTED_EDGE('',*,*,#3509,.F.);
#915=ORIENTED_EDGE('',*,*,#3554,.T.);
#916=ORIENTED_EDGE('',*,*,#3391,.T.);
#917=ORIENTED_EDGE('',*,*,#3334,.T.);
#918=ORIENTED_EDGE('',*,*,#3339,.T.);
#919=ORIENTED_EDGE('',*,*,#3388,.T.);
#920=ORIENTED_EDGE('',*,*,#3356,.F.);
#921=ORIENTED_EDGE('',*,*,#3510,.F.);
#922=ORIENTED_EDGE('',*,*,#3555,.T.);
#923=ORIENTED_EDGE('',*,*,#3382,.T.);
#924=ORIENTED_EDGE('',*,*,#3096,.F.);
#925=ORIENTED_EDGE('',*,*,#3514,.F.);
#926=ORIENTED_EDGE('',*,*,#3420,.T.);
#927=ORIENTED_EDGE('',*,*,#3547,.T.);
#928=ORIENTED_EDGE('',*,*,#3544,.T.);
#929=ORIENTED_EDGE('',*,*,#3552,.F.);
#930=ORIENTED_EDGE('',*,*,#3556,.T.);
#931=ORIENTED_EDGE('',*,*,#3548,.T.);
#932=ORIENTED_EDGE('',*,*,#3556,.F.);
#933=ORIENTED_EDGE('',*,*,#3551,.F.);
#934=ORIENTED_EDGE('',*,*,#3557,.T.);
#935=ORIENTED_EDGE('',*,*,#3549,.T.);
#936=ORIENTED_EDGE('',*,*,#3557,.F.);
#937=ORIENTED_EDGE('',*,*,#3550,.F.);
#938=ORIENTED_EDGE('',*,*,#3522,.F.);
#939=ORIENTED_EDGE('',*,*,#3558,.T.);
#940=ORIENTED_EDGE('',*,*,#3542,.F.);
#941=ORIENTED_EDGE('',*,*,#3114,.T.);
#942=ORIENTED_EDGE('',*,*,#3558,.F.);
#943=ORIENTED_EDGE('',*,*,#3081,.F.);
#944=ORIENTED_EDGE('',*,*,#3559,.F.);
#945=ORIENTED_EDGE('',*,*,#3535,.T.);
#946=ORIENTED_EDGE('',*,*,#3560,.T.);
#947=ORIENTED_EDGE('',*,*,#3082,.F.);
#948=ORIENTED_EDGE('',*,*,#3560,.F.);
#949=ORIENTED_EDGE('',*,*,#3534,.T.);
#950=ORIENTED_EDGE('',*,*,#3561,.T.);
#951=ORIENTED_EDGE('',*,*,#3083,.F.);
#952=ORIENTED_EDGE('',*,*,#3561,.F.);
#953=ORIENTED_EDGE('',*,*,#3541,.T.);
#954=ORIENTED_EDGE('',*,*,#3562,.T.);
#955=ORIENTED_EDGE('',*,*,#3084,.F.);
#956=ORIENTED_EDGE('',*,*,#3562,.F.);
#957=ORIENTED_EDGE('',*,*,#3540,.T.);
#958=ORIENTED_EDGE('',*,*,#3563,.T.);
#959=ORIENTED_EDGE('',*,*,#3085,.F.);
#960=ORIENTED_EDGE('',*,*,#3563,.F.);
#961=ORIENTED_EDGE('',*,*,#3539,.T.);
#962=ORIENTED_EDGE('',*,*,#3564,.T.);
#963=ORIENTED_EDGE('',*,*,#3086,.F.);
#964=ORIENTED_EDGE('',*,*,#3564,.F.);
#965=ORIENTED_EDGE('',*,*,#3538,.T.);
#966=ORIENTED_EDGE('',*,*,#3565,.T.);
#967=ORIENTED_EDGE('',*,*,#3087,.F.);
#968=ORIENTED_EDGE('',*,*,#3565,.F.);
#969=ORIENTED_EDGE('',*,*,#3537,.T.);
#970=ORIENTED_EDGE('',*,*,#3566,.T.);
#971=ORIENTED_EDGE('',*,*,#3088,.F.);
#972=ORIENTED_EDGE('',*,*,#3566,.F.);
#973=ORIENTED_EDGE('',*,*,#3536,.T.);
#974=ORIENTED_EDGE('',*,*,#3559,.T.);
#975=ORIENTED_EDGE('',*,*,#3149,.T.);
#976=ORIENTED_EDGE('',*,*,#3140,.F.);
#977=ORIENTED_EDGE('',*,*,#3517,.F.);
#978=ORIENTED_EDGE('',*,*,#3126,.T.);
#979=ORIENTED_EDGE('',*,*,#3151,.T.);
#980=ORIENTED_EDGE('',*,*,#3134,.F.);
#981=ORIENTED_EDGE('',*,*,#3513,.F.);
#982=ORIENTED_EDGE('',*,*,#3144,.T.);
#983=ORIENTED_EDGE('',*,*,#3177,.T.);
#984=ORIENTED_EDGE('',*,*,#3168,.F.);
#985=ORIENTED_EDGE('',*,*,#3527,.F.);
#986=ORIENTED_EDGE('',*,*,#3154,.T.);
#987=ORIENTED_EDGE('',*,*,#3179,.T.);
#988=ORIENTED_EDGE('',*,*,#3162,.F.);
#989=ORIENTED_EDGE('',*,*,#3531,.F.);
#990=ORIENTED_EDGE('',*,*,#3172,.T.);
#991=ORIENTED_EDGE('',*,*,#3205,.T.);
#992=ORIENTED_EDGE('',*,*,#3196,.F.);
#993=ORIENTED_EDGE('',*,*,#3526,.F.);
#994=ORIENTED_EDGE('',*,*,#3182,.T.);
#995=ORIENTED_EDGE('',*,*,#3207,.T.);
#996=ORIENTED_EDGE('',*,*,#3190,.F.);
#997=ORIENTED_EDGE('',*,*,#3532,.F.);
#998=ORIENTED_EDGE('',*,*,#3200,.T.);
#999=ORIENTED_EDGE('',*,*,#3233,.T.);
#1000=ORIENTED_EDGE('',*,*,#3224,.F.);
#1001=ORIENTED_EDGE('',*,*,#3525,.F.);
#1002=ORIENTED_EDGE('',*,*,#3210,.T.);
#1003=ORIENTED_EDGE('',*,*,#3235,.T.);
#1004=ORIENTED_EDGE('',*,*,#3218,.F.);
#1005=ORIENTED_EDGE('',*,*,#3533,.F.);
#1006=ORIENTED_EDGE('',*,*,#3228,.T.);
#1007=ORIENTED_EDGE('',*,*,#3249,.T.);
#1008=ORIENTED_EDGE('',*,*,#3246,.F.);
#1009=ORIENTED_EDGE('',*,*,#3524,.F.);
#1010=ORIENTED_EDGE('',*,*,#3238,.T.);
#1011=ORIENTED_EDGE('',*,*,#3263,.T.);
#1012=ORIENTED_EDGE('',*,*,#3260,.F.);
#1013=ORIENTED_EDGE('',*,*,#3520,.F.);
#1014=ORIENTED_EDGE('',*,*,#3252,.T.);
#1015=ORIENTED_EDGE('',*,*,#3289,.T.);
#1016=ORIENTED_EDGE('',*,*,#3280,.F.);
#1017=ORIENTED_EDGE('',*,*,#3519,.F.);
#1018=ORIENTED_EDGE('',*,*,#3266,.T.);
#1019=ORIENTED_EDGE('',*,*,#3291,.T.);
#1020=ORIENTED_EDGE('',*,*,#3274,.F.);
#1021=ORIENTED_EDGE('',*,*,#3511,.F.);
#1022=ORIENTED_EDGE('',*,*,#3284,.T.);
#1023=ORIENTED_EDGE('',*,*,#3317,.T.);
#1024=ORIENTED_EDGE('',*,*,#3308,.F.);
#1025=ORIENTED_EDGE('',*,*,#3518,.F.);
#1026=ORIENTED_EDGE('',*,*,#3294,.T.);
#1027=ORIENTED_EDGE('',*,*,#3319,.T.);
#1028=ORIENTED_EDGE('',*,*,#3302,.F.);
#1029=ORIENTED_EDGE('',*,*,#3512,.F.);
#1030=ORIENTED_EDGE('',*,*,#3312,.T.);
#1031=ORIENTED_EDGE('',*,*,#3324,.T.);
#1032=ORIENTED_EDGE('',*,*,#3338,.T.);
#1033=ORIENTED_EDGE('',*,*,#3332,.T.);
#1034=ORIENTED_EDGE('',*,*,#3390,.T.);
#1035=ORIENTED_EDGE('',*,*,#3320,.T.);
#1036=ORIENTED_EDGE('',*,*,#3407,.F.);
#1037=ORIENTED_EDGE('',*,*,#3328,.T.);
#1038=ORIENTED_EDGE('',*,*,#3336,.T.);
#1039=ORIENTED_EDGE('',*,*,#3298,.T.);
#1040=ORIENTED_EDGE('',*,*,#3318,.T.);
#1041=ORIENTED_EDGE('',*,*,#3310,.T.);
#1042=ORIENTED_EDGE('',*,*,#3385,.T.);
#1043=ORIENTED_EDGE('',*,*,#3292,.T.);
#1044=ORIENTED_EDGE('',*,*,#3412,.F.);
#1045=ORIENTED_EDGE('',*,*,#3304,.T.);
#1046=ORIENTED_EDGE('',*,*,#3316,.T.);
#1047=ORIENTED_EDGE('',*,*,#3270,.T.);
#1048=ORIENTED_EDGE('',*,*,#3290,.T.);
#1049=ORIENTED_EDGE('',*,*,#3282,.T.);
#1050=ORIENTED_EDGE('',*,*,#3386,.T.);
#1051=ORIENTED_EDGE('',*,*,#3264,.T.);
#1052=ORIENTED_EDGE('',*,*,#3411,.F.);
#1053=ORIENTED_EDGE('',*,*,#3276,.T.);
#1054=ORIENTED_EDGE('',*,*,#3288,.T.);
#1055=ORIENTED_EDGE('',*,*,#3065,.T.);
#1056=ORIENTED_EDGE('',*,*,#3080,.T.);
#1057=ORIENTED_EDGE('',*,*,#3077,.T.);
#1058=ORIENTED_EDGE('',*,*,#3387,.T.);
#1059=ORIENTED_EDGE('',*,*,#3250,.T.);
#1060=ORIENTED_EDGE('',*,*,#3410,.F.);
#1061=ORIENTED_EDGE('',*,*,#3256,.T.);
#1062=ORIENTED_EDGE('',*,*,#3262,.T.);
#1063=ORIENTED_EDGE('',*,*,#3047,.T.);
#1064=ORIENTED_EDGE('',*,*,#3062,.T.);
#1065=ORIENTED_EDGE('',*,*,#3059,.T.);
#1066=ORIENTED_EDGE('',*,*,#3393,.T.);
#1067=ORIENTED_EDGE('',*,*,#3236,.T.);
#1068=ORIENTED_EDGE('',*,*,#3404,.F.);
#1069=ORIENTED_EDGE('',*,*,#3242,.T.);
#1070=ORIENTED_EDGE('',*,*,#3248,.T.);
#1071=ORIENTED_EDGE('',*,*,#3214,.T.);
#1072=ORIENTED_EDGE('',*,*,#3234,.T.);
#1073=ORIENTED_EDGE('',*,*,#3226,.T.);
#1074=ORIENTED_EDGE('',*,*,#3394,.T.);
#1075=ORIENTED_EDGE('',*,*,#3208,.T.);
#1076=ORIENTED_EDGE('',*,*,#3403,.F.);
#1077=ORIENTED_EDGE('',*,*,#3220,.T.);
#1078=ORIENTED_EDGE('',*,*,#3232,.T.);
#1079=ORIENTED_EDGE('',*,*,#3186,.T.);
#1080=ORIENTED_EDGE('',*,*,#3206,.T.);
#1081=ORIENTED_EDGE('',*,*,#3198,.T.);
#1082=ORIENTED_EDGE('',*,*,#3395,.T.);
#1083=ORIENTED_EDGE('',*,*,#3180,.T.);
#1084=ORIENTED_EDGE('',*,*,#3402,.F.);
#1085=ORIENTED_EDGE('',*,*,#3192,.T.);
#1086=ORIENTED_EDGE('',*,*,#3204,.T.);
#1087=ORIENTED_EDGE('',*,*,#3158,.T.);
#1088=ORIENTED_EDGE('',*,*,#3178,.T.);
#1089=ORIENTED_EDGE('',*,*,#3170,.T.);
#1090=ORIENTED_EDGE('',*,*,#3396,.T.);
#1091=ORIENTED_EDGE('',*,*,#3152,.T.);
#1092=ORIENTED_EDGE('',*,*,#3401,.F.);
#1093=ORIENTED_EDGE('',*,*,#3164,.T.);
#1094=ORIENTED_EDGE('',*,*,#3176,.T.);
#1095=ORIENTED_EDGE('',*,*,#3124,.T.);
#1096=ORIENTED_EDGE('',*,*,#3413,.F.);
#1097=ORIENTED_EDGE('',*,*,#3136,.T.);
#1098=ORIENTED_EDGE('',*,*,#3148,.T.);
#1099=ORIENTED_EDGE('',*,*,#3130,.T.);
#1100=ORIENTED_EDGE('',*,*,#3150,.T.);
#1101=ORIENTED_EDGE('',*,*,#3142,.T.);
#1102=ORIENTED_EDGE('',*,*,#3384,.T.);
#1103=ORIENTED_EDGE('',*,*,#3052,.T.);
#1104=ORIENTED_EDGE('',*,*,#3122,.T.);
#1105=ORIENTED_EDGE('',*,*,#3054,.T.);
#1106=ORIENTED_EDGE('',*,*,#3567,.T.);
#1107=ORIENTED_EDGE('',*,*,#3045,.T.);
#1108=ORIENTED_EDGE('',*,*,#3567,.F.);
#1109=ORIENTED_EDGE('',*,*,#3053,.T.);
#1110=ORIENTED_EDGE('',*,*,#3061,.T.);
#1111=ORIENTED_EDGE('',*,*,#3070,.T.);
#1112=ORIENTED_EDGE('',*,*,#3120,.T.);
#1113=ORIENTED_EDGE('',*,*,#3072,.T.);
#1114=ORIENTED_EDGE('',*,*,#3568,.T.);
#1115=ORIENTED_EDGE('',*,*,#3063,.T.);
#1116=ORIENTED_EDGE('',*,*,#3568,.F.);
#1117=ORIENTED_EDGE('',*,*,#3071,.T.);
#1118=ORIENTED_EDGE('',*,*,#3079,.T.);
#1119=ORIENTED_EDGE('',*,*,#3102,.T.);
#1120=ORIENTED_EDGE('',*,*,#3089,.T.);
#1121=ORIENTED_EDGE('',*,*,#3117,.T.);
#1122=ORIENTED_EDGE('',*,*,#3398,.F.);
#1123=ORIENTED_EDGE('',*,*,#3097,.T.);
#1124=ORIENTED_EDGE('',*,*,#3417,.F.);
#1125=ORIENTED_EDGE('',*,*,#3110,.T.);
#1126=ORIENTED_EDGE('',*,*,#3115,.T.);
#1127=ORIENTED_EDGE('',*,*,#3503,.T.);
#1128=ORIENTED_EDGE('',*,*,#3569,.F.);
#1129=ORIENTED_EDGE('',*,*,#3570,.F.);
#1130=ORIENTED_EDGE('',*,*,#3571,.T.);
#1131=ORIENTED_EDGE('',*,*,#3507,.T.);
#1132=ORIENTED_EDGE('',*,*,#3572,.F.);
#1133=ORIENTED_EDGE('',*,*,#3573,.F.);
#1134=ORIENTED_EDGE('',*,*,#3569,.T.);
#1135=ORIENTED_EDGE('',*,*,#3506,.T.);
#1136=ORIENTED_EDGE('',*,*,#3574,.F.);
#1137=ORIENTED_EDGE('',*,*,#3575,.F.);
#1138=ORIENTED_EDGE('',*,*,#3572,.T.);
#1139=ORIENTED_EDGE('',*,*,#3505,.T.);
#1140=ORIENTED_EDGE('',*,*,#3576,.F.);
#1141=ORIENTED_EDGE('',*,*,#3577,.F.);
#1142=ORIENTED_EDGE('',*,*,#3574,.T.);
#1143=ORIENTED_EDGE('',*,*,#3504,.T.);
#1144=ORIENTED_EDGE('',*,*,#3571,.F.);
#1145=ORIENTED_EDGE('',*,*,#3578,.F.);
#1146=ORIENTED_EDGE('',*,*,#3576,.T.);
#1147=ORIENTED_EDGE('',*,*,#3570,.T.);
#1148=ORIENTED_EDGE('',*,*,#3573,.T.);
#1149=ORIENTED_EDGE('',*,*,#3575,.T.);
#1150=ORIENTED_EDGE('',*,*,#3577,.T.);
#1151=ORIENTED_EDGE('',*,*,#3578,.T.);
#1152=ORIENTED_EDGE('',*,*,#3498,.T.);
#1153=ORIENTED_EDGE('',*,*,#3579,.F.);
#1154=ORIENTED_EDGE('',*,*,#3580,.F.);
#1155=ORIENTED_EDGE('',*,*,#3581,.T.);
#1156=ORIENTED_EDGE('',*,*,#3502,.T.);
#1157=ORIENTED_EDGE('',*,*,#3582,.F.);
#1158=ORIENTED_EDGE('',*,*,#3583,.F.);
#1159=ORIENTED_EDGE('',*,*,#3579,.T.);
#1160=ORIENTED_EDGE('',*,*,#3501,.T.);
#1161=ORIENTED_EDGE('',*,*,#3584,.F.);
#1162=ORIENTED_EDGE('',*,*,#3585,.F.);
#1163=ORIENTED_EDGE('',*,*,#3582,.T.);
#1164=ORIENTED_EDGE('',*,*,#3500,.T.);
#1165=ORIENTED_EDGE('',*,*,#3586,.F.);
#1166=ORIENTED_EDGE('',*,*,#3587,.F.);
#1167=ORIENTED_EDGE('',*,*,#3584,.T.);
#1168=ORIENTED_EDGE('',*,*,#3499,.T.);
#1169=ORIENTED_EDGE('',*,*,#3581,.F.);
#1170=ORIENTED_EDGE('',*,*,#3588,.F.);
#1171=ORIENTED_EDGE('',*,*,#3586,.T.);
#1172=ORIENTED_EDGE('',*,*,#3580,.T.);
#1173=ORIENTED_EDGE('',*,*,#3583,.T.);
#1174=ORIENTED_EDGE('',*,*,#3585,.T.);
#1175=ORIENTED_EDGE('',*,*,#3587,.T.);
#1176=ORIENTED_EDGE('',*,*,#3588,.T.);
#1177=ORIENTED_EDGE('',*,*,#3492,.T.);
#1178=ORIENTED_EDGE('',*,*,#3589,.F.);
#1179=ORIENTED_EDGE('',*,*,#3590,.F.);
#1180=ORIENTED_EDGE('',*,*,#3591,.T.);
#1181=ORIENTED_EDGE('',*,*,#3497,.T.);
#1182=ORIENTED_EDGE('',*,*,#3592,.F.);
#1183=ORIENTED_EDGE('',*,*,#3593,.F.);
#1184=ORIENTED_EDGE('',*,*,#3589,.T.);
#1185=ORIENTED_EDGE('',*,*,#3496,.T.);
#1186=ORIENTED_EDGE('',*,*,#3594,.F.);
#1187=ORIENTED_EDGE('',*,*,#3595,.F.);
#1188=ORIENTED_EDGE('',*,*,#3592,.T.);
#1189=ORIENTED_EDGE('',*,*,#3495,.T.);
#1190=ORIENTED_EDGE('',*,*,#3596,.F.);
#1191=ORIENTED_EDGE('',*,*,#3597,.F.);
#1192=ORIENTED_EDGE('',*,*,#3594,.T.);
#1193=ORIENTED_EDGE('',*,*,#3494,.T.);
#1194=ORIENTED_EDGE('',*,*,#3598,.F.);
#1195=ORIENTED_EDGE('',*,*,#3599,.F.);
#1196=ORIENTED_EDGE('',*,*,#3596,.T.);
#1197=ORIENTED_EDGE('',*,*,#3493,.T.);
#1198=ORIENTED_EDGE('',*,*,#3591,.F.);
#1199=ORIENTED_EDGE('',*,*,#3600,.F.);
#1200=ORIENTED_EDGE('',*,*,#3598,.T.);
#1201=ORIENTED_EDGE('',*,*,#3590,.T.);
#1202=ORIENTED_EDGE('',*,*,#3593,.T.);
#1203=ORIENTED_EDGE('',*,*,#3595,.T.);
#1204=ORIENTED_EDGE('',*,*,#3597,.T.);
#1205=ORIENTED_EDGE('',*,*,#3599,.T.);
#1206=ORIENTED_EDGE('',*,*,#3600,.T.);
#1207=ORIENTED_EDGE('',*,*,#3486,.T.);
#1208=ORIENTED_EDGE('',*,*,#3601,.F.);
#1209=ORIENTED_EDGE('',*,*,#3602,.F.);
#1210=ORIENTED_EDGE('',*,*,#3603,.T.);
#1211=ORIENTED_EDGE('',*,*,#3491,.T.);
#1212=ORIENTED_EDGE('',*,*,#3604,.F.);
#1213=ORIENTED_EDGE('',*,*,#3605,.F.);
#1214=ORIENTED_EDGE('',*,*,#3601,.T.);
#1215=ORIENTED_EDGE('',*,*,#3490,.T.);
#1216=ORIENTED_EDGE('',*,*,#3606,.F.);
#1217=ORIENTED_EDGE('',*,*,#3607,.F.);
#1218=ORIENTED_EDGE('',*,*,#3604,.T.);
#1219=ORIENTED_EDGE('',*,*,#3489,.T.);
#1220=ORIENTED_EDGE('',*,*,#3608,.F.);
#1221=ORIENTED_EDGE('',*,*,#3609,.F.);
#1222=ORIENTED_EDGE('',*,*,#3606,.T.);
#1223=ORIENTED_EDGE('',*,*,#3488,.T.);
#1224=ORIENTED_EDGE('',*,*,#3610,.F.);
#1225=ORIENTED_EDGE('',*,*,#3611,.F.);
#1226=ORIENTED_EDGE('',*,*,#3608,.T.);
#1227=ORIENTED_EDGE('',*,*,#3487,.T.);
#1228=ORIENTED_EDGE('',*,*,#3603,.F.);
#1229=ORIENTED_EDGE('',*,*,#3612,.F.);
#1230=ORIENTED_EDGE('',*,*,#3610,.T.);
#1231=ORIENTED_EDGE('',*,*,#3602,.T.);
#1232=ORIENTED_EDGE('',*,*,#3605,.T.);
#1233=ORIENTED_EDGE('',*,*,#3607,.T.);
#1234=ORIENTED_EDGE('',*,*,#3609,.T.);
#1235=ORIENTED_EDGE('',*,*,#3611,.T.);
#1236=ORIENTED_EDGE('',*,*,#3612,.T.);
#1237=ORIENTED_EDGE('',*,*,#3482,.T.);
#1238=ORIENTED_EDGE('',*,*,#3613,.F.);
#1239=ORIENTED_EDGE('',*,*,#3614,.F.);
#1240=ORIENTED_EDGE('',*,*,#3615,.T.);
#1241=ORIENTED_EDGE('',*,*,#3485,.T.);
#1242=ORIENTED_EDGE('',*,*,#3616,.F.);
#1243=ORIENTED_EDGE('',*,*,#3617,.F.);
#1244=ORIENTED_EDGE('',*,*,#3613,.T.);
#1245=ORIENTED_EDGE('',*,*,#3484,.T.);
#1246=ORIENTED_EDGE('',*,*,#3618,.F.);
#1247=ORIENTED_EDGE('',*,*,#3619,.F.);
#1248=ORIENTED_EDGE('',*,*,#3616,.T.);
#1249=ORIENTED_EDGE('',*,*,#3483,.T.);
#1250=ORIENTED_EDGE('',*,*,#3615,.F.);
#1251=ORIENTED_EDGE('',*,*,#3620,.F.);
#1252=ORIENTED_EDGE('',*,*,#3618,.T.);
#1253=ORIENTED_EDGE('',*,*,#3614,.T.);
#1254=ORIENTED_EDGE('',*,*,#3617,.T.);
#1255=ORIENTED_EDGE('',*,*,#3619,.T.);
#1256=ORIENTED_EDGE('',*,*,#3620,.T.);
#1257=ORIENTED_EDGE('',*,*,#3478,.T.);
#1258=ORIENTED_EDGE('',*,*,#3621,.F.);
#1259=ORIENTED_EDGE('',*,*,#3622,.F.);
#1260=ORIENTED_EDGE('',*,*,#3623,.T.);
#1261=ORIENTED_EDGE('',*,*,#3481,.T.);
#1262=ORIENTED_EDGE('',*,*,#3624,.F.);
#1263=ORIENTED_EDGE('',*,*,#3625,.F.);
#1264=ORIENTED_EDGE('',*,*,#3621,.T.);
#1265=ORIENTED_EDGE('',*,*,#3480,.T.);
#1266=ORIENTED_EDGE('',*,*,#3626,.F.);
#1267=ORIENTED_EDGE('',*,*,#3627,.F.);
#1268=ORIENTED_EDGE('',*,*,#3624,.T.);
#1269=ORIENTED_EDGE('',*,*,#3479,.T.);
#1270=ORIENTED_EDGE('',*,*,#3623,.F.);
#1271=ORIENTED_EDGE('',*,*,#3628,.F.);
#1272=ORIENTED_EDGE('',*,*,#3626,.T.);
#1273=ORIENTED_EDGE('',*,*,#3622,.T.);
#1274=ORIENTED_EDGE('',*,*,#3625,.T.);
#1275=ORIENTED_EDGE('',*,*,#3627,.T.);
#1276=ORIENTED_EDGE('',*,*,#3628,.T.);
#1277=ORIENTED_EDGE('',*,*,#3474,.T.);
#1278=ORIENTED_EDGE('',*,*,#3629,.F.);
#1279=ORIENTED_EDGE('',*,*,#3630,.F.);
#1280=ORIENTED_EDGE('',*,*,#3631,.T.);
#1281=ORIENTED_EDGE('',*,*,#3477,.T.);
#1282=ORIENTED_EDGE('',*,*,#3632,.F.);
#1283=ORIENTED_EDGE('',*,*,#3633,.F.);
#1284=ORIENTED_EDGE('',*,*,#3629,.T.);
#1285=ORIENTED_EDGE('',*,*,#3476,.T.);
#1286=ORIENTED_EDGE('',*,*,#3634,.F.);
#1287=ORIENTED_EDGE('',*,*,#3635,.F.);
#1288=ORIENTED_EDGE('',*,*,#3632,.T.);
#1289=ORIENTED_EDGE('',*,*,#3475,.T.);
#1290=ORIENTED_EDGE('',*,*,#3631,.F.);
#1291=ORIENTED_EDGE('',*,*,#3636,.F.);
#1292=ORIENTED_EDGE('',*,*,#3634,.T.);
#1293=ORIENTED_EDGE('',*,*,#3630,.T.);
#1294=ORIENTED_EDGE('',*,*,#3633,.T.);
#1295=ORIENTED_EDGE('',*,*,#3635,.T.);
#1296=ORIENTED_EDGE('',*,*,#3636,.T.);
#1297=ORIENTED_EDGE('',*,*,#3470,.T.);
#1298=ORIENTED_EDGE('',*,*,#3637,.F.);
#1299=ORIENTED_EDGE('',*,*,#3638,.F.);
#1300=ORIENTED_EDGE('',*,*,#3639,.T.);
#1301=ORIENTED_EDGE('',*,*,#3473,.T.);
#1302=ORIENTED_EDGE('',*,*,#3640,.F.);
#1303=ORIENTED_EDGE('',*,*,#3641,.F.);
#1304=ORIENTED_EDGE('',*,*,#3637,.T.);
#1305=ORIENTED_EDGE('',*,*,#3472,.T.);
#1306=ORIENTED_EDGE('',*,*,#3642,.F.);
#1307=ORIENTED_EDGE('',*,*,#3643,.F.);
#1308=ORIENTED_EDGE('',*,*,#3640,.T.);
#1309=ORIENTED_EDGE('',*,*,#3471,.T.);
#1310=ORIENTED_EDGE('',*,*,#3639,.F.);
#1311=ORIENTED_EDGE('',*,*,#3644,.F.);
#1312=ORIENTED_EDGE('',*,*,#3642,.T.);
#1313=ORIENTED_EDGE('',*,*,#3638,.T.);
#1314=ORIENTED_EDGE('',*,*,#3641,.T.);
#1315=ORIENTED_EDGE('',*,*,#3643,.T.);
#1316=ORIENTED_EDGE('',*,*,#3644,.T.);
#1317=ORIENTED_EDGE('',*,*,#3466,.T.);
#1318=ORIENTED_EDGE('',*,*,#3645,.F.);
#1319=ORIENTED_EDGE('',*,*,#3646,.F.);
#1320=ORIENTED_EDGE('',*,*,#3647,.T.);
#1321=ORIENTED_EDGE('',*,*,#3469,.T.);
#1322=ORIENTED_EDGE('',*,*,#3648,.F.);
#1323=ORIENTED_EDGE('',*,*,#3649,.F.);
#1324=ORIENTED_EDGE('',*,*,#3645,.T.);
#1325=ORIENTED_EDGE('',*,*,#3468,.T.);
#1326=ORIENTED_EDGE('',*,*,#3650,.F.);
#1327=ORIENTED_EDGE('',*,*,#3651,.F.);
#1328=ORIENTED_EDGE('',*,*,#3648,.T.);
#1329=ORIENTED_EDGE('',*,*,#3467,.T.);
#1330=ORIENTED_EDGE('',*,*,#3647,.F.);
#1331=ORIENTED_EDGE('',*,*,#3652,.F.);
#1332=ORIENTED_EDGE('',*,*,#3650,.T.);
#1333=ORIENTED_EDGE('',*,*,#3646,.T.);
#1334=ORIENTED_EDGE('',*,*,#3649,.T.);
#1335=ORIENTED_EDGE('',*,*,#3651,.T.);
#1336=ORIENTED_EDGE('',*,*,#3652,.T.);
#1337=ORIENTED_EDGE('',*,*,#3462,.T.);
#1338=ORIENTED_EDGE('',*,*,#3653,.F.);
#1339=ORIENTED_EDGE('',*,*,#3654,.F.);
#1340=ORIENTED_EDGE('',*,*,#3655,.T.);
#1341=ORIENTED_EDGE('',*,*,#3465,.T.);
#1342=ORIENTED_EDGE('',*,*,#3656,.F.);
#1343=ORIENTED_EDGE('',*,*,#3657,.F.);
#1344=ORIENTED_EDGE('',*,*,#3653,.T.);
#1345=ORIENTED_EDGE('',*,*,#3464,.T.);
#1346=ORIENTED_EDGE('',*,*,#3658,.F.);
#1347=ORIENTED_EDGE('',*,*,#3659,.F.);
#1348=ORIENTED_EDGE('',*,*,#3656,.T.);
#1349=ORIENTED_EDGE('',*,*,#3463,.T.);
#1350=ORIENTED_EDGE('',*,*,#3655,.F.);
#1351=ORIENTED_EDGE('',*,*,#3660,.F.);
#1352=ORIENTED_EDGE('',*,*,#3658,.T.);
#1353=ORIENTED_EDGE('',*,*,#3654,.T.);
#1354=ORIENTED_EDGE('',*,*,#3657,.T.);
#1355=ORIENTED_EDGE('',*,*,#3659,.T.);
#1356=ORIENTED_EDGE('',*,*,#3660,.T.);
#1357=ORIENTED_EDGE('',*,*,#3458,.T.);
#1358=ORIENTED_EDGE('',*,*,#3661,.F.);
#1359=ORIENTED_EDGE('',*,*,#3662,.F.);
#1360=ORIENTED_EDGE('',*,*,#3663,.T.);
#1361=ORIENTED_EDGE('',*,*,#3461,.T.);
#1362=ORIENTED_EDGE('',*,*,#3664,.F.);
#1363=ORIENTED_EDGE('',*,*,#3665,.F.);
#1364=ORIENTED_EDGE('',*,*,#3661,.T.);
#1365=ORIENTED_EDGE('',*,*,#3460,.T.);
#1366=ORIENTED_EDGE('',*,*,#3666,.F.);
#1367=ORIENTED_EDGE('',*,*,#3667,.F.);
#1368=ORIENTED_EDGE('',*,*,#3664,.T.);
#1369=ORIENTED_EDGE('',*,*,#3459,.T.);
#1370=ORIENTED_EDGE('',*,*,#3663,.F.);
#1371=ORIENTED_EDGE('',*,*,#3668,.F.);
#1372=ORIENTED_EDGE('',*,*,#3666,.T.);
#1373=ORIENTED_EDGE('',*,*,#3662,.T.);
#1374=ORIENTED_EDGE('',*,*,#3665,.T.);
#1375=ORIENTED_EDGE('',*,*,#3667,.T.);
#1376=ORIENTED_EDGE('',*,*,#3668,.T.);
#1377=ORIENTED_EDGE('',*,*,#3454,.T.);
#1378=ORIENTED_EDGE('',*,*,#3669,.F.);
#1379=ORIENTED_EDGE('',*,*,#3670,.F.);
#1380=ORIENTED_EDGE('',*,*,#3671,.T.);
#1381=ORIENTED_EDGE('',*,*,#3457,.T.);
#1382=ORIENTED_EDGE('',*,*,#3672,.F.);
#1383=ORIENTED_EDGE('',*,*,#3673,.F.);
#1384=ORIENTED_EDGE('',*,*,#3669,.T.);
#1385=ORIENTED_EDGE('',*,*,#3456,.T.);
#1386=ORIENTED_EDGE('',*,*,#3674,.F.);
#1387=ORIENTED_EDGE('',*,*,#3675,.F.);
#1388=ORIENTED_EDGE('',*,*,#3672,.T.);
#1389=ORIENTED_EDGE('',*,*,#3455,.T.);
#1390=ORIENTED_EDGE('',*,*,#3671,.F.);
#1391=ORIENTED_EDGE('',*,*,#3676,.F.);
#1392=ORIENTED_EDGE('',*,*,#3674,.T.);
#1393=ORIENTED_EDGE('',*,*,#3670,.T.);
#1394=ORIENTED_EDGE('',*,*,#3673,.T.);
#1395=ORIENTED_EDGE('',*,*,#3675,.T.);
#1396=ORIENTED_EDGE('',*,*,#3676,.T.);
#1397=ORIENTED_EDGE('',*,*,#3450,.T.);
#1398=ORIENTED_EDGE('',*,*,#3677,.F.);
#1399=ORIENTED_EDGE('',*,*,#3678,.F.);
#1400=ORIENTED_EDGE('',*,*,#3679,.T.);
#1401=ORIENTED_EDGE('',*,*,#3453,.T.);
#1402=ORIENTED_EDGE('',*,*,#3680,.F.);
#1403=ORIENTED_EDGE('',*,*,#3681,.F.);
#1404=ORIENTED_EDGE('',*,*,#3677,.T.);
#1405=ORIENTED_EDGE('',*,*,#3452,.T.);
#1406=ORIENTED_EDGE('',*,*,#3682,.F.);
#1407=ORIENTED_EDGE('',*,*,#3683,.F.);
#1408=ORIENTED_EDGE('',*,*,#3680,.T.);
#1409=ORIENTED_EDGE('',*,*,#3451,.T.);
#1410=ORIENTED_EDGE('',*,*,#3679,.F.);
#1411=ORIENTED_EDGE('',*,*,#3684,.F.);
#1412=ORIENTED_EDGE('',*,*,#3682,.T.);
#1413=ORIENTED_EDGE('',*,*,#3678,.T.);
#1414=ORIENTED_EDGE('',*,*,#3681,.T.);
#1415=ORIENTED_EDGE('',*,*,#3683,.T.);
#1416=ORIENTED_EDGE('',*,*,#3684,.T.);
#1417=ORIENTED_EDGE('',*,*,#3446,.T.);
#1418=ORIENTED_EDGE('',*,*,#3685,.F.);
#1419=ORIENTED_EDGE('',*,*,#3686,.F.);
#1420=ORIENTED_EDGE('',*,*,#3687,.T.);
#1421=ORIENTED_EDGE('',*,*,#3449,.T.);
#1422=ORIENTED_EDGE('',*,*,#3688,.F.);
#1423=ORIENTED_EDGE('',*,*,#3689,.F.);
#1424=ORIENTED_EDGE('',*,*,#3685,.T.);
#1425=ORIENTED_EDGE('',*,*,#3448,.T.);
#1426=ORIENTED_EDGE('',*,*,#3690,.F.);
#1427=ORIENTED_EDGE('',*,*,#3691,.F.);
#1428=ORIENTED_EDGE('',*,*,#3688,.T.);
#1429=ORIENTED_EDGE('',*,*,#3447,.T.);
#1430=ORIENTED_EDGE('',*,*,#3687,.F.);
#1431=ORIENTED_EDGE('',*,*,#3692,.F.);
#1432=ORIENTED_EDGE('',*,*,#3690,.T.);
#1433=ORIENTED_EDGE('',*,*,#3686,.T.);
#1434=ORIENTED_EDGE('',*,*,#3689,.T.);
#1435=ORIENTED_EDGE('',*,*,#3691,.T.);
#1436=ORIENTED_EDGE('',*,*,#3692,.T.);
#1437=ORIENTED_EDGE('',*,*,#3442,.T.);
#1438=ORIENTED_EDGE('',*,*,#3693,.F.);
#1439=ORIENTED_EDGE('',*,*,#3694,.F.);
#1440=ORIENTED_EDGE('',*,*,#3695,.T.);
#1441=ORIENTED_EDGE('',*,*,#3445,.T.);
#1442=ORIENTED_EDGE('',*,*,#3696,.F.);
#1443=ORIENTED_EDGE('',*,*,#3697,.F.);
#1444=ORIENTED_EDGE('',*,*,#3693,.T.);
#1445=ORIENTED_EDGE('',*,*,#3444,.T.);
#1446=ORIENTED_EDGE('',*,*,#3698,.F.);
#1447=ORIENTED_EDGE('',*,*,#3699,.F.);
#1448=ORIENTED_EDGE('',*,*,#3696,.T.);
#1449=ORIENTED_EDGE('',*,*,#3443,.T.);
#1450=ORIENTED_EDGE('',*,*,#3695,.F.);
#1451=ORIENTED_EDGE('',*,*,#3700,.F.);
#1452=ORIENTED_EDGE('',*,*,#3698,.T.);
#1453=ORIENTED_EDGE('',*,*,#3694,.T.);
#1454=ORIENTED_EDGE('',*,*,#3697,.T.);
#1455=ORIENTED_EDGE('',*,*,#3699,.T.);
#1456=ORIENTED_EDGE('',*,*,#3700,.T.);
#1457=ORIENTED_EDGE('',*,*,#3438,.T.);
#1458=ORIENTED_EDGE('',*,*,#3701,.F.);
#1459=ORIENTED_EDGE('',*,*,#3702,.F.);
#1460=ORIENTED_EDGE('',*,*,#3703,.T.);
#1461=ORIENTED_EDGE('',*,*,#3441,.T.);
#1462=ORIENTED_EDGE('',*,*,#3704,.F.);
#1463=ORIENTED_EDGE('',*,*,#3705,.F.);
#1464=ORIENTED_EDGE('',*,*,#3701,.T.);
#1465=ORIENTED_EDGE('',*,*,#3440,.T.);
#1466=ORIENTED_EDGE('',*,*,#3706,.F.);
#1467=ORIENTED_EDGE('',*,*,#3707,.F.);
#1468=ORIENTED_EDGE('',*,*,#3704,.T.);
#1469=ORIENTED_EDGE('',*,*,#3439,.T.);
#1470=ORIENTED_EDGE('',*,*,#3703,.F.);
#1471=ORIENTED_EDGE('',*,*,#3708,.F.);
#1472=ORIENTED_EDGE('',*,*,#3706,.T.);
#1473=ORIENTED_EDGE('',*,*,#3702,.T.);
#1474=ORIENTED_EDGE('',*,*,#3705,.T.);
#1475=ORIENTED_EDGE('',*,*,#3707,.T.);
#1476=ORIENTED_EDGE('',*,*,#3708,.T.);
#1477=ORIENTED_EDGE('',*,*,#3434,.T.);
#1478=ORIENTED_EDGE('',*,*,#3709,.F.);
#1479=ORIENTED_EDGE('',*,*,#3710,.F.);
#1480=ORIENTED_EDGE('',*,*,#3711,.T.);
#1481=ORIENTED_EDGE('',*,*,#3437,.T.);
#1482=ORIENTED_EDGE('',*,*,#3712,.F.);
#1483=ORIENTED_EDGE('',*,*,#3713,.F.);
#1484=ORIENTED_EDGE('',*,*,#3709,.T.);
#1485=ORIENTED_EDGE('',*,*,#3436,.T.);
#1486=ORIENTED_EDGE('',*,*,#3714,.F.);
#1487=ORIENTED_EDGE('',*,*,#3715,.F.);
#1488=ORIENTED_EDGE('',*,*,#3712,.T.);
#1489=ORIENTED_EDGE('',*,*,#3435,.T.);
#1490=ORIENTED_EDGE('',*,*,#3711,.F.);
#1491=ORIENTED_EDGE('',*,*,#3716,.F.);
#1492=ORIENTED_EDGE('',*,*,#3714,.T.);
#1493=ORIENTED_EDGE('',*,*,#3710,.T.);
#1494=ORIENTED_EDGE('',*,*,#3713,.T.);
#1495=ORIENTED_EDGE('',*,*,#3715,.T.);
#1496=ORIENTED_EDGE('',*,*,#3716,.T.);
#1497=ORIENTED_EDGE('',*,*,#3430,.T.);
#1498=ORIENTED_EDGE('',*,*,#3717,.F.);
#1499=ORIENTED_EDGE('',*,*,#3718,.F.);
#1500=ORIENTED_EDGE('',*,*,#3719,.T.);
#1501=ORIENTED_EDGE('',*,*,#3433,.T.);
#1502=ORIENTED_EDGE('',*,*,#3720,.F.);
#1503=ORIENTED_EDGE('',*,*,#3721,.F.);
#1504=ORIENTED_EDGE('',*,*,#3717,.T.);
#1505=ORIENTED_EDGE('',*,*,#3432,.T.);
#1506=ORIENTED_EDGE('',*,*,#3722,.F.);
#1507=ORIENTED_EDGE('',*,*,#3723,.F.);
#1508=ORIENTED_EDGE('',*,*,#3720,.T.);
#1509=ORIENTED_EDGE('',*,*,#3431,.T.);
#1510=ORIENTED_EDGE('',*,*,#3719,.F.);
#1511=ORIENTED_EDGE('',*,*,#3724,.F.);
#1512=ORIENTED_EDGE('',*,*,#3722,.T.);
#1513=ORIENTED_EDGE('',*,*,#3718,.T.);
#1514=ORIENTED_EDGE('',*,*,#3721,.T.);
#1515=ORIENTED_EDGE('',*,*,#3723,.T.);
#1516=ORIENTED_EDGE('',*,*,#3724,.T.);
#1517=ORIENTED_EDGE('',*,*,#3426,.T.);
#1518=ORIENTED_EDGE('',*,*,#3725,.F.);
#1519=ORIENTED_EDGE('',*,*,#3726,.F.);
#1520=ORIENTED_EDGE('',*,*,#3727,.T.);
#1521=ORIENTED_EDGE('',*,*,#3429,.T.);
#1522=ORIENTED_EDGE('',*,*,#3728,.F.);
#1523=ORIENTED_EDGE('',*,*,#3729,.F.);
#1524=ORIENTED_EDGE('',*,*,#3725,.T.);
#1525=ORIENTED_EDGE('',*,*,#3428,.T.);
#1526=ORIENTED_EDGE('',*,*,#3730,.F.);
#1527=ORIENTED_EDGE('',*,*,#3731,.F.);
#1528=ORIENTED_EDGE('',*,*,#3728,.T.);
#1529=ORIENTED_EDGE('',*,*,#3427,.T.);
#1530=ORIENTED_EDGE('',*,*,#3727,.F.);
#1531=ORIENTED_EDGE('',*,*,#3732,.F.);
#1532=ORIENTED_EDGE('',*,*,#3730,.T.);
#1533=ORIENTED_EDGE('',*,*,#3726,.T.);
#1534=ORIENTED_EDGE('',*,*,#3729,.T.);
#1535=ORIENTED_EDGE('',*,*,#3731,.T.);
#1536=ORIENTED_EDGE('',*,*,#3732,.T.);
#1537=ORIENTED_EDGE('',*,*,#3422,.T.);
#1538=ORIENTED_EDGE('',*,*,#3733,.F.);
#1539=ORIENTED_EDGE('',*,*,#3734,.F.);
#1540=ORIENTED_EDGE('',*,*,#3735,.T.);
#1541=ORIENTED_EDGE('',*,*,#3425,.T.);
#1542=ORIENTED_EDGE('',*,*,#3736,.F.);
#1543=ORIENTED_EDGE('',*,*,#3737,.F.);
#1544=ORIENTED_EDGE('',*,*,#3733,.T.);
#1545=ORIENTED_EDGE('',*,*,#3424,.T.);
#1546=ORIENTED_EDGE('',*,*,#3738,.F.);
#1547=ORIENTED_EDGE('',*,*,#3739,.F.);
#1548=ORIENTED_EDGE('',*,*,#3736,.T.);
#1549=ORIENTED_EDGE('',*,*,#3423,.T.);
#1550=ORIENTED_EDGE('',*,*,#3735,.F.);
#1551=ORIENTED_EDGE('',*,*,#3740,.F.);
#1552=ORIENTED_EDGE('',*,*,#3738,.T.);
#1553=ORIENTED_EDGE('',*,*,#3734,.T.);
#1554=ORIENTED_EDGE('',*,*,#3737,.T.);
#1555=ORIENTED_EDGE('',*,*,#3739,.T.);
#1556=ORIENTED_EDGE('',*,*,#3740,.T.);
#1557=ORIENTED_EDGE('',*,*,#3741,.F.);
#1558=ORIENTED_EDGE('',*,*,#3742,.T.);
#1559=ORIENTED_EDGE('',*,*,#3743,.F.);
#1560=ORIENTED_EDGE('',*,*,#3744,.F.);
#1561=ORIENTED_EDGE('',*,*,#3745,.F.);
#1562=ORIENTED_EDGE('',*,*,#3746,.F.);
#1563=ORIENTED_EDGE('',*,*,#3747,.T.);
#1564=ORIENTED_EDGE('',*,*,#3748,.T.);
#1565=ORIENTED_EDGE('',*,*,#3746,.T.);
#1566=ORIENTED_EDGE('',*,*,#3749,.T.);
#1567=ORIENTED_EDGE('',*,*,#3744,.T.);
#1568=ORIENTED_EDGE('',*,*,#3750,.T.);
#1569=ORIENTED_EDGE('',*,*,#3751,.F.);
#1570=ORIENTED_EDGE('',*,*,#3748,.F.);
#1571=ORIENTED_EDGE('',*,*,#3752,.F.);
#1572=ORIENTED_EDGE('',*,*,#3742,.F.);
#1573=ORIENTED_EDGE('',*,*,#3753,.F.);
#1574=ORIENTED_EDGE('',*,*,#3754,.T.);
#1575=ORIENTED_EDGE('',*,*,#3755,.T.);
#1576=ORIENTED_EDGE('',*,*,#3756,.F.);
#1577=ORIENTED_EDGE('',*,*,#3757,.F.);
#1578=ORIENTED_EDGE('',*,*,#3758,.F.);
#1579=ORIENTED_EDGE('',*,*,#3759,.F.);
#1580=ORIENTED_EDGE('',*,*,#3760,.T.);
#1581=ORIENTED_EDGE('',*,*,#3761,.F.);
#1582=ORIENTED_EDGE('',*,*,#3762,.T.);
#1583=ORIENTED_EDGE('',*,*,#3763,.F.);
#1584=ORIENTED_EDGE('',*,*,#3764,.F.);
#1585=ORIENTED_EDGE('',*,*,#3765,.F.);
#1586=ORIENTED_EDGE('',*,*,#3766,.T.);
#1587=ORIENTED_EDGE('',*,*,#3767,.F.);
#1588=ORIENTED_EDGE('',*,*,#3768,.F.);
#1589=ORIENTED_EDGE('',*,*,#3769,.F.);
#1590=ORIENTED_EDGE('',*,*,#3770,.T.);
#1591=ORIENTED_EDGE('',*,*,#3771,.F.);
#1592=ORIENTED_EDGE('',*,*,#3772,.F.);
#1593=ORIENTED_EDGE('',*,*,#3773,.F.);
#1594=ORIENTED_EDGE('',*,*,#3774,.T.);
#1595=ORIENTED_EDGE('',*,*,#3775,.F.);
#1596=ORIENTED_EDGE('',*,*,#3776,.F.);
#1597=ORIENTED_EDGE('',*,*,#3777,.F.);
#1598=ORIENTED_EDGE('',*,*,#3778,.T.);
#1599=ORIENTED_EDGE('',*,*,#3779,.F.);
#1600=ORIENTED_EDGE('',*,*,#3780,.F.);
#1601=ORIENTED_EDGE('',*,*,#3781,.F.);
#1602=ORIENTED_EDGE('',*,*,#3782,.T.);
#1603=ORIENTED_EDGE('',*,*,#3783,.F.);
#1604=ORIENTED_EDGE('',*,*,#3784,.F.);
#1605=ORIENTED_EDGE('',*,*,#3785,.F.);
#1606=ORIENTED_EDGE('',*,*,#3786,.T.);
#1607=ORIENTED_EDGE('',*,*,#3787,.F.);
#1608=ORIENTED_EDGE('',*,*,#3788,.F.);
#1609=ORIENTED_EDGE('',*,*,#3789,.F.);
#1610=ORIENTED_EDGE('',*,*,#3790,.T.);
#1611=ORIENTED_EDGE('',*,*,#3791,.F.);
#1612=ORIENTED_EDGE('',*,*,#3792,.F.);
#1613=ORIENTED_EDGE('',*,*,#3793,.F.);
#1614=ORIENTED_EDGE('',*,*,#3756,.T.);
#1615=ORIENTED_EDGE('',*,*,#3794,.T.);
#1616=ORIENTED_EDGE('',*,*,#3795,.F.);
#1617=ORIENTED_EDGE('',*,*,#3796,.F.);
#1618=ORIENTED_EDGE('',*,*,#3797,.F.);
#1619=ORIENTED_EDGE('',*,*,#3798,.F.);
#1620=ORIENTED_EDGE('',*,*,#3758,.T.);
#1621=ORIENTED_EDGE('',*,*,#3799,.F.);
#1622=ORIENTED_EDGE('',*,*,#3764,.T.);
#1623=ORIENTED_EDGE('',*,*,#3800,.F.);
#1624=ORIENTED_EDGE('',*,*,#3801,.F.);
#1625=ORIENTED_EDGE('',*,*,#3802,.F.);
#1626=ORIENTED_EDGE('',*,*,#3768,.T.);
#1627=ORIENTED_EDGE('',*,*,#3803,.F.);
#1628=ORIENTED_EDGE('',*,*,#3804,.F.);
#1629=ORIENTED_EDGE('',*,*,#3805,.F.);
#1630=ORIENTED_EDGE('',*,*,#3772,.T.);
#1631=ORIENTED_EDGE('',*,*,#3806,.F.);
#1632=ORIENTED_EDGE('',*,*,#3807,.F.);
#1633=ORIENTED_EDGE('',*,*,#3808,.F.);
#1634=ORIENTED_EDGE('',*,*,#3776,.T.);
#1635=ORIENTED_EDGE('',*,*,#3809,.F.);
#1636=ORIENTED_EDGE('',*,*,#3810,.F.);
#1637=ORIENTED_EDGE('',*,*,#3811,.F.);
#1638=ORIENTED_EDGE('',*,*,#3780,.T.);
#1639=ORIENTED_EDGE('',*,*,#3812,.F.);
#1640=ORIENTED_EDGE('',*,*,#3813,.F.);
#1641=ORIENTED_EDGE('',*,*,#3814,.F.);
#1642=ORIENTED_EDGE('',*,*,#3784,.T.);
#1643=ORIENTED_EDGE('',*,*,#3815,.F.);
#1644=ORIENTED_EDGE('',*,*,#3816,.F.);
#1645=ORIENTED_EDGE('',*,*,#3817,.F.);
#1646=ORIENTED_EDGE('',*,*,#3788,.T.);
#1647=ORIENTED_EDGE('',*,*,#3818,.F.);
#1648=ORIENTED_EDGE('',*,*,#3819,.F.);
#1649=ORIENTED_EDGE('',*,*,#3820,.F.);
#1650=ORIENTED_EDGE('',*,*,#3792,.T.);
#1651=ORIENTED_EDGE('',*,*,#3821,.F.);
#1652=ORIENTED_EDGE('',*,*,#3822,.F.);
#1653=ORIENTED_EDGE('',*,*,#3823,.F.);
#1654=ORIENTED_EDGE('',*,*,#3795,.T.);
#1655=ORIENTED_EDGE('',*,*,#3824,.T.);
#1656=ORIENTED_EDGE('',*,*,#3825,.F.);
#1657=ORIENTED_EDGE('',*,*,#3826,.F.);
#1658=ORIENTED_EDGE('',*,*,#3827,.F.);
#1659=ORIENTED_EDGE('',*,*,#3828,.F.);
#1660=ORIENTED_EDGE('',*,*,#3797,.T.);
#1661=ORIENTED_EDGE('',*,*,#3829,.F.);
#1662=ORIENTED_EDGE('',*,*,#3801,.T.);
#1663=ORIENTED_EDGE('',*,*,#3830,.F.);
#1664=ORIENTED_EDGE('',*,*,#3831,.F.);
#1665=ORIENTED_EDGE('',*,*,#3832,.F.);
#1666=ORIENTED_EDGE('',*,*,#3804,.T.);
#1667=ORIENTED_EDGE('',*,*,#3833,.F.);
#1668=ORIENTED_EDGE('',*,*,#3834,.F.);
#1669=ORIENTED_EDGE('',*,*,#3835,.F.);
#1670=ORIENTED_EDGE('',*,*,#3807,.T.);
#1671=ORIENTED_EDGE('',*,*,#3836,.F.);
#1672=ORIENTED_EDGE('',*,*,#3837,.F.);
#1673=ORIENTED_EDGE('',*,*,#3838,.F.);
#1674=ORIENTED_EDGE('',*,*,#3810,.T.);
#1675=ORIENTED_EDGE('',*,*,#3839,.F.);
#1676=ORIENTED_EDGE('',*,*,#3840,.F.);
#1677=ORIENTED_EDGE('',*,*,#3841,.F.);
#1678=ORIENTED_EDGE('',*,*,#3813,.T.);
#1679=ORIENTED_EDGE('',*,*,#3842,.F.);
#1680=ORIENTED_EDGE('',*,*,#3843,.F.);
#1681=ORIENTED_EDGE('',*,*,#3844,.F.);
#1682=ORIENTED_EDGE('',*,*,#3816,.T.);
#1683=ORIENTED_EDGE('',*,*,#3845,.F.);
#1684=ORIENTED_EDGE('',*,*,#3846,.F.);
#1685=ORIENTED_EDGE('',*,*,#3847,.F.);
#1686=ORIENTED_EDGE('',*,*,#3819,.T.);
#1687=ORIENTED_EDGE('',*,*,#3848,.F.);
#1688=ORIENTED_EDGE('',*,*,#3849,.F.);
#1689=ORIENTED_EDGE('',*,*,#3850,.F.);
#1690=ORIENTED_EDGE('',*,*,#3822,.T.);
#1691=ORIENTED_EDGE('',*,*,#3851,.F.);
#1692=ORIENTED_EDGE('',*,*,#3852,.F.);
#1693=ORIENTED_EDGE('',*,*,#3853,.F.);
#1694=ORIENTED_EDGE('',*,*,#3825,.T.);
#1695=ORIENTED_EDGE('',*,*,#3854,.T.);
#1696=ORIENTED_EDGE('',*,*,#3855,.F.);
#1697=ORIENTED_EDGE('',*,*,#3856,.F.);
#1698=ORIENTED_EDGE('',*,*,#3857,.F.);
#1699=ORIENTED_EDGE('',*,*,#3858,.F.);
#1700=ORIENTED_EDGE('',*,*,#3827,.T.);
#1701=ORIENTED_EDGE('',*,*,#3859,.F.);
#1702=ORIENTED_EDGE('',*,*,#3831,.T.);
#1703=ORIENTED_EDGE('',*,*,#3860,.F.);
#1704=ORIENTED_EDGE('',*,*,#3861,.F.);
#1705=ORIENTED_EDGE('',*,*,#3862,.F.);
#1706=ORIENTED_EDGE('',*,*,#3834,.T.);
#1707=ORIENTED_EDGE('',*,*,#3863,.F.);
#1708=ORIENTED_EDGE('',*,*,#3864,.F.);
#1709=ORIENTED_EDGE('',*,*,#3865,.F.);
#1710=ORIENTED_EDGE('',*,*,#3837,.T.);
#1711=ORIENTED_EDGE('',*,*,#3866,.F.);
#1712=ORIENTED_EDGE('',*,*,#3867,.F.);
#1713=ORIENTED_EDGE('',*,*,#3868,.F.);
#1714=ORIENTED_EDGE('',*,*,#3840,.T.);
#1715=ORIENTED_EDGE('',*,*,#3869,.F.);
#1716=ORIENTED_EDGE('',*,*,#3870,.F.);
#1717=ORIENTED_EDGE('',*,*,#3871,.F.);
#1718=ORIENTED_EDGE('',*,*,#3843,.T.);
#1719=ORIENTED_EDGE('',*,*,#3872,.F.);
#1720=ORIENTED_EDGE('',*,*,#3873,.F.);
#1721=ORIENTED_EDGE('',*,*,#3874,.F.);
#1722=ORIENTED_EDGE('',*,*,#3846,.T.);
#1723=ORIENTED_EDGE('',*,*,#3875,.F.);
#1724=ORIENTED_EDGE('',*,*,#3876,.F.);
#1725=ORIENTED_EDGE('',*,*,#3877,.F.);
#1726=ORIENTED_EDGE('',*,*,#3849,.T.);
#1727=ORIENTED_EDGE('',*,*,#3878,.F.);
#1728=ORIENTED_EDGE('',*,*,#3879,.F.);
#1729=ORIENTED_EDGE('',*,*,#3880,.F.);
#1730=ORIENTED_EDGE('',*,*,#3852,.T.);
#1731=ORIENTED_EDGE('',*,*,#3881,.F.);
#1732=ORIENTED_EDGE('',*,*,#3882,.F.);
#1733=ORIENTED_EDGE('',*,*,#3883,.F.);
#1734=ORIENTED_EDGE('',*,*,#3884,.T.);
#1735=ORIENTED_EDGE('',*,*,#3855,.T.);
#1736=ORIENTED_EDGE('',*,*,#3885,.F.);
#1737=ORIENTED_EDGE('',*,*,#3857,.T.);
#1738=ORIENTED_EDGE('',*,*,#3886,.T.);
#1739=ORIENTED_EDGE('',*,*,#3887,.F.);
#1740=ORIENTED_EDGE('',*,*,#3888,.T.);
#1741=ORIENTED_EDGE('',*,*,#3889,.F.);
#1742=ORIENTED_EDGE('',*,*,#3890,.T.);
#1743=ORIENTED_EDGE('',*,*,#3861,.T.);
#1744=ORIENTED_EDGE('',*,*,#3891,.T.);
#1745=ORIENTED_EDGE('',*,*,#3892,.F.);
#1746=ORIENTED_EDGE('',*,*,#3893,.T.);
#1747=ORIENTED_EDGE('',*,*,#3864,.T.);
#1748=ORIENTED_EDGE('',*,*,#3894,.T.);
#1749=ORIENTED_EDGE('',*,*,#3895,.F.);
#1750=ORIENTED_EDGE('',*,*,#3896,.T.);
#1751=ORIENTED_EDGE('',*,*,#3867,.T.);
#1752=ORIENTED_EDGE('',*,*,#3897,.T.);
#1753=ORIENTED_EDGE('',*,*,#3898,.F.);
#1754=ORIENTED_EDGE('',*,*,#3899,.T.);
#1755=ORIENTED_EDGE('',*,*,#3870,.T.);
#1756=ORIENTED_EDGE('',*,*,#3900,.T.);
#1757=ORIENTED_EDGE('',*,*,#3901,.F.);
#1758=ORIENTED_EDGE('',*,*,#3902,.T.);
#1759=ORIENTED_EDGE('',*,*,#3873,.T.);
#1760=ORIENTED_EDGE('',*,*,#3903,.T.);
#1761=ORIENTED_EDGE('',*,*,#3904,.F.);
#1762=ORIENTED_EDGE('',*,*,#3905,.T.);
#1763=ORIENTED_EDGE('',*,*,#3876,.T.);
#1764=ORIENTED_EDGE('',*,*,#3906,.T.);
#1765=ORIENTED_EDGE('',*,*,#3907,.F.);
#1766=ORIENTED_EDGE('',*,*,#3908,.T.);
#1767=ORIENTED_EDGE('',*,*,#3879,.T.);
#1768=ORIENTED_EDGE('',*,*,#3909,.T.);
#1769=ORIENTED_EDGE('',*,*,#3910,.F.);
#1770=ORIENTED_EDGE('',*,*,#3911,.T.);
#1771=ORIENTED_EDGE('',*,*,#3882,.T.);
#1772=ORIENTED_EDGE('',*,*,#3912,.T.);
#1773=ORIENTED_EDGE('',*,*,#3913,.F.);
#1774=ORIENTED_EDGE('',*,*,#3883,.T.);
#1775=ORIENTED_EDGE('',*,*,#3914,.T.);
#1776=ORIENTED_EDGE('',*,*,#3915,.F.);
#1777=ORIENTED_EDGE('',*,*,#3916,.F.);
#1778=ORIENTED_EDGE('',*,*,#3917,.F.);
#1779=ORIENTED_EDGE('',*,*,#3918,.F.);
#1780=ORIENTED_EDGE('',*,*,#3887,.T.);
#1781=ORIENTED_EDGE('',*,*,#3919,.F.);
#1782=ORIENTED_EDGE('',*,*,#3889,.T.);
#1783=ORIENTED_EDGE('',*,*,#3920,.F.);
#1784=ORIENTED_EDGE('',*,*,#3921,.F.);
#1785=ORIENTED_EDGE('',*,*,#3922,.F.);
#1786=ORIENTED_EDGE('',*,*,#3892,.T.);
#1787=ORIENTED_EDGE('',*,*,#3923,.F.);
#1788=ORIENTED_EDGE('',*,*,#3924,.F.);
#1789=ORIENTED_EDGE('',*,*,#3925,.F.);
#1790=ORIENTED_EDGE('',*,*,#3895,.T.);
#1791=ORIENTED_EDGE('',*,*,#3926,.F.);
#1792=ORIENTED_EDGE('',*,*,#3927,.F.);
#1793=ORIENTED_EDGE('',*,*,#3928,.F.);
#1794=ORIENTED_EDGE('',*,*,#3898,.T.);
#1795=ORIENTED_EDGE('',*,*,#3929,.F.);
#1796=ORIENTED_EDGE('',*,*,#3930,.F.);
#1797=ORIENTED_EDGE('',*,*,#3931,.F.);
#1798=ORIENTED_EDGE('',*,*,#3901,.T.);
#1799=ORIENTED_EDGE('',*,*,#3932,.F.);
#1800=ORIENTED_EDGE('',*,*,#3933,.F.);
#1801=ORIENTED_EDGE('',*,*,#3934,.F.);
#1802=ORIENTED_EDGE('',*,*,#3904,.T.);
#1803=ORIENTED_EDGE('',*,*,#3935,.F.);
#1804=ORIENTED_EDGE('',*,*,#3936,.F.);
#1805=ORIENTED_EDGE('',*,*,#3937,.F.);
#1806=ORIENTED_EDGE('',*,*,#3907,.T.);
#1807=ORIENTED_EDGE('',*,*,#3938,.F.);
#1808=ORIENTED_EDGE('',*,*,#3939,.F.);
#1809=ORIENTED_EDGE('',*,*,#3940,.F.);
#1810=ORIENTED_EDGE('',*,*,#3910,.T.);
#1811=ORIENTED_EDGE('',*,*,#3941,.F.);
#1812=ORIENTED_EDGE('',*,*,#3942,.F.);
#1813=ORIENTED_EDGE('',*,*,#3943,.F.);
#1814=ORIENTED_EDGE('',*,*,#3944,.F.);
#1815=ORIENTED_EDGE('',*,*,#3945,.T.);
#1816=ORIENTED_EDGE('',*,*,#3754,.F.);
#1817=ORIENTED_EDGE('',*,*,#3946,.F.);
#1818=ORIENTED_EDGE('',*,*,#3760,.F.);
#1819=ORIENTED_EDGE('',*,*,#3947,.F.);
#1820=ORIENTED_EDGE('',*,*,#3948,.F.);
#1821=ORIENTED_EDGE('',*,*,#3949,.F.);
#1822=ORIENTED_EDGE('',*,*,#3950,.F.);
#1823=ORIENTED_EDGE('',*,*,#3951,.F.);
#1824=ORIENTED_EDGE('',*,*,#3762,.F.);
#1825=ORIENTED_EDGE('',*,*,#3952,.F.);
#1826=ORIENTED_EDGE('',*,*,#3953,.F.);
#1827=ORIENTED_EDGE('',*,*,#3954,.F.);
#1828=ORIENTED_EDGE('',*,*,#3766,.F.);
#1829=ORIENTED_EDGE('',*,*,#3955,.F.);
#1830=ORIENTED_EDGE('',*,*,#3956,.F.);
#1831=ORIENTED_EDGE('',*,*,#3957,.F.);
#1832=ORIENTED_EDGE('',*,*,#3770,.F.);
#1833=ORIENTED_EDGE('',*,*,#3958,.F.);
#1834=ORIENTED_EDGE('',*,*,#3959,.F.);
#1835=ORIENTED_EDGE('',*,*,#3960,.F.);
#1836=ORIENTED_EDGE('',*,*,#3774,.F.);
#1837=ORIENTED_EDGE('',*,*,#3961,.F.);
#1838=ORIENTED_EDGE('',*,*,#3962,.F.);
#1839=ORIENTED_EDGE('',*,*,#3963,.F.);
#1840=ORIENTED_EDGE('',*,*,#3778,.F.);
#1841=ORIENTED_EDGE('',*,*,#3964,.F.);
#1842=ORIENTED_EDGE('',*,*,#3965,.F.);
#1843=ORIENTED_EDGE('',*,*,#3966,.F.);
#1844=ORIENTED_EDGE('',*,*,#3782,.F.);
#1845=ORIENTED_EDGE('',*,*,#3967,.F.);
#1846=ORIENTED_EDGE('',*,*,#3968,.F.);
#1847=ORIENTED_EDGE('',*,*,#3969,.F.);
#1848=ORIENTED_EDGE('',*,*,#3786,.F.);
#1849=ORIENTED_EDGE('',*,*,#3970,.F.);
#1850=ORIENTED_EDGE('',*,*,#3971,.F.);
#1851=ORIENTED_EDGE('',*,*,#3972,.F.);
#1852=ORIENTED_EDGE('',*,*,#3790,.F.);
#1853=ORIENTED_EDGE('',*,*,#3973,.F.);
#1854=ORIENTED_EDGE('',*,*,#3974,.T.);
#1855=ORIENTED_EDGE('',*,*,#3975,.T.);
#1856=ORIENTED_EDGE('',*,*,#3976,.F.);
#1857=ORIENTED_EDGE('',*,*,#3977,.F.);
#1858=ORIENTED_EDGE('',*,*,#3978,.F.);
#1859=ORIENTED_EDGE('',*,*,#3979,.F.);
#1860=ORIENTED_EDGE('',*,*,#3980,.T.);
#1861=ORIENTED_EDGE('',*,*,#3981,.F.);
#1862=ORIENTED_EDGE('',*,*,#3982,.T.);
#1863=ORIENTED_EDGE('',*,*,#3983,.F.);
#1864=ORIENTED_EDGE('',*,*,#3984,.F.);
#1865=ORIENTED_EDGE('',*,*,#3985,.F.);
#1866=ORIENTED_EDGE('',*,*,#3986,.T.);
#1867=ORIENTED_EDGE('',*,*,#3987,.F.);
#1868=ORIENTED_EDGE('',*,*,#3988,.F.);
#1869=ORIENTED_EDGE('',*,*,#3989,.F.);
#1870=ORIENTED_EDGE('',*,*,#3990,.T.);
#1871=ORIENTED_EDGE('',*,*,#3991,.F.);
#1872=ORIENTED_EDGE('',*,*,#3992,.F.);
#1873=ORIENTED_EDGE('',*,*,#3993,.F.);
#1874=ORIENTED_EDGE('',*,*,#3994,.T.);
#1875=ORIENTED_EDGE('',*,*,#3995,.F.);
#1876=ORIENTED_EDGE('',*,*,#3996,.F.);
#1877=ORIENTED_EDGE('',*,*,#3997,.F.);
#1878=ORIENTED_EDGE('',*,*,#3998,.T.);
#1879=ORIENTED_EDGE('',*,*,#3999,.F.);
#1880=ORIENTED_EDGE('',*,*,#4000,.F.);
#1881=ORIENTED_EDGE('',*,*,#4001,.F.);
#1882=ORIENTED_EDGE('',*,*,#4002,.T.);
#1883=ORIENTED_EDGE('',*,*,#4003,.F.);
#1884=ORIENTED_EDGE('',*,*,#4004,.F.);
#1885=ORIENTED_EDGE('',*,*,#4005,.F.);
#1886=ORIENTED_EDGE('',*,*,#4006,.T.);
#1887=ORIENTED_EDGE('',*,*,#4007,.F.);
#1888=ORIENTED_EDGE('',*,*,#4008,.F.);
#1889=ORIENTED_EDGE('',*,*,#4009,.F.);
#1890=ORIENTED_EDGE('',*,*,#4010,.T.);
#1891=ORIENTED_EDGE('',*,*,#4011,.F.);
#1892=ORIENTED_EDGE('',*,*,#4012,.F.);
#1893=ORIENTED_EDGE('',*,*,#4013,.F.);
#1894=ORIENTED_EDGE('',*,*,#3976,.T.);
#1895=ORIENTED_EDGE('',*,*,#4014,.T.);
#1896=ORIENTED_EDGE('',*,*,#4015,.F.);
#1897=ORIENTED_EDGE('',*,*,#4016,.F.);
#1898=ORIENTED_EDGE('',*,*,#4017,.F.);
#1899=ORIENTED_EDGE('',*,*,#4018,.F.);
#1900=ORIENTED_EDGE('',*,*,#3978,.T.);
#1901=ORIENTED_EDGE('',*,*,#4019,.F.);
#1902=ORIENTED_EDGE('',*,*,#3984,.T.);
#1903=ORIENTED_EDGE('',*,*,#4020,.F.);
#1904=ORIENTED_EDGE('',*,*,#4021,.F.);
#1905=ORIENTED_EDGE('',*,*,#4022,.F.);
#1906=ORIENTED_EDGE('',*,*,#3988,.T.);
#1907=ORIENTED_EDGE('',*,*,#4023,.F.);
#1908=ORIENTED_EDGE('',*,*,#4024,.F.);
#1909=ORIENTED_EDGE('',*,*,#4025,.F.);
#1910=ORIENTED_EDGE('',*,*,#3992,.T.);
#1911=ORIENTED_EDGE('',*,*,#4026,.F.);
#1912=ORIENTED_EDGE('',*,*,#4027,.F.);
#1913=ORIENTED_EDGE('',*,*,#4028,.F.);
#1914=ORIENTED_EDGE('',*,*,#3996,.T.);
#1915=ORIENTED_EDGE('',*,*,#4029,.F.);
#1916=ORIENTED_EDGE('',*,*,#4030,.F.);
#1917=ORIENTED_EDGE('',*,*,#4031,.F.);
#1918=ORIENTED_EDGE('',*,*,#4000,.T.);
#1919=ORIENTED_EDGE('',*,*,#4032,.F.);
#1920=ORIENTED_EDGE('',*,*,#4033,.F.);
#1921=ORIENTED_EDGE('',*,*,#4034,.F.);
#1922=ORIENTED_EDGE('',*,*,#4004,.T.);
#1923=ORIENTED_EDGE('',*,*,#4035,.F.);
#1924=ORIENTED_EDGE('',*,*,#4036,.F.);
#1925=ORIENTED_EDGE('',*,*,#4037,.F.);
#1926=ORIENTED_EDGE('',*,*,#4008,.T.);
#1927=ORIENTED_EDGE('',*,*,#4038,.F.);
#1928=ORIENTED_EDGE('',*,*,#4039,.F.);
#1929=ORIENTED_EDGE('',*,*,#4040,.F.);
#1930=ORIENTED_EDGE('',*,*,#4012,.T.);
#1931=ORIENTED_EDGE('',*,*,#4041,.F.);
#1932=ORIENTED_EDGE('',*,*,#4042,.F.);
#1933=ORIENTED_EDGE('',*,*,#4043,.F.);
#1934=ORIENTED_EDGE('',*,*,#4015,.T.);
#1935=ORIENTED_EDGE('',*,*,#4044,.T.);
#1936=ORIENTED_EDGE('',*,*,#4045,.F.);
#1937=ORIENTED_EDGE('',*,*,#4046,.F.);
#1938=ORIENTED_EDGE('',*,*,#4047,.F.);
#1939=ORIENTED_EDGE('',*,*,#4048,.F.);
#1940=ORIENTED_EDGE('',*,*,#4017,.T.);
#1941=ORIENTED_EDGE('',*,*,#4049,.F.);
#1942=ORIENTED_EDGE('',*,*,#4021,.T.);
#1943=ORIENTED_EDGE('',*,*,#4050,.F.);
#1944=ORIENTED_EDGE('',*,*,#4051,.F.);
#1945=ORIENTED_EDGE('',*,*,#4052,.F.);
#1946=ORIENTED_EDGE('',*,*,#4024,.T.);
#1947=ORIENTED_EDGE('',*,*,#4053,.F.);
#1948=ORIENTED_EDGE('',*,*,#4054,.F.);
#1949=ORIENTED_EDGE('',*,*,#4055,.F.);
#1950=ORIENTED_EDGE('',*,*,#4027,.T.);
#1951=ORIENTED_EDGE('',*,*,#4056,.F.);
#1952=ORIENTED_EDGE('',*,*,#4057,.F.);
#1953=ORIENTED_EDGE('',*,*,#4058,.F.);
#1954=ORIENTED_EDGE('',*,*,#4030,.T.);
#1955=ORIENTED_EDGE('',*,*,#4059,.F.);
#1956=ORIENTED_EDGE('',*,*,#4060,.F.);
#1957=ORIENTED_EDGE('',*,*,#4061,.F.);
#1958=ORIENTED_EDGE('',*,*,#4033,.T.);
#1959=ORIENTED_EDGE('',*,*,#4062,.F.);
#1960=ORIENTED_EDGE('',*,*,#4063,.F.);
#1961=ORIENTED_EDGE('',*,*,#4064,.F.);
#1962=ORIENTED_EDGE('',*,*,#4036,.T.);
#1963=ORIENTED_EDGE('',*,*,#4065,.F.);
#1964=ORIENTED_EDGE('',*,*,#4066,.F.);
#1965=ORIENTED_EDGE('',*,*,#4067,.F.);
#1966=ORIENTED_EDGE('',*,*,#4039,.T.);
#1967=ORIENTED_EDGE('',*,*,#4068,.F.);
#1968=ORIENTED_EDGE('',*,*,#4069,.F.);
#1969=ORIENTED_EDGE('',*,*,#4070,.F.);
#1970=ORIENTED_EDGE('',*,*,#4042,.T.);
#1971=ORIENTED_EDGE('',*,*,#4071,.F.);
#1972=ORIENTED_EDGE('',*,*,#4072,.F.);
#1973=ORIENTED_EDGE('',*,*,#4073,.F.);
#1974=ORIENTED_EDGE('',*,*,#4045,.T.);
#1975=ORIENTED_EDGE('',*,*,#4074,.T.);
#1976=ORIENTED_EDGE('',*,*,#4075,.F.);
#1977=ORIENTED_EDGE('',*,*,#4076,.F.);
#1978=ORIENTED_EDGE('',*,*,#4077,.F.);
#1979=ORIENTED_EDGE('',*,*,#4078,.F.);
#1980=ORIENTED_EDGE('',*,*,#4047,.T.);
#1981=ORIENTED_EDGE('',*,*,#4079,.F.);
#1982=ORIENTED_EDGE('',*,*,#4051,.T.);
#1983=ORIENTED_EDGE('',*,*,#4080,.F.);
#1984=ORIENTED_EDGE('',*,*,#4081,.F.);
#1985=ORIENTED_EDGE('',*,*,#4082,.F.);
#1986=ORIENTED_EDGE('',*,*,#4054,.T.);
#1987=ORIENTED_EDGE('',*,*,#4083,.F.);
#1988=ORIENTED_EDGE('',*,*,#4084,.F.);
#1989=ORIENTED_EDGE('',*,*,#4085,.F.);
#1990=ORIENTED_EDGE('',*,*,#4057,.T.);
#1991=ORIENTED_EDGE('',*,*,#4086,.F.);
#1992=ORIENTED_EDGE('',*,*,#4087,.F.);
#1993=ORIENTED_EDGE('',*,*,#4088,.F.);
#1994=ORIENTED_EDGE('',*,*,#4060,.T.);
#1995=ORIENTED_EDGE('',*,*,#4089,.F.);
#1996=ORIENTED_EDGE('',*,*,#4090,.F.);
#1997=ORIENTED_EDGE('',*,*,#4091,.F.);
#1998=ORIENTED_EDGE('',*,*,#4063,.T.);
#1999=ORIENTED_EDGE('',*,*,#4092,.F.);
#2000=ORIENTED_EDGE('',*,*,#4093,.F.);
#2001=ORIENTED_EDGE('',*,*,#4094,.F.);
#2002=ORIENTED_EDGE('',*,*,#4066,.T.);
#2003=ORIENTED_EDGE('',*,*,#4095,.F.);
#2004=ORIENTED_EDGE('',*,*,#4096,.F.);
#2005=ORIENTED_EDGE('',*,*,#4097,.F.);
#2006=ORIENTED_EDGE('',*,*,#4069,.T.);
#2007=ORIENTED_EDGE('',*,*,#4098,.F.);
#2008=ORIENTED_EDGE('',*,*,#4099,.F.);
#2009=ORIENTED_EDGE('',*,*,#4100,.F.);
#2010=ORIENTED_EDGE('',*,*,#4072,.T.);
#2011=ORIENTED_EDGE('',*,*,#4101,.F.);
#2012=ORIENTED_EDGE('',*,*,#4102,.F.);
#2013=ORIENTED_EDGE('',*,*,#4103,.F.);
#2014=ORIENTED_EDGE('',*,*,#4104,.T.);
#2015=ORIENTED_EDGE('',*,*,#4075,.T.);
#2016=ORIENTED_EDGE('',*,*,#4105,.F.);
#2017=ORIENTED_EDGE('',*,*,#4077,.T.);
#2018=ORIENTED_EDGE('',*,*,#4106,.T.);
#2019=ORIENTED_EDGE('',*,*,#4107,.F.);
#2020=ORIENTED_EDGE('',*,*,#4108,.T.);
#2021=ORIENTED_EDGE('',*,*,#4109,.F.);
#2022=ORIENTED_EDGE('',*,*,#4110,.T.);
#2023=ORIENTED_EDGE('',*,*,#4081,.T.);
#2024=ORIENTED_EDGE('',*,*,#4111,.T.);
#2025=ORIENTED_EDGE('',*,*,#4112,.F.);
#2026=ORIENTED_EDGE('',*,*,#4113,.T.);
#2027=ORIENTED_EDGE('',*,*,#4084,.T.);
#2028=ORIENTED_EDGE('',*,*,#4114,.T.);
#2029=ORIENTED_EDGE('',*,*,#4115,.F.);
#2030=ORIENTED_EDGE('',*,*,#4116,.T.);
#2031=ORIENTED_EDGE('',*,*,#4087,.T.);
#2032=ORIENTED_EDGE('',*,*,#4117,.T.);
#2033=ORIENTED_EDGE('',*,*,#4118,.F.);
#2034=ORIENTED_EDGE('',*,*,#4119,.T.);
#2035=ORIENTED_EDGE('',*,*,#4090,.T.);
#2036=ORIENTED_EDGE('',*,*,#4120,.T.);
#2037=ORIENTED_EDGE('',*,*,#4121,.F.);
#2038=ORIENTED_EDGE('',*,*,#4122,.T.);
#2039=ORIENTED_EDGE('',*,*,#4093,.T.);
#2040=ORIENTED_EDGE('',*,*,#4123,.T.);
#2041=ORIENTED_EDGE('',*,*,#4124,.F.);
#2042=ORIENTED_EDGE('',*,*,#4125,.T.);
#2043=ORIENTED_EDGE('',*,*,#4096,.T.);
#2044=ORIENTED_EDGE('',*,*,#4126,.T.);
#2045=ORIENTED_EDGE('',*,*,#4127,.F.);
#2046=ORIENTED_EDGE('',*,*,#4128,.T.);
#2047=ORIENTED_EDGE('',*,*,#4099,.T.);
#2048=ORIENTED_EDGE('',*,*,#4129,.T.);
#2049=ORIENTED_EDGE('',*,*,#4130,.F.);
#2050=ORIENTED_EDGE('',*,*,#4131,.T.);
#2051=ORIENTED_EDGE('',*,*,#4102,.T.);
#2052=ORIENTED_EDGE('',*,*,#4132,.T.);
#2053=ORIENTED_EDGE('',*,*,#4133,.F.);
#2054=ORIENTED_EDGE('',*,*,#4103,.T.);
#2055=ORIENTED_EDGE('',*,*,#4134,.T.);
#2056=ORIENTED_EDGE('',*,*,#4135,.T.);
#2057=ORIENTED_EDGE('',*,*,#4136,.F.);
#2058=ORIENTED_EDGE('',*,*,#4137,.T.);
#2059=ORIENTED_EDGE('',*,*,#4138,.F.);
#2060=ORIENTED_EDGE('',*,*,#4107,.T.);
#2061=ORIENTED_EDGE('',*,*,#4139,.F.);
#2062=ORIENTED_EDGE('',*,*,#4109,.T.);
#2063=ORIENTED_EDGE('',*,*,#4140,.F.);
#2064=ORIENTED_EDGE('',*,*,#4141,.T.);
#2065=ORIENTED_EDGE('',*,*,#4142,.F.);
#2066=ORIENTED_EDGE('',*,*,#4112,.T.);
#2067=ORIENTED_EDGE('',*,*,#4143,.F.);
#2068=ORIENTED_EDGE('',*,*,#4144,.T.);
#2069=ORIENTED_EDGE('',*,*,#4145,.F.);
#2070=ORIENTED_EDGE('',*,*,#4115,.T.);
#2071=ORIENTED_EDGE('',*,*,#4146,.F.);
#2072=ORIENTED_EDGE('',*,*,#4147,.T.);
#2073=ORIENTED_EDGE('',*,*,#4148,.F.);
#2074=ORIENTED_EDGE('',*,*,#4118,.T.);
#2075=ORIENTED_EDGE('',*,*,#4149,.F.);
#2076=ORIENTED_EDGE('',*,*,#4150,.T.);
#2077=ORIENTED_EDGE('',*,*,#4151,.F.);
#2078=ORIENTED_EDGE('',*,*,#4121,.T.);
#2079=ORIENTED_EDGE('',*,*,#4152,.F.);
#2080=ORIENTED_EDGE('',*,*,#4153,.T.);
#2081=ORIENTED_EDGE('',*,*,#4154,.F.);
#2082=ORIENTED_EDGE('',*,*,#4124,.T.);
#2083=ORIENTED_EDGE('',*,*,#4155,.F.);
#2084=ORIENTED_EDGE('',*,*,#4156,.T.);
#2085=ORIENTED_EDGE('',*,*,#4157,.F.);
#2086=ORIENTED_EDGE('',*,*,#4127,.T.);
#2087=ORIENTED_EDGE('',*,*,#4158,.F.);
#2088=ORIENTED_EDGE('',*,*,#4159,.T.);
#2089=ORIENTED_EDGE('',*,*,#4160,.F.);
#2090=ORIENTED_EDGE('',*,*,#4130,.T.);
#2091=ORIENTED_EDGE('',*,*,#4161,.F.);
#2092=ORIENTED_EDGE('',*,*,#4162,.T.);
#2093=ORIENTED_EDGE('',*,*,#4163,.F.);
#2094=ORIENTED_EDGE('',*,*,#4164,.T.);
#2095=ORIENTED_EDGE('',*,*,#4165,.T.);
#2096=ORIENTED_EDGE('',*,*,#3974,.F.);
#2097=ORIENTED_EDGE('',*,*,#4166,.F.);
#2098=ORIENTED_EDGE('',*,*,#3980,.F.);
#2099=ORIENTED_EDGE('',*,*,#4167,.F.);
#2100=ORIENTED_EDGE('',*,*,#4168,.T.);
#2101=ORIENTED_EDGE('',*,*,#4169,.F.);
#2102=ORIENTED_EDGE('',*,*,#4170,.T.);
#2103=ORIENTED_EDGE('',*,*,#4171,.F.);
#2104=ORIENTED_EDGE('',*,*,#3982,.F.);
#2105=ORIENTED_EDGE('',*,*,#4172,.F.);
#2106=ORIENTED_EDGE('',*,*,#4173,.T.);
#2107=ORIENTED_EDGE('',*,*,#4174,.F.);
#2108=ORIENTED_EDGE('',*,*,#3986,.F.);
#2109=ORIENTED_EDGE('',*,*,#4175,.F.);
#2110=ORIENTED_EDGE('',*,*,#4176,.T.);
#2111=ORIENTED_EDGE('',*,*,#4177,.F.);
#2112=ORIENTED_EDGE('',*,*,#3990,.F.);
#2113=ORIENTED_EDGE('',*,*,#4178,.F.);
#2114=ORIENTED_EDGE('',*,*,#4179,.T.);
#2115=ORIENTED_EDGE('',*,*,#4180,.F.);
#2116=ORIENTED_EDGE('',*,*,#3994,.F.);
#2117=ORIENTED_EDGE('',*,*,#4181,.F.);
#2118=ORIENTED_EDGE('',*,*,#4182,.T.);
#2119=ORIENTED_EDGE('',*,*,#4183,.F.);
#2120=ORIENTED_EDGE('',*,*,#3998,.F.);
#2121=ORIENTED_EDGE('',*,*,#4184,.F.);
#2122=ORIENTED_EDGE('',*,*,#4185,.T.);
#2123=ORIENTED_EDGE('',*,*,#4186,.F.);
#2124=ORIENTED_EDGE('',*,*,#4002,.F.);
#2125=ORIENTED_EDGE('',*,*,#4187,.F.);
#2126=ORIENTED_EDGE('',*,*,#4188,.T.);
#2127=ORIENTED_EDGE('',*,*,#4189,.F.);
#2128=ORIENTED_EDGE('',*,*,#4006,.F.);
#2129=ORIENTED_EDGE('',*,*,#4190,.F.);
#2130=ORIENTED_EDGE('',*,*,#4191,.T.);
#2131=ORIENTED_EDGE('',*,*,#4192,.F.);
#2132=ORIENTED_EDGE('',*,*,#4010,.F.);
#2133=ORIENTED_EDGE('',*,*,#4164,.F.);
#2134=ORIENTED_EDGE('',*,*,#4193,.T.);
#2135=ORIENTED_EDGE('',*,*,#4135,.F.);
#2136=ORIENTED_EDGE('',*,*,#4194,.F.);
#2137=ORIENTED_EDGE('',*,*,#3944,.T.);
#2138=ORIENTED_EDGE('',*,*,#4195,.T.);
#2139=ORIENTED_EDGE('',*,*,#3915,.T.);
#2140=ORIENTED_EDGE('',*,*,#4196,.T.);
#2141=ORIENTED_EDGE('',*,*,#4168,.F.);
#2142=ORIENTED_EDGE('',*,*,#4197,.T.);
#2143=ORIENTED_EDGE('',*,*,#4137,.F.);
#2144=ORIENTED_EDGE('',*,*,#4198,.F.);
#2145=ORIENTED_EDGE('',*,*,#3948,.T.);
#2146=ORIENTED_EDGE('',*,*,#4199,.F.);
#2147=ORIENTED_EDGE('',*,*,#3917,.T.);
#2148=ORIENTED_EDGE('',*,*,#4200,.F.);
#2149=ORIENTED_EDGE('',*,*,#4170,.F.);
#2150=ORIENTED_EDGE('',*,*,#4201,.T.);
#2151=ORIENTED_EDGE('',*,*,#4141,.F.);
#2152=ORIENTED_EDGE('',*,*,#4202,.F.);
#2153=ORIENTED_EDGE('',*,*,#3950,.T.);
#2154=ORIENTED_EDGE('',*,*,#4203,.T.);
#2155=ORIENTED_EDGE('',*,*,#3921,.T.);
#2156=ORIENTED_EDGE('',*,*,#4204,.F.);
#2157=ORIENTED_EDGE('',*,*,#4173,.F.);
#2158=ORIENTED_EDGE('',*,*,#4205,.T.);
#2159=ORIENTED_EDGE('',*,*,#4144,.F.);
#2160=ORIENTED_EDGE('',*,*,#4206,.F.);
#2161=ORIENTED_EDGE('',*,*,#3953,.T.);
#2162=ORIENTED_EDGE('',*,*,#4207,.T.);
#2163=ORIENTED_EDGE('',*,*,#3924,.T.);
#2164=ORIENTED_EDGE('',*,*,#4208,.F.);
#2165=ORIENTED_EDGE('',*,*,#4176,.F.);
#2166=ORIENTED_EDGE('',*,*,#4209,.T.);
#2167=ORIENTED_EDGE('',*,*,#4147,.F.);
#2168=ORIENTED_EDGE('',*,*,#4210,.F.);
#2169=ORIENTED_EDGE('',*,*,#3956,.T.);
#2170=ORIENTED_EDGE('',*,*,#4211,.T.);
#2171=ORIENTED_EDGE('',*,*,#3927,.T.);
#2172=ORIENTED_EDGE('',*,*,#4212,.F.);
#2173=ORIENTED_EDGE('',*,*,#4179,.F.);
#2174=ORIENTED_EDGE('',*,*,#4213,.T.);
#2175=ORIENTED_EDGE('',*,*,#4150,.F.);
#2176=ORIENTED_EDGE('',*,*,#4214,.F.);
#2177=ORIENTED_EDGE('',*,*,#3959,.T.);
#2178=ORIENTED_EDGE('',*,*,#4215,.T.);
#2179=ORIENTED_EDGE('',*,*,#3930,.T.);
#2180=ORIENTED_EDGE('',*,*,#4216,.F.);
#2181=ORIENTED_EDGE('',*,*,#4182,.F.);
#2182=ORIENTED_EDGE('',*,*,#4217,.T.);
#2183=ORIENTED_EDGE('',*,*,#4153,.F.);
#2184=ORIENTED_EDGE('',*,*,#4218,.F.);
#2185=ORIENTED_EDGE('',*,*,#3962,.T.);
#2186=ORIENTED_EDGE('',*,*,#4219,.T.);
#2187=ORIENTED_EDGE('',*,*,#3933,.T.);
#2188=ORIENTED_EDGE('',*,*,#4220,.F.);
#2189=ORIENTED_EDGE('',*,*,#4185,.F.);
#2190=ORIENTED_EDGE('',*,*,#4221,.T.);
#2191=ORIENTED_EDGE('',*,*,#4156,.F.);
#2192=ORIENTED_EDGE('',*,*,#4222,.F.);
#2193=ORIENTED_EDGE('',*,*,#3965,.T.);
#2194=ORIENTED_EDGE('',*,*,#4223,.T.);
#2195=ORIENTED_EDGE('',*,*,#3936,.T.);
#2196=ORIENTED_EDGE('',*,*,#4224,.F.);
#2197=ORIENTED_EDGE('',*,*,#4188,.F.);
#2198=ORIENTED_EDGE('',*,*,#4225,.T.);
#2199=ORIENTED_EDGE('',*,*,#4159,.F.);
#2200=ORIENTED_EDGE('',*,*,#4226,.F.);
#2201=ORIENTED_EDGE('',*,*,#3968,.T.);
#2202=ORIENTED_EDGE('',*,*,#4227,.T.);
#2203=ORIENTED_EDGE('',*,*,#3939,.T.);
#2204=ORIENTED_EDGE('',*,*,#4228,.F.);
#2205=ORIENTED_EDGE('',*,*,#4191,.F.);
#2206=ORIENTED_EDGE('',*,*,#4229,.T.);
#2207=ORIENTED_EDGE('',*,*,#4162,.F.);
#2208=ORIENTED_EDGE('',*,*,#4230,.F.);
#2209=ORIENTED_EDGE('',*,*,#3971,.T.);
#2210=ORIENTED_EDGE('',*,*,#4231,.T.);
#2211=ORIENTED_EDGE('',*,*,#3942,.T.);
#2212=ORIENTED_EDGE('',*,*,#4232,.F.);
#2213=ORIENTED_EDGE('',*,*,#3752,.T.);
#2214=ORIENTED_EDGE('',*,*,#3747,.F.);
#2215=ORIENTED_EDGE('',*,*,#3750,.F.);
#2216=ORIENTED_EDGE('',*,*,#3743,.T.);
#2217=ORIENTED_EDGE('',*,*,#4196,.F.);
#2218=ORIENTED_EDGE('',*,*,#3914,.F.);
#2219=ORIENTED_EDGE('',*,*,#3885,.T.);
#2220=ORIENTED_EDGE('',*,*,#3854,.F.);
#2221=ORIENTED_EDGE('',*,*,#3824,.F.);
#2222=ORIENTED_EDGE('',*,*,#3794,.F.);
#2223=ORIENTED_EDGE('',*,*,#3755,.F.);
#2224=ORIENTED_EDGE('',*,*,#3945,.F.);
#2225=ORIENTED_EDGE('',*,*,#3918,.T.);
#2226=ORIENTED_EDGE('',*,*,#4199,.T.);
#2227=ORIENTED_EDGE('',*,*,#3947,.T.);
#2228=ORIENTED_EDGE('',*,*,#3759,.T.);
#2229=ORIENTED_EDGE('',*,*,#3798,.T.);
#2230=ORIENTED_EDGE('',*,*,#3828,.T.);
#2231=ORIENTED_EDGE('',*,*,#3858,.T.);
#2232=ORIENTED_EDGE('',*,*,#3888,.F.);
#2233=ORIENTED_EDGE('',*,*,#4197,.F.);
#2234=ORIENTED_EDGE('',*,*,#4167,.T.);
#2235=ORIENTED_EDGE('',*,*,#3979,.T.);
#2236=ORIENTED_EDGE('',*,*,#4018,.T.);
#2237=ORIENTED_EDGE('',*,*,#4048,.T.);
#2238=ORIENTED_EDGE('',*,*,#4078,.T.);
#2239=ORIENTED_EDGE('',*,*,#4108,.F.);
#2240=ORIENTED_EDGE('',*,*,#4138,.T.);
#2241=ORIENTED_EDGE('',*,*,#4165,.F.);
#2242=ORIENTED_EDGE('',*,*,#4194,.T.);
#2243=ORIENTED_EDGE('',*,*,#4134,.F.);
#2244=ORIENTED_EDGE('',*,*,#4105,.T.);
#2245=ORIENTED_EDGE('',*,*,#4074,.F.);
#2246=ORIENTED_EDGE('',*,*,#4044,.F.);
#2247=ORIENTED_EDGE('',*,*,#4014,.F.);
#2248=ORIENTED_EDGE('',*,*,#3975,.F.);
#2249=ORIENTED_EDGE('',*,*,#4161,.T.);
#2250=ORIENTED_EDGE('',*,*,#4132,.F.);
#2251=ORIENTED_EDGE('',*,*,#4101,.T.);
#2252=ORIENTED_EDGE('',*,*,#4071,.T.);
#2253=ORIENTED_EDGE('',*,*,#4041,.T.);
#2254=ORIENTED_EDGE('',*,*,#4011,.T.);
#2255=ORIENTED_EDGE('',*,*,#4192,.T.);
#2256=ORIENTED_EDGE('',*,*,#4230,.T.);
#2257=ORIENTED_EDGE('',*,*,#4133,.T.);
#2258=ORIENTED_EDGE('',*,*,#4193,.F.);
#2259=ORIENTED_EDGE('',*,*,#4163,.T.);
#2260=ORIENTED_EDGE('',*,*,#3973,.T.);
#2261=ORIENTED_EDGE('',*,*,#4013,.T.);
#2262=ORIENTED_EDGE('',*,*,#4043,.T.);
#2263=ORIENTED_EDGE('',*,*,#4073,.T.);
#2264=ORIENTED_EDGE('',*,*,#4104,.F.);
#2265=ORIENTED_EDGE('',*,*,#4160,.T.);
#2266=ORIENTED_EDGE('',*,*,#4229,.F.);
#2267=ORIENTED_EDGE('',*,*,#4190,.T.);
#2268=ORIENTED_EDGE('',*,*,#4009,.T.);
#2269=ORIENTED_EDGE('',*,*,#4040,.T.);
#2270=ORIENTED_EDGE('',*,*,#4070,.T.);
#2271=ORIENTED_EDGE('',*,*,#4100,.T.);
#2272=ORIENTED_EDGE('',*,*,#4131,.F.);
#2273=ORIENTED_EDGE('',*,*,#4158,.T.);
#2274=ORIENTED_EDGE('',*,*,#4129,.F.);
#2275=ORIENTED_EDGE('',*,*,#4098,.T.);
#2276=ORIENTED_EDGE('',*,*,#4068,.T.);
#2277=ORIENTED_EDGE('',*,*,#4038,.T.);
#2278=ORIENTED_EDGE('',*,*,#4007,.T.);
#2279=ORIENTED_EDGE('',*,*,#4189,.T.);
#2280=ORIENTED_EDGE('',*,*,#4226,.T.);
#2281=ORIENTED_EDGE('',*,*,#4157,.T.);
#2282=ORIENTED_EDGE('',*,*,#4225,.F.);
#2283=ORIENTED_EDGE('',*,*,#4187,.T.);
#2284=ORIENTED_EDGE('',*,*,#4005,.T.);
#2285=ORIENTED_EDGE('',*,*,#4037,.T.);
#2286=ORIENTED_EDGE('',*,*,#4067,.T.);
#2287=ORIENTED_EDGE('',*,*,#4097,.T.);
#2288=ORIENTED_EDGE('',*,*,#4128,.F.);
#2289=ORIENTED_EDGE('',*,*,#4155,.T.);
#2290=ORIENTED_EDGE('',*,*,#4126,.F.);
#2291=ORIENTED_EDGE('',*,*,#4095,.T.);
#2292=ORIENTED_EDGE('',*,*,#4065,.T.);
#2293=ORIENTED_EDGE('',*,*,#4035,.T.);
#2294=ORIENTED_EDGE('',*,*,#4003,.T.);
#2295=ORIENTED_EDGE('',*,*,#4186,.T.);
#2296=ORIENTED_EDGE('',*,*,#4222,.T.);
#2297=ORIENTED_EDGE('',*,*,#4154,.T.);
#2298=ORIENTED_EDGE('',*,*,#4221,.F.);
#2299=ORIENTED_EDGE('',*,*,#4184,.T.);
#2300=ORIENTED_EDGE('',*,*,#4001,.T.);
#2301=ORIENTED_EDGE('',*,*,#4034,.T.);
#2302=ORIENTED_EDGE('',*,*,#4064,.T.);
#2303=ORIENTED_EDGE('',*,*,#4094,.T.);
#2304=ORIENTED_EDGE('',*,*,#4125,.F.);
#2305=ORIENTED_EDGE('',*,*,#4152,.T.);
#2306=ORIENTED_EDGE('',*,*,#4123,.F.);
#2307=ORIENTED_EDGE('',*,*,#4092,.T.);
#2308=ORIENTED_EDGE('',*,*,#4062,.T.);
#2309=ORIENTED_EDGE('',*,*,#4032,.T.);
#2310=ORIENTED_EDGE('',*,*,#3999,.T.);
#2311=ORIENTED_EDGE('',*,*,#4183,.T.);
#2312=ORIENTED_EDGE('',*,*,#4218,.T.);
#2313=ORIENTED_EDGE('',*,*,#4151,.T.);
#2314=ORIENTED_EDGE('',*,*,#4217,.F.);
#2315=ORIENTED_EDGE('',*,*,#4181,.T.);
#2316=ORIENTED_EDGE('',*,*,#3997,.T.);
#2317=ORIENTED_EDGE('',*,*,#4031,.T.);
#2318=ORIENTED_EDGE('',*,*,#4061,.T.);
#2319=ORIENTED_EDGE('',*,*,#4091,.T.);
#2320=ORIENTED_EDGE('',*,*,#4122,.F.);
#2321=ORIENTED_EDGE('',*,*,#4149,.T.);
#2322=ORIENTED_EDGE('',*,*,#4120,.F.);
#2323=ORIENTED_EDGE('',*,*,#4089,.T.);
#2324=ORIENTED_EDGE('',*,*,#4059,.T.);
#2325=ORIENTED_EDGE('',*,*,#4029,.T.);
#2326=ORIENTED_EDGE('',*,*,#3995,.T.);
#2327=ORIENTED_EDGE('',*,*,#4180,.T.);
#2328=ORIENTED_EDGE('',*,*,#4214,.T.);
#2329=ORIENTED_EDGE('',*,*,#4148,.T.);
#2330=ORIENTED_EDGE('',*,*,#4213,.F.);
#2331=ORIENTED_EDGE('',*,*,#4178,.T.);
#2332=ORIENTED_EDGE('',*,*,#3993,.T.);
#2333=ORIENTED_EDGE('',*,*,#4028,.T.);
#2334=ORIENTED_EDGE('',*,*,#4058,.T.);
#2335=ORIENTED_EDGE('',*,*,#4088,.T.);
#2336=ORIENTED_EDGE('',*,*,#4119,.F.);
#2337=ORIENTED_EDGE('',*,*,#4146,.T.);
#2338=ORIENTED_EDGE('',*,*,#4117,.F.);
#2339=ORIENTED_EDGE('',*,*,#4086,.T.);
#2340=ORIENTED_EDGE('',*,*,#4056,.T.);
#2341=ORIENTED_EDGE('',*,*,#4026,.T.);
#2342=ORIENTED_EDGE('',*,*,#3991,.T.);
#2343=ORIENTED_EDGE('',*,*,#4177,.T.);
#2344=ORIENTED_EDGE('',*,*,#4210,.T.);
#2345=ORIENTED_EDGE('',*,*,#4145,.T.);
#2346=ORIENTED_EDGE('',*,*,#4209,.F.);
#2347=ORIENTED_EDGE('',*,*,#4175,.T.);
#2348=ORIENTED_EDGE('',*,*,#3989,.T.);
#2349=ORIENTED_EDGE('',*,*,#4025,.T.);
#2350=ORIENTED_EDGE('',*,*,#4055,.T.);
#2351=ORIENTED_EDGE('',*,*,#4085,.T.);
#2352=ORIENTED_EDGE('',*,*,#4116,.F.);
#2353=ORIENTED_EDGE('',*,*,#4143,.T.);
#2354=ORIENTED_EDGE('',*,*,#4114,.F.);
#2355=ORIENTED_EDGE('',*,*,#4083,.T.);
#2356=ORIENTED_EDGE('',*,*,#4053,.T.);
#2357=ORIENTED_EDGE('',*,*,#4023,.T.);
#2358=ORIENTED_EDGE('',*,*,#3987,.T.);
#2359=ORIENTED_EDGE('',*,*,#4174,.T.);
#2360=ORIENTED_EDGE('',*,*,#4206,.T.);
#2361=ORIENTED_EDGE('',*,*,#4142,.T.);
#2362=ORIENTED_EDGE('',*,*,#4205,.F.);
#2363=ORIENTED_EDGE('',*,*,#4172,.T.);
#2364=ORIENTED_EDGE('',*,*,#3985,.T.);
#2365=ORIENTED_EDGE('',*,*,#4022,.T.);
#2366=ORIENTED_EDGE('',*,*,#4052,.T.);
#2367=ORIENTED_EDGE('',*,*,#4082,.T.);
#2368=ORIENTED_EDGE('',*,*,#4113,.F.);
#2369=ORIENTED_EDGE('',*,*,#4140,.T.);
#2370=ORIENTED_EDGE('',*,*,#4111,.F.);
#2371=ORIENTED_EDGE('',*,*,#4080,.T.);
#2372=ORIENTED_EDGE('',*,*,#4050,.T.);
#2373=ORIENTED_EDGE('',*,*,#4020,.T.);
#2374=ORIENTED_EDGE('',*,*,#3983,.T.);
#2375=ORIENTED_EDGE('',*,*,#4171,.T.);
#2376=ORIENTED_EDGE('',*,*,#4202,.T.);
#2377=ORIENTED_EDGE('',*,*,#4139,.T.);
#2378=ORIENTED_EDGE('',*,*,#4201,.F.);
#2379=ORIENTED_EDGE('',*,*,#4169,.T.);
#2380=ORIENTED_EDGE('',*,*,#3981,.T.);
#2381=ORIENTED_EDGE('',*,*,#4019,.T.);
#2382=ORIENTED_EDGE('',*,*,#4049,.T.);
#2383=ORIENTED_EDGE('',*,*,#4079,.T.);
#2384=ORIENTED_EDGE('',*,*,#4110,.F.);
#2385=ORIENTED_EDGE('',*,*,#4136,.T.);
#2386=ORIENTED_EDGE('',*,*,#4106,.F.);
#2387=ORIENTED_EDGE('',*,*,#4076,.T.);
#2388=ORIENTED_EDGE('',*,*,#4046,.T.);
#2389=ORIENTED_EDGE('',*,*,#4016,.T.);
#2390=ORIENTED_EDGE('',*,*,#3977,.T.);
#2391=ORIENTED_EDGE('',*,*,#4166,.T.);
#2392=ORIENTED_EDGE('',*,*,#4198,.T.);
#2393=ORIENTED_EDGE('',*,*,#3941,.T.);
#2394=ORIENTED_EDGE('',*,*,#3912,.F.);
#2395=ORIENTED_EDGE('',*,*,#3881,.T.);
#2396=ORIENTED_EDGE('',*,*,#3851,.T.);
#2397=ORIENTED_EDGE('',*,*,#3821,.T.);
#2398=ORIENTED_EDGE('',*,*,#3791,.T.);
#2399=ORIENTED_EDGE('',*,*,#3972,.T.);
#2400=ORIENTED_EDGE('',*,*,#4232,.T.);
#2401=ORIENTED_EDGE('',*,*,#3913,.T.);
#2402=ORIENTED_EDGE('',*,*,#4195,.F.);
#2403=ORIENTED_EDGE('',*,*,#3943,.T.);
#2404=ORIENTED_EDGE('',*,*,#3753,.T.);
#2405=ORIENTED_EDGE('',*,*,#3793,.T.);
#2406=ORIENTED_EDGE('',*,*,#3823,.T.);
#2407=ORIENTED_EDGE('',*,*,#3853,.T.);
#2408=ORIENTED_EDGE('',*,*,#3884,.F.);
#2409=ORIENTED_EDGE('',*,*,#3940,.T.);
#2410=ORIENTED_EDGE('',*,*,#4231,.F.);
#2411=ORIENTED_EDGE('',*,*,#3970,.T.);
#2412=ORIENTED_EDGE('',*,*,#3789,.T.);
#2413=ORIENTED_EDGE('',*,*,#3820,.T.);
#2414=ORIENTED_EDGE('',*,*,#3850,.T.);
#2415=ORIENTED_EDGE('',*,*,#3880,.T.);
#2416=ORIENTED_EDGE('',*,*,#3911,.F.);
#2417=ORIENTED_EDGE('',*,*,#3938,.T.);
#2418=ORIENTED_EDGE('',*,*,#3909,.F.);
#2419=ORIENTED_EDGE('',*,*,#3878,.T.);
#2420=ORIENTED_EDGE('',*,*,#3848,.T.);
#2421=ORIENTED_EDGE('',*,*,#3818,.T.);
#2422=ORIENTED_EDGE('',*,*,#3787,.T.);
#2423=ORIENTED_EDGE('',*,*,#3969,.T.);
#2424=ORIENTED_EDGE('',*,*,#4228,.T.);
#2425=ORIENTED_EDGE('',*,*,#3937,.T.);
#2426=ORIENTED_EDGE('',*,*,#4227,.F.);
#2427=ORIENTED_EDGE('',*,*,#3967,.T.);
#2428=ORIENTED_EDGE('',*,*,#3785,.T.);
#2429=ORIENTED_EDGE('',*,*,#3817,.T.);
#2430=ORIENTED_EDGE('',*,*,#3847,.T.);
#2431=ORIENTED_EDGE('',*,*,#3877,.T.);
#2432=ORIENTED_EDGE('',*,*,#3908,.F.);
#2433=ORIENTED_EDGE('',*,*,#3935,.T.);
#2434=ORIENTED_EDGE('',*,*,#3906,.F.);
#2435=ORIENTED_EDGE('',*,*,#3875,.T.);
#2436=ORIENTED_EDGE('',*,*,#3845,.T.);
#2437=ORIENTED_EDGE('',*,*,#3815,.T.);
#2438=ORIENTED_EDGE('',*,*,#3783,.T.);
#2439=ORIENTED_EDGE('',*,*,#3966,.T.);
#2440=ORIENTED_EDGE('',*,*,#4224,.T.);
#2441=ORIENTED_EDGE('',*,*,#3934,.T.);
#2442=ORIENTED_EDGE('',*,*,#4223,.F.);
#2443=ORIENTED_EDGE('',*,*,#3964,.T.);
#2444=ORIENTED_EDGE('',*,*,#3781,.T.);
#2445=ORIENTED_EDGE('',*,*,#3814,.T.);
#2446=ORIENTED_EDGE('',*,*,#3844,.T.);
#2447=ORIENTED_EDGE('',*,*,#3874,.T.);
#2448=ORIENTED_EDGE('',*,*,#3905,.F.);
#2449=ORIENTED_EDGE('',*,*,#3932,.T.);
#2450=ORIENTED_EDGE('',*,*,#3903,.F.);
#2451=ORIENTED_EDGE('',*,*,#3872,.T.);
#2452=ORIENTED_EDGE('',*,*,#3842,.T.);
#2453=ORIENTED_EDGE('',*,*,#3812,.T.);
#2454=ORIENTED_EDGE('',*,*,#3779,.T.);
#2455=ORIENTED_EDGE('',*,*,#3963,.T.);
#2456=ORIENTED_EDGE('',*,*,#4220,.T.);
#2457=ORIENTED_EDGE('',*,*,#3931,.T.);
#2458=ORIENTED_EDGE('',*,*,#4219,.F.);
#2459=ORIENTED_EDGE('',*,*,#3961,.T.);
#2460=ORIENTED_EDGE('',*,*,#3777,.T.);
#2461=ORIENTED_EDGE('',*,*,#3811,.T.);
#2462=ORIENTED_EDGE('',*,*,#3841,.T.);
#2463=ORIENTED_EDGE('',*,*,#3871,.T.);
#2464=ORIENTED_EDGE('',*,*,#3902,.F.);
#2465=ORIENTED_EDGE('',*,*,#3929,.T.);
#2466=ORIENTED_EDGE('',*,*,#3900,.F.);
#2467=ORIENTED_EDGE('',*,*,#3869,.T.);
#2468=ORIENTED_EDGE('',*,*,#3839,.T.);
#2469=ORIENTED_EDGE('',*,*,#3809,.T.);
#2470=ORIENTED_EDGE('',*,*,#3775,.T.);
#2471=ORIENTED_EDGE('',*,*,#3960,.T.);
#2472=ORIENTED_EDGE('',*,*,#4216,.T.);
#2473=ORIENTED_EDGE('',*,*,#3928,.T.);
#2474=ORIENTED_EDGE('',*,*,#4215,.F.);
#2475=ORIENTED_EDGE('',*,*,#3958,.T.);
#2476=ORIENTED_EDGE('',*,*,#3773,.T.);
#2477=ORIENTED_EDGE('',*,*,#3808,.T.);
#2478=ORIENTED_EDGE('',*,*,#3838,.T.);
#2479=ORIENTED_EDGE('',*,*,#3868,.T.);
#2480=ORIENTED_EDGE('',*,*,#3899,.F.);
#2481=ORIENTED_EDGE('',*,*,#3926,.T.);
#2482=ORIENTED_EDGE('',*,*,#3897,.F.);
#2483=ORIENTED_EDGE('',*,*,#3866,.T.);
#2484=ORIENTED_EDGE('',*,*,#3836,.T.);
#2485=ORIENTED_EDGE('',*,*,#3806,.T.);
#2486=ORIENTED_EDGE('',*,*,#3771,.T.);
#2487=ORIENTED_EDGE('',*,*,#3957,.T.);
#2488=ORIENTED_EDGE('',*,*,#4212,.T.);
#2489=ORIENTED_EDGE('',*,*,#3925,.T.);
#2490=ORIENTED_EDGE('',*,*,#4211,.F.);
#2491=ORIENTED_EDGE('',*,*,#3955,.T.);
#2492=ORIENTED_EDGE('',*,*,#3769,.T.);
#2493=ORIENTED_EDGE('',*,*,#3805,.T.);
#2494=ORIENTED_EDGE('',*,*,#3835,.T.);
#2495=ORIENTED_EDGE('',*,*,#3865,.T.);
#2496=ORIENTED_EDGE('',*,*,#3896,.F.);
#2497=ORIENTED_EDGE('',*,*,#3923,.T.);
#2498=ORIENTED_EDGE('',*,*,#3894,.F.);
#2499=ORIENTED_EDGE('',*,*,#3863,.T.);
#2500=ORIENTED_EDGE('',*,*,#3833,.T.);
#2501=ORIENTED_EDGE('',*,*,#3803,.T.);
#2502=ORIENTED_EDGE('',*,*,#3767,.T.);
#2503=ORIENTED_EDGE('',*,*,#3954,.T.);
#2504=ORIENTED_EDGE('',*,*,#4208,.T.);
#2505=ORIENTED_EDGE('',*,*,#3922,.T.);
#2506=ORIENTED_EDGE('',*,*,#4207,.F.);
#2507=ORIENTED_EDGE('',*,*,#3952,.T.);
#2508=ORIENTED_EDGE('',*,*,#3765,.T.);
#2509=ORIENTED_EDGE('',*,*,#3802,.T.);
#2510=ORIENTED_EDGE('',*,*,#3832,.T.);
#2511=ORIENTED_EDGE('',*,*,#3862,.T.);
#2512=ORIENTED_EDGE('',*,*,#3893,.F.);
#2513=ORIENTED_EDGE('',*,*,#3920,.T.);
#2514=ORIENTED_EDGE('',*,*,#3891,.F.);
#2515=ORIENTED_EDGE('',*,*,#3860,.T.);
#2516=ORIENTED_EDGE('',*,*,#3830,.T.);
#2517=ORIENTED_EDGE('',*,*,#3800,.T.);
#2518=ORIENTED_EDGE('',*,*,#3763,.T.);
#2519=ORIENTED_EDGE('',*,*,#3951,.T.);
#2520=ORIENTED_EDGE('',*,*,#4204,.T.);
#2521=ORIENTED_EDGE('',*,*,#3916,.T.);
#2522=ORIENTED_EDGE('',*,*,#3886,.F.);
#2523=ORIENTED_EDGE('',*,*,#3856,.T.);
#2524=ORIENTED_EDGE('',*,*,#3826,.T.);
#2525=ORIENTED_EDGE('',*,*,#3796,.T.);
#2526=ORIENTED_EDGE('',*,*,#3757,.T.);
#2527=ORIENTED_EDGE('',*,*,#3946,.T.);
#2528=ORIENTED_EDGE('',*,*,#4200,.T.);
#2529=ORIENTED_EDGE('',*,*,#3919,.T.);
#2530=ORIENTED_EDGE('',*,*,#4203,.F.);
#2531=ORIENTED_EDGE('',*,*,#3949,.T.);
#2532=ORIENTED_EDGE('',*,*,#3761,.T.);
#2533=ORIENTED_EDGE('',*,*,#3799,.T.);
#2534=ORIENTED_EDGE('',*,*,#3829,.T.);
#2535=ORIENTED_EDGE('',*,*,#3859,.T.);
#2536=ORIENTED_EDGE('',*,*,#3890,.F.);
#2537=ORIENTED_EDGE('',*,*,#3745,.T.);
#2538=ORIENTED_EDGE('',*,*,#3751,.T.);
#2539=ORIENTED_EDGE('',*,*,#3741,.T.);
#2540=ORIENTED_EDGE('',*,*,#3749,.F.);
#2541=ORIENTED_EDGE('',*,*,#4233,.F.);
#2542=ORIENTED_EDGE('',*,*,#4234,.F.);
#2543=ORIENTED_EDGE('',*,*,#4235,.T.);
#2544=ORIENTED_EDGE('',*,*,#4236,.T.);
#2545=ORIENTED_EDGE('',*,*,#4237,.F.);
#2546=ORIENTED_EDGE('',*,*,#4238,.T.);
#2547=ORIENTED_EDGE('',*,*,#4239,.F.);
#2548=ORIENTED_EDGE('',*,*,#4240,.F.);
#2549=ORIENTED_EDGE('',*,*,#4234,.T.);
#2550=ORIENTED_EDGE('',*,*,#4241,.T.);
#2551=ORIENTED_EDGE('',*,*,#4240,.T.);
#2552=ORIENTED_EDGE('',*,*,#4242,.T.);
#2553=ORIENTED_EDGE('',*,*,#4243,.F.);
#2554=ORIENTED_EDGE('',*,*,#4236,.F.);
#2555=ORIENTED_EDGE('',*,*,#4244,.F.);
#2556=ORIENTED_EDGE('',*,*,#4238,.F.);
#2557=ORIENTED_EDGE('',*,*,#4245,.F.);
#2558=ORIENTED_EDGE('',*,*,#4246,.T.);
#2559=ORIENTED_EDGE('',*,*,#4247,.T.);
#2560=ORIENTED_EDGE('',*,*,#4248,.F.);
#2561=ORIENTED_EDGE('',*,*,#4249,.F.);
#2562=ORIENTED_EDGE('',*,*,#4250,.F.);
#2563=ORIENTED_EDGE('',*,*,#4251,.F.);
#2564=ORIENTED_EDGE('',*,*,#4252,.T.);
#2565=ORIENTED_EDGE('',*,*,#4253,.F.);
#2566=ORIENTED_EDGE('',*,*,#4254,.F.);
#2567=ORIENTED_EDGE('',*,*,#4255,.F.);
#2568=ORIENTED_EDGE('',*,*,#4256,.T.);
#2569=ORIENTED_EDGE('',*,*,#4257,.F.);
#2570=ORIENTED_EDGE('',*,*,#4258,.F.);
#2571=ORIENTED_EDGE('',*,*,#4259,.F.);
#2572=ORIENTED_EDGE('',*,*,#4260,.T.);
#2573=ORIENTED_EDGE('',*,*,#4261,.F.);
#2574=ORIENTED_EDGE('',*,*,#4262,.F.);
#2575=ORIENTED_EDGE('',*,*,#4263,.F.);
#2576=ORIENTED_EDGE('',*,*,#4264,.T.);
#2577=ORIENTED_EDGE('',*,*,#4265,.F.);
#2578=ORIENTED_EDGE('',*,*,#4266,.F.);
#2579=ORIENTED_EDGE('',*,*,#4267,.F.);
#2580=ORIENTED_EDGE('',*,*,#4268,.T.);
#2581=ORIENTED_EDGE('',*,*,#4269,.F.);
#2582=ORIENTED_EDGE('',*,*,#4270,.F.);
#2583=ORIENTED_EDGE('',*,*,#4271,.F.);
#2584=ORIENTED_EDGE('',*,*,#4272,.T.);
#2585=ORIENTED_EDGE('',*,*,#4273,.F.);
#2586=ORIENTED_EDGE('',*,*,#4274,.F.);
#2587=ORIENTED_EDGE('',*,*,#4275,.F.);
#2588=ORIENTED_EDGE('',*,*,#4276,.T.);
#2589=ORIENTED_EDGE('',*,*,#4277,.F.);
#2590=ORIENTED_EDGE('',*,*,#4278,.F.);
#2591=ORIENTED_EDGE('',*,*,#4279,.F.);
#2592=ORIENTED_EDGE('',*,*,#4280,.T.);
#2593=ORIENTED_EDGE('',*,*,#4281,.F.);
#2594=ORIENTED_EDGE('',*,*,#4282,.F.);
#2595=ORIENTED_EDGE('',*,*,#4283,.F.);
#2596=ORIENTED_EDGE('',*,*,#4284,.T.);
#2597=ORIENTED_EDGE('',*,*,#4285,.F.);
#2598=ORIENTED_EDGE('',*,*,#4286,.F.);
#2599=ORIENTED_EDGE('',*,*,#4287,.T.);
#2600=ORIENTED_EDGE('',*,*,#4288,.F.);
#2601=ORIENTED_EDGE('',*,*,#4289,.F.);
#2602=ORIENTED_EDGE('',*,*,#4290,.F.);
#2603=ORIENTED_EDGE('',*,*,#4291,.F.);
#2604=ORIENTED_EDGE('',*,*,#4292,.F.);
#2605=ORIENTED_EDGE('',*,*,#4293,.F.);
#2606=ORIENTED_EDGE('',*,*,#4294,.F.);
#2607=ORIENTED_EDGE('',*,*,#4295,.F.);
#2608=ORIENTED_EDGE('',*,*,#4296,.F.);
#2609=ORIENTED_EDGE('',*,*,#4297,.F.);
#2610=ORIENTED_EDGE('',*,*,#4298,.F.);
#2611=ORIENTED_EDGE('',*,*,#4299,.F.);
#2612=ORIENTED_EDGE('',*,*,#4300,.F.);
#2613=ORIENTED_EDGE('',*,*,#4301,.F.);
#2614=ORIENTED_EDGE('',*,*,#4302,.F.);
#2615=ORIENTED_EDGE('',*,*,#4303,.F.);
#2616=ORIENTED_EDGE('',*,*,#4304,.F.);
#2617=ORIENTED_EDGE('',*,*,#4305,.F.);
#2618=ORIENTED_EDGE('',*,*,#4306,.F.);
#2619=ORIENTED_EDGE('',*,*,#4307,.F.);
#2620=ORIENTED_EDGE('',*,*,#4308,.F.);
#2621=ORIENTED_EDGE('',*,*,#4309,.F.);
#2622=ORIENTED_EDGE('',*,*,#4310,.F.);
#2623=ORIENTED_EDGE('',*,*,#4311,.F.);
#2624=ORIENTED_EDGE('',*,*,#4312,.F.);
#2625=ORIENTED_EDGE('',*,*,#4313,.F.);
#2626=ORIENTED_EDGE('',*,*,#4314,.F.);
#2627=ORIENTED_EDGE('',*,*,#4315,.F.);
#2628=ORIENTED_EDGE('',*,*,#4316,.F.);
#2629=ORIENTED_EDGE('',*,*,#4317,.F.);
#2630=ORIENTED_EDGE('',*,*,#4318,.F.);
#2631=ORIENTED_EDGE('',*,*,#4319,.F.);
#2632=ORIENTED_EDGE('',*,*,#4320,.F.);
#2633=ORIENTED_EDGE('',*,*,#4321,.F.);
#2634=ORIENTED_EDGE('',*,*,#4322,.F.);
#2635=ORIENTED_EDGE('',*,*,#4323,.F.);
#2636=ORIENTED_EDGE('',*,*,#4324,.F.);
#2637=ORIENTED_EDGE('',*,*,#4325,.F.);
#2638=ORIENTED_EDGE('',*,*,#4288,.T.);
#2639=ORIENTED_EDGE('',*,*,#4326,.T.);
#2640=ORIENTED_EDGE('',*,*,#4246,.F.);
#2641=ORIENTED_EDGE('',*,*,#4327,.F.);
#2642=ORIENTED_EDGE('',*,*,#4252,.F.);
#2643=ORIENTED_EDGE('',*,*,#4328,.F.);
#2644=ORIENTED_EDGE('',*,*,#4290,.T.);
#2645=ORIENTED_EDGE('',*,*,#4329,.F.);
#2646=ORIENTED_EDGE('',*,*,#4256,.F.);
#2647=ORIENTED_EDGE('',*,*,#4330,.F.);
#2648=ORIENTED_EDGE('',*,*,#4294,.T.);
#2649=ORIENTED_EDGE('',*,*,#4331,.F.);
#2650=ORIENTED_EDGE('',*,*,#4260,.F.);
#2651=ORIENTED_EDGE('',*,*,#4332,.F.);
#2652=ORIENTED_EDGE('',*,*,#4298,.T.);
#2653=ORIENTED_EDGE('',*,*,#4333,.F.);
#2654=ORIENTED_EDGE('',*,*,#4264,.F.);
#2655=ORIENTED_EDGE('',*,*,#4334,.F.);
#2656=ORIENTED_EDGE('',*,*,#4302,.T.);
#2657=ORIENTED_EDGE('',*,*,#4335,.F.);
#2658=ORIENTED_EDGE('',*,*,#4268,.F.);
#2659=ORIENTED_EDGE('',*,*,#4336,.F.);
#2660=ORIENTED_EDGE('',*,*,#4306,.T.);
#2661=ORIENTED_EDGE('',*,*,#4337,.F.);
#2662=ORIENTED_EDGE('',*,*,#4272,.F.);
#2663=ORIENTED_EDGE('',*,*,#4338,.F.);
#2664=ORIENTED_EDGE('',*,*,#4310,.T.);
#2665=ORIENTED_EDGE('',*,*,#4339,.F.);
#2666=ORIENTED_EDGE('',*,*,#4276,.F.);
#2667=ORIENTED_EDGE('',*,*,#4340,.F.);
#2668=ORIENTED_EDGE('',*,*,#4314,.T.);
#2669=ORIENTED_EDGE('',*,*,#4341,.F.);
#2670=ORIENTED_EDGE('',*,*,#4280,.F.);
#2671=ORIENTED_EDGE('',*,*,#4342,.F.);
#2672=ORIENTED_EDGE('',*,*,#4318,.T.);
#2673=ORIENTED_EDGE('',*,*,#4343,.F.);
#2674=ORIENTED_EDGE('',*,*,#4284,.F.);
#2675=ORIENTED_EDGE('',*,*,#4344,.F.);
#2676=ORIENTED_EDGE('',*,*,#4322,.T.);
#2677=ORIENTED_EDGE('',*,*,#4345,.F.);
#2678=ORIENTED_EDGE('',*,*,#4346,.T.);
#2679=ORIENTED_EDGE('',*,*,#4347,.T.);
#2680=ORIENTED_EDGE('',*,*,#4348,.T.);
#2681=ORIENTED_EDGE('',*,*,#4349,.F.);
#2682=ORIENTED_EDGE('',*,*,#4350,.T.);
#2683=ORIENTED_EDGE('',*,*,#4351,.F.);
#2684=ORIENTED_EDGE('',*,*,#4352,.T.);
#2685=ORIENTED_EDGE('',*,*,#4353,.F.);
#2686=ORIENTED_EDGE('',*,*,#4354,.T.);
#2687=ORIENTED_EDGE('',*,*,#4355,.F.);
#2688=ORIENTED_EDGE('',*,*,#4356,.T.);
#2689=ORIENTED_EDGE('',*,*,#4357,.F.);
#2690=ORIENTED_EDGE('',*,*,#4358,.T.);
#2691=ORIENTED_EDGE('',*,*,#4359,.F.);
#2692=ORIENTED_EDGE('',*,*,#4360,.T.);
#2693=ORIENTED_EDGE('',*,*,#4361,.F.);
#2694=ORIENTED_EDGE('',*,*,#4362,.T.);
#2695=ORIENTED_EDGE('',*,*,#4363,.F.);
#2696=ORIENTED_EDGE('',*,*,#4364,.T.);
#2697=ORIENTED_EDGE('',*,*,#4365,.F.);
#2698=ORIENTED_EDGE('',*,*,#4366,.T.);
#2699=ORIENTED_EDGE('',*,*,#4367,.F.);
#2700=ORIENTED_EDGE('',*,*,#4368,.T.);
#2701=ORIENTED_EDGE('',*,*,#4369,.F.);
#2702=ORIENTED_EDGE('',*,*,#4370,.T.);
#2703=ORIENTED_EDGE('',*,*,#4371,.F.);
#2704=ORIENTED_EDGE('',*,*,#4372,.T.);
#2705=ORIENTED_EDGE('',*,*,#4373,.F.);
#2706=ORIENTED_EDGE('',*,*,#4374,.T.);
#2707=ORIENTED_EDGE('',*,*,#4375,.F.);
#2708=ORIENTED_EDGE('',*,*,#4376,.T.);
#2709=ORIENTED_EDGE('',*,*,#4377,.F.);
#2710=ORIENTED_EDGE('',*,*,#4378,.T.);
#2711=ORIENTED_EDGE('',*,*,#4379,.F.);
#2712=ORIENTED_EDGE('',*,*,#4380,.T.);
#2713=ORIENTED_EDGE('',*,*,#4381,.F.);
#2714=ORIENTED_EDGE('',*,*,#4382,.T.);
#2715=ORIENTED_EDGE('',*,*,#4383,.F.);
#2716=ORIENTED_EDGE('',*,*,#4384,.T.);
#2717=ORIENTED_EDGE('',*,*,#4385,.F.);
#2718=ORIENTED_EDGE('',*,*,#4386,.T.);
#2719=ORIENTED_EDGE('',*,*,#4387,.T.);
#2720=ORIENTED_EDGE('',*,*,#4388,.F.);
#2721=ORIENTED_EDGE('',*,*,#4389,.F.);
#2722=ORIENTED_EDGE('',*,*,#4390,.F.);
#2723=ORIENTED_EDGE('',*,*,#4391,.F.);
#2724=ORIENTED_EDGE('',*,*,#4392,.T.);
#2725=ORIENTED_EDGE('',*,*,#4393,.F.);
#2726=ORIENTED_EDGE('',*,*,#4394,.F.);
#2727=ORIENTED_EDGE('',*,*,#4395,.F.);
#2728=ORIENTED_EDGE('',*,*,#4396,.T.);
#2729=ORIENTED_EDGE('',*,*,#4397,.F.);
#2730=ORIENTED_EDGE('',*,*,#4398,.F.);
#2731=ORIENTED_EDGE('',*,*,#4399,.F.);
#2732=ORIENTED_EDGE('',*,*,#4400,.T.);
#2733=ORIENTED_EDGE('',*,*,#4401,.F.);
#2734=ORIENTED_EDGE('',*,*,#4402,.F.);
#2735=ORIENTED_EDGE('',*,*,#4403,.F.);
#2736=ORIENTED_EDGE('',*,*,#4404,.T.);
#2737=ORIENTED_EDGE('',*,*,#4405,.F.);
#2738=ORIENTED_EDGE('',*,*,#4406,.F.);
#2739=ORIENTED_EDGE('',*,*,#4407,.F.);
#2740=ORIENTED_EDGE('',*,*,#4408,.T.);
#2741=ORIENTED_EDGE('',*,*,#4409,.F.);
#2742=ORIENTED_EDGE('',*,*,#4410,.F.);
#2743=ORIENTED_EDGE('',*,*,#4411,.F.);
#2744=ORIENTED_EDGE('',*,*,#4412,.T.);
#2745=ORIENTED_EDGE('',*,*,#4413,.F.);
#2746=ORIENTED_EDGE('',*,*,#4414,.F.);
#2747=ORIENTED_EDGE('',*,*,#4415,.F.);
#2748=ORIENTED_EDGE('',*,*,#4416,.T.);
#2749=ORIENTED_EDGE('',*,*,#4417,.F.);
#2750=ORIENTED_EDGE('',*,*,#4418,.F.);
#2751=ORIENTED_EDGE('',*,*,#4419,.F.);
#2752=ORIENTED_EDGE('',*,*,#4420,.T.);
#2753=ORIENTED_EDGE('',*,*,#4421,.F.);
#2754=ORIENTED_EDGE('',*,*,#4422,.F.);
#2755=ORIENTED_EDGE('',*,*,#4423,.F.);
#2756=ORIENTED_EDGE('',*,*,#4424,.T.);
#2757=ORIENTED_EDGE('',*,*,#4425,.F.);
#2758=ORIENTED_EDGE('',*,*,#4388,.T.);
#2759=ORIENTED_EDGE('',*,*,#4426,.T.);
#2760=ORIENTED_EDGE('',*,*,#4346,.F.);
#2761=ORIENTED_EDGE('',*,*,#4427,.F.);
#2762=ORIENTED_EDGE('',*,*,#4352,.F.);
#2763=ORIENTED_EDGE('',*,*,#4428,.F.);
#2764=ORIENTED_EDGE('',*,*,#4390,.T.);
#2765=ORIENTED_EDGE('',*,*,#4429,.F.);
#2766=ORIENTED_EDGE('',*,*,#4356,.F.);
#2767=ORIENTED_EDGE('',*,*,#4430,.F.);
#2768=ORIENTED_EDGE('',*,*,#4394,.T.);
#2769=ORIENTED_EDGE('',*,*,#4431,.F.);
#2770=ORIENTED_EDGE('',*,*,#4360,.F.);
#2771=ORIENTED_EDGE('',*,*,#4432,.F.);
#2772=ORIENTED_EDGE('',*,*,#4398,.T.);
#2773=ORIENTED_EDGE('',*,*,#4433,.F.);
#2774=ORIENTED_EDGE('',*,*,#4364,.F.);
#2775=ORIENTED_EDGE('',*,*,#4434,.F.);
#2776=ORIENTED_EDGE('',*,*,#4402,.T.);
#2777=ORIENTED_EDGE('',*,*,#4435,.F.);
#2778=ORIENTED_EDGE('',*,*,#4368,.F.);
#2779=ORIENTED_EDGE('',*,*,#4436,.F.);
#2780=ORIENTED_EDGE('',*,*,#4406,.T.);
#2781=ORIENTED_EDGE('',*,*,#4437,.F.);
#2782=ORIENTED_EDGE('',*,*,#4372,.F.);
#2783=ORIENTED_EDGE('',*,*,#4438,.F.);
#2784=ORIENTED_EDGE('',*,*,#4410,.T.);
#2785=ORIENTED_EDGE('',*,*,#4439,.F.);
#2786=ORIENTED_EDGE('',*,*,#4376,.F.);
#2787=ORIENTED_EDGE('',*,*,#4440,.F.);
#2788=ORIENTED_EDGE('',*,*,#4414,.T.);
#2789=ORIENTED_EDGE('',*,*,#4441,.F.);
#2790=ORIENTED_EDGE('',*,*,#4380,.F.);
#2791=ORIENTED_EDGE('',*,*,#4442,.F.);
#2792=ORIENTED_EDGE('',*,*,#4418,.T.);
#2793=ORIENTED_EDGE('',*,*,#4443,.F.);
#2794=ORIENTED_EDGE('',*,*,#4384,.F.);
#2795=ORIENTED_EDGE('',*,*,#4444,.F.);
#2796=ORIENTED_EDGE('',*,*,#4422,.T.);
#2797=ORIENTED_EDGE('',*,*,#4283,.T.);
#2798=ORIENTED_EDGE('',*,*,#4445,.T.);
#2799=ORIENTED_EDGE('',*,*,#4323,.T.);
#2800=ORIENTED_EDGE('',*,*,#4344,.T.);
#2801=ORIENTED_EDGE('',*,*,#4446,.F.);
#2802=ORIENTED_EDGE('',*,*,#4247,.F.);
#2803=ORIENTED_EDGE('',*,*,#4326,.F.);
#2804=ORIENTED_EDGE('',*,*,#4287,.F.);
#2805=ORIENTED_EDGE('',*,*,#4250,.T.);
#2806=ORIENTED_EDGE('',*,*,#4447,.T.);
#2807=ORIENTED_EDGE('',*,*,#4292,.T.);
#2808=ORIENTED_EDGE('',*,*,#4448,.F.);
#2809=ORIENTED_EDGE('',*,*,#4254,.T.);
#2810=ORIENTED_EDGE('',*,*,#4449,.T.);
#2811=ORIENTED_EDGE('',*,*,#4296,.T.);
#2812=ORIENTED_EDGE('',*,*,#4450,.F.);
#2813=ORIENTED_EDGE('',*,*,#4258,.T.);
#2814=ORIENTED_EDGE('',*,*,#4451,.T.);
#2815=ORIENTED_EDGE('',*,*,#4300,.T.);
#2816=ORIENTED_EDGE('',*,*,#4452,.F.);
#2817=ORIENTED_EDGE('',*,*,#4262,.T.);
#2818=ORIENTED_EDGE('',*,*,#4453,.T.);
#2819=ORIENTED_EDGE('',*,*,#4304,.T.);
#2820=ORIENTED_EDGE('',*,*,#4454,.F.);
#2821=ORIENTED_EDGE('',*,*,#4266,.T.);
#2822=ORIENTED_EDGE('',*,*,#4455,.T.);
#2823=ORIENTED_EDGE('',*,*,#4308,.T.);
#2824=ORIENTED_EDGE('',*,*,#4456,.F.);
#2825=ORIENTED_EDGE('',*,*,#4270,.T.);
#2826=ORIENTED_EDGE('',*,*,#4457,.T.);
#2827=ORIENTED_EDGE('',*,*,#4312,.T.);
#2828=ORIENTED_EDGE('',*,*,#4458,.F.);
#2829=ORIENTED_EDGE('',*,*,#4274,.T.);
#2830=ORIENTED_EDGE('',*,*,#4459,.T.);
#2831=ORIENTED_EDGE('',*,*,#4316,.T.);
#2832=ORIENTED_EDGE('',*,*,#4460,.F.);
#2833=ORIENTED_EDGE('',*,*,#4278,.T.);
#2834=ORIENTED_EDGE('',*,*,#4461,.T.);
#2835=ORIENTED_EDGE('',*,*,#4320,.T.);
#2836=ORIENTED_EDGE('',*,*,#4462,.F.);
#2837=ORIENTED_EDGE('',*,*,#4282,.T.);
#2838=ORIENTED_EDGE('',*,*,#4463,.T.);
#2839=ORIENTED_EDGE('',*,*,#4324,.T.);
#2840=ORIENTED_EDGE('',*,*,#4445,.F.);
#2841=ORIENTED_EDGE('',*,*,#4286,.T.);
#2842=ORIENTED_EDGE('',*,*,#4464,.F.);
#2843=ORIENTED_EDGE('',*,*,#4248,.T.);
#2844=ORIENTED_EDGE('',*,*,#4446,.T.);
#2845=ORIENTED_EDGE('',*,*,#4386,.F.);
#2846=ORIENTED_EDGE('',*,*,#4465,.F.);
#2847=ORIENTED_EDGE('',*,*,#4348,.F.);
#2848=ORIENTED_EDGE('',*,*,#4466,.F.);
#2849=ORIENTED_EDGE('',*,*,#4350,.F.);
#2850=ORIENTED_EDGE('',*,*,#4467,.T.);
#2851=ORIENTED_EDGE('',*,*,#4392,.F.);
#2852=ORIENTED_EDGE('',*,*,#4468,.F.);
#2853=ORIENTED_EDGE('',*,*,#4354,.F.);
#2854=ORIENTED_EDGE('',*,*,#4469,.T.);
#2855=ORIENTED_EDGE('',*,*,#4396,.F.);
#2856=ORIENTED_EDGE('',*,*,#4470,.F.);
#2857=ORIENTED_EDGE('',*,*,#4358,.F.);
#2858=ORIENTED_EDGE('',*,*,#4471,.T.);
#2859=ORIENTED_EDGE('',*,*,#4400,.F.);
#2860=ORIENTED_EDGE('',*,*,#4472,.F.);
#2861=ORIENTED_EDGE('',*,*,#4362,.F.);
#2862=ORIENTED_EDGE('',*,*,#4473,.T.);
#2863=ORIENTED_EDGE('',*,*,#4404,.F.);
#2864=ORIENTED_EDGE('',*,*,#4474,.F.);
#2865=ORIENTED_EDGE('',*,*,#4366,.F.);
#2866=ORIENTED_EDGE('',*,*,#4475,.T.);
#2867=ORIENTED_EDGE('',*,*,#4408,.F.);
#2868=ORIENTED_EDGE('',*,*,#4476,.F.);
#2869=ORIENTED_EDGE('',*,*,#4370,.F.);
#2870=ORIENTED_EDGE('',*,*,#4477,.T.);
#2871=ORIENTED_EDGE('',*,*,#4412,.F.);
#2872=ORIENTED_EDGE('',*,*,#4478,.F.);
#2873=ORIENTED_EDGE('',*,*,#4374,.F.);
#2874=ORIENTED_EDGE('',*,*,#4479,.T.);
#2875=ORIENTED_EDGE('',*,*,#4416,.F.);
#2876=ORIENTED_EDGE('',*,*,#4480,.F.);
#2877=ORIENTED_EDGE('',*,*,#4378,.F.);
#2878=ORIENTED_EDGE('',*,*,#4481,.T.);
#2879=ORIENTED_EDGE('',*,*,#4420,.F.);
#2880=ORIENTED_EDGE('',*,*,#4482,.F.);
#2881=ORIENTED_EDGE('',*,*,#4382,.F.);
#2882=ORIENTED_EDGE('',*,*,#4483,.T.);
#2883=ORIENTED_EDGE('',*,*,#4424,.F.);
#2884=ORIENTED_EDGE('',*,*,#4484,.T.);
#2885=ORIENTED_EDGE('',*,*,#4244,.T.);
#2886=ORIENTED_EDGE('',*,*,#4235,.F.);
#2887=ORIENTED_EDGE('',*,*,#4242,.F.);
#2888=ORIENTED_EDGE('',*,*,#4239,.T.);
#2889=ORIENTED_EDGE('',*,*,#4484,.F.);
#2890=ORIENTED_EDGE('',*,*,#4423,.T.);
#2891=ORIENTED_EDGE('',*,*,#4444,.T.);
#2892=ORIENTED_EDGE('',*,*,#4383,.T.);
#2893=ORIENTED_EDGE('',*,*,#4387,.F.);
#2894=ORIENTED_EDGE('',*,*,#4466,.T.);
#2895=ORIENTED_EDGE('',*,*,#4347,.F.);
#2896=ORIENTED_EDGE('',*,*,#4426,.F.);
#2897=ORIENTED_EDGE('',*,*,#4381,.T.);
#2898=ORIENTED_EDGE('',*,*,#4443,.T.);
#2899=ORIENTED_EDGE('',*,*,#4421,.T.);
#2900=ORIENTED_EDGE('',*,*,#4483,.F.);
#2901=ORIENTED_EDGE('',*,*,#4379,.T.);
#2902=ORIENTED_EDGE('',*,*,#4482,.T.);
#2903=ORIENTED_EDGE('',*,*,#4419,.T.);
#2904=ORIENTED_EDGE('',*,*,#4442,.T.);
#2905=ORIENTED_EDGE('',*,*,#4377,.T.);
#2906=ORIENTED_EDGE('',*,*,#4441,.T.);
#2907=ORIENTED_EDGE('',*,*,#4417,.T.);
#2908=ORIENTED_EDGE('',*,*,#4481,.F.);
#2909=ORIENTED_EDGE('',*,*,#4375,.T.);
#2910=ORIENTED_EDGE('',*,*,#4480,.T.);
#2911=ORIENTED_EDGE('',*,*,#4415,.T.);
#2912=ORIENTED_EDGE('',*,*,#4440,.T.);
#2913=ORIENTED_EDGE('',*,*,#4373,.T.);
#2914=ORIENTED_EDGE('',*,*,#4439,.T.);
#2915=ORIENTED_EDGE('',*,*,#4413,.T.);
#2916=ORIENTED_EDGE('',*,*,#4479,.F.);
#2917=ORIENTED_EDGE('',*,*,#4371,.T.);
#2918=ORIENTED_EDGE('',*,*,#4478,.T.);
#2919=ORIENTED_EDGE('',*,*,#4411,.T.);
#2920=ORIENTED_EDGE('',*,*,#4438,.T.);
#2921=ORIENTED_EDGE('',*,*,#4369,.T.);
#2922=ORIENTED_EDGE('',*,*,#4437,.T.);
#2923=ORIENTED_EDGE('',*,*,#4409,.T.);
#2924=ORIENTED_EDGE('',*,*,#4477,.F.);
#2925=ORIENTED_EDGE('',*,*,#4367,.T.);
#2926=ORIENTED_EDGE('',*,*,#4476,.T.);
#2927=ORIENTED_EDGE('',*,*,#4407,.T.);
#2928=ORIENTED_EDGE('',*,*,#4436,.T.);
#2929=ORIENTED_EDGE('',*,*,#4365,.T.);
#2930=ORIENTED_EDGE('',*,*,#4435,.T.);
#2931=ORIENTED_EDGE('',*,*,#4405,.T.);
#2932=ORIENTED_EDGE('',*,*,#4475,.F.);
#2933=ORIENTED_EDGE('',*,*,#4363,.T.);
#2934=ORIENTED_EDGE('',*,*,#4474,.T.);
#2935=ORIENTED_EDGE('',*,*,#4403,.T.);
#2936=ORIENTED_EDGE('',*,*,#4434,.T.);
#2937=ORIENTED_EDGE('',*,*,#4361,.T.);
#2938=ORIENTED_EDGE('',*,*,#4433,.T.);
#2939=ORIENTED_EDGE('',*,*,#4401,.T.);
#2940=ORIENTED_EDGE('',*,*,#4473,.F.);
#2941=ORIENTED_EDGE('',*,*,#4359,.T.);
#2942=ORIENTED_EDGE('',*,*,#4472,.T.);
#2943=ORIENTED_EDGE('',*,*,#4399,.T.);
#2944=ORIENTED_EDGE('',*,*,#4432,.T.);
#2945=ORIENTED_EDGE('',*,*,#4357,.T.);
#2946=ORIENTED_EDGE('',*,*,#4431,.T.);
#2947=ORIENTED_EDGE('',*,*,#4397,.T.);
#2948=ORIENTED_EDGE('',*,*,#4471,.F.);
#2949=ORIENTED_EDGE('',*,*,#4355,.T.);
#2950=ORIENTED_EDGE('',*,*,#4470,.T.);
#2951=ORIENTED_EDGE('',*,*,#4395,.T.);
#2952=ORIENTED_EDGE('',*,*,#4430,.T.);
#2953=ORIENTED_EDGE('',*,*,#4353,.T.);
#2954=ORIENTED_EDGE('',*,*,#4429,.T.);
#2955=ORIENTED_EDGE('',*,*,#4393,.T.);
#2956=ORIENTED_EDGE('',*,*,#4469,.F.);
#2957=ORIENTED_EDGE('',*,*,#4351,.T.);
#2958=ORIENTED_EDGE('',*,*,#4468,.T.);
#2959=ORIENTED_EDGE('',*,*,#4391,.T.);
#2960=ORIENTED_EDGE('',*,*,#4428,.T.);
#2961=ORIENTED_EDGE('',*,*,#4349,.T.);
#2962=ORIENTED_EDGE('',*,*,#4427,.T.);
#2963=ORIENTED_EDGE('',*,*,#4389,.T.);
#2964=ORIENTED_EDGE('',*,*,#4467,.F.);
#2965=ORIENTED_EDGE('',*,*,#4345,.T.);
#2966=ORIENTED_EDGE('',*,*,#4465,.T.);
#2967=ORIENTED_EDGE('',*,*,#4385,.T.);
#2968=ORIENTED_EDGE('',*,*,#4425,.T.);
#2969=ORIENTED_EDGE('',*,*,#4281,.T.);
#2970=ORIENTED_EDGE('',*,*,#4343,.T.);
#2971=ORIENTED_EDGE('',*,*,#4321,.T.);
#2972=ORIENTED_EDGE('',*,*,#4463,.F.);
#2973=ORIENTED_EDGE('',*,*,#4279,.T.);
#2974=ORIENTED_EDGE('',*,*,#4462,.T.);
#2975=ORIENTED_EDGE('',*,*,#4319,.T.);
#2976=ORIENTED_EDGE('',*,*,#4342,.T.);
#2977=ORIENTED_EDGE('',*,*,#4277,.T.);
#2978=ORIENTED_EDGE('',*,*,#4341,.T.);
#2979=ORIENTED_EDGE('',*,*,#4317,.T.);
#2980=ORIENTED_EDGE('',*,*,#4461,.F.);
#2981=ORIENTED_EDGE('',*,*,#4275,.T.);
#2982=ORIENTED_EDGE('',*,*,#4460,.T.);
#2983=ORIENTED_EDGE('',*,*,#4315,.T.);
#2984=ORIENTED_EDGE('',*,*,#4340,.T.);
#2985=ORIENTED_EDGE('',*,*,#4273,.T.);
#2986=ORIENTED_EDGE('',*,*,#4339,.T.);
#2987=ORIENTED_EDGE('',*,*,#4313,.T.);
#2988=ORIENTED_EDGE('',*,*,#4459,.F.);
#2989=ORIENTED_EDGE('',*,*,#4271,.T.);
#2990=ORIENTED_EDGE('',*,*,#4458,.T.);
#2991=ORIENTED_EDGE('',*,*,#4311,.T.);
#2992=ORIENTED_EDGE('',*,*,#4338,.T.);
#2993=ORIENTED_EDGE('',*,*,#4269,.T.);
#2994=ORIENTED_EDGE('',*,*,#4337,.T.);
#2995=ORIENTED_EDGE('',*,*,#4309,.T.);
#2996=ORIENTED_EDGE('',*,*,#4457,.F.);
#2997=ORIENTED_EDGE('',*,*,#4267,.T.);
#2998=ORIENTED_EDGE('',*,*,#4456,.T.);
#2999=ORIENTED_EDGE('',*,*,#4307,.T.);
#3000=ORIENTED_EDGE('',*,*,#4336,.T.);
#3001=ORIENTED_EDGE('',*,*,#4265,.T.);
#3002=ORIENTED_EDGE('',*,*,#4335,.T.);
#3003=ORIENTED_EDGE('',*,*,#4305,.T.);
#3004=ORIENTED_EDGE('',*,*,#4455,.F.);
#3005=ORIENTED_EDGE('',*,*,#4263,.T.);
#3006=ORIENTED_EDGE('',*,*,#4454,.T.);
#3007=ORIENTED_EDGE('',*,*,#4303,.T.);
#3008=ORIENTED_EDGE('',*,*,#4334,.T.);
#3009=ORIENTED_EDGE('',*,*,#4261,.T.);
#3010=ORIENTED_EDGE('',*,*,#4333,.T.);
#3011=ORIENTED_EDGE('',*,*,#4301,.T.);
#3012=ORIENTED_EDGE('',*,*,#4453,.F.);
#3013=ORIENTED_EDGE('',*,*,#4259,.T.);
#3014=ORIENTED_EDGE('',*,*,#4452,.T.);
#3015=ORIENTED_EDGE('',*,*,#4299,.T.);
#3016=ORIENTED_EDGE('',*,*,#4332,.T.);
#3017=ORIENTED_EDGE('',*,*,#4257,.T.);
#3018=ORIENTED_EDGE('',*,*,#4331,.T.);
#3019=ORIENTED_EDGE('',*,*,#4297,.T.);
#3020=ORIENTED_EDGE('',*,*,#4451,.F.);
#3021=ORIENTED_EDGE('',*,*,#4255,.T.);
#3022=ORIENTED_EDGE('',*,*,#4450,.T.);
#3023=ORIENTED_EDGE('',*,*,#4295,.T.);
#3024=ORIENTED_EDGE('',*,*,#4330,.T.);
#3025=ORIENTED_EDGE('',*,*,#4253,.T.);
#3026=ORIENTED_EDGE('',*,*,#4329,.T.);
#3027=ORIENTED_EDGE('',*,*,#4293,.T.);
#3028=ORIENTED_EDGE('',*,*,#4449,.F.);
#3029=ORIENTED_EDGE('',*,*,#4251,.T.);
#3030=ORIENTED_EDGE('',*,*,#4448,.T.);
#3031=ORIENTED_EDGE('',*,*,#4291,.T.);
#3032=ORIENTED_EDGE('',*,*,#4328,.T.);
#3033=ORIENTED_EDGE('',*,*,#4245,.T.);
#3034=ORIENTED_EDGE('',*,*,#4464,.T.);
#3035=ORIENTED_EDGE('',*,*,#4285,.T.);
#3036=ORIENTED_EDGE('',*,*,#4325,.T.);
#3037=ORIENTED_EDGE('',*,*,#4249,.T.);
#3038=ORIENTED_EDGE('',*,*,#4327,.T.);
#3039=ORIENTED_EDGE('',*,*,#4289,.T.);
#3040=ORIENTED_EDGE('',*,*,#4447,.F.);
#3041=ORIENTED_EDGE('',*,*,#4233,.T.);
#3042=ORIENTED_EDGE('',*,*,#4243,.T.);
#3043=ORIENTED_EDGE('',*,*,#4237,.T.);
#3044=ORIENTED_EDGE('',*,*,#4241,.F.);
#3045=EDGE_CURVE('',#4485,#4486,#5446,.T.);
#3046=EDGE_CURVE('',#4485,#4487,#5447,.T.);
#3047=EDGE_CURVE('',#4488,#4487,#5448,.T.);
#3048=EDGE_CURVE('',#4488,#4489,#5449,.T.);
#3049=EDGE_CURVE('',#4489,#4490,#5450,.T.);
#3050=EDGE_CURVE('',#4491,#4490,#5451,.T.);
#3051=EDGE_CURVE('',#4491,#4492,#5452,.T.);
#3052=EDGE_CURVE('',#4486,#4492,#5453,.T.);
#3053=EDGE_CURVE('',#4493,#4494,#5454,.T.);
#3054=EDGE_CURVE('',#4495,#4493,#5455,.T.);
#3055=EDGE_CURVE('',#4496,#4495,#5456,.T.);
#3056=EDGE_CURVE('',#4497,#4496,#5457,.T.);
#3057=EDGE_CURVE('',#4497,#4498,#5458,.T.);
#3058=EDGE_CURVE('',#4498,#4499,#5459,.T.);
#3059=EDGE_CURVE('',#4500,#4499,#5460,.T.);
#3060=EDGE_CURVE('',#4500,#4494,#5461,.T.);
#3061=EDGE_CURVE('',#4494,#4485,#5462,.T.);
#3062=EDGE_CURVE('',#4487,#4500,#5463,.T.);
#3063=EDGE_CURVE('',#4501,#4502,#5464,.T.);
#3064=EDGE_CURVE('',#4501,#4503,#5465,.T.);
#3065=EDGE_CURVE('',#4504,#4503,#5466,.T.);
#3066=EDGE_CURVE('',#4504,#4505,#5467,.T.);
#3067=EDGE_CURVE('',#4505,#4506,#5468,.T.);
#3068=EDGE_CURVE('',#4507,#4506,#5469,.T.);
#3069=EDGE_CURVE('',#4507,#4508,#5470,.T.);
#3070=EDGE_CURVE('',#4502,#4508,#5471,.T.);
#3071=EDGE_CURVE('',#4509,#4510,#5472,.T.);
#3072=EDGE_CURVE('',#4511,#4509,#5473,.T.);
#3073=EDGE_CURVE('',#4512,#4511,#5474,.T.);
#3074=EDGE_CURVE('',#4513,#4512,#5475,.T.);
#3075=EDGE_CURVE('',#4513,#4514,#5476,.T.);
#3076=EDGE_CURVE('',#4514,#4515,#5477,.T.);
#3077=EDGE_CURVE('',#4516,#4515,#5478,.T.);
#3078=EDGE_CURVE('',#4516,#4510,#5479,.T.);
#3079=EDGE_CURVE('',#4510,#4501,#5480,.T.);
#3080=EDGE_CURVE('',#4503,#4516,#5481,.T.);
#3081=EDGE_CURVE('',#4517,#4518,#74,.T.);
#3082=EDGE_CURVE('',#4518,#4519,#5482,.T.);
#3083=EDGE_CURVE('',#4519,#4520,#75,.T.);
#3084=EDGE_CURVE('',#4520,#4521,#5483,.T.);
#3085=EDGE_CURVE('',#4521,#4522,#76,.T.);
#3086=EDGE_CURVE('',#4522,#4523,#5484,.T.);
#3087=EDGE_CURVE('',#4523,#4524,#77,.T.);
#3088=EDGE_CURVE('',#4524,#4517,#5485,.T.);
#3089=EDGE_CURVE('',#4525,#4526,#5486,.T.);
#3090=EDGE_CURVE('',#4527,#4525,#5487,.T.);
#3091=EDGE_CURVE('',#4528,#4527,#5488,.T.);
#3092=EDGE_CURVE('',#4526,#4528,#5489,.T.);
#3093=EDGE_CURVE('',#4529,#4530,#5490,.T.);
#3094=EDGE_CURVE('',#4531,#4530,#5491,.T.);
#3095=EDGE_CURVE('',#4532,#4531,#5492,.T.);
#3096=EDGE_CURVE('',#4532,#4529,#5493,.T.);
#3097=EDGE_CURVE('',#4533,#4534,#5494,.T.);
#3098=EDGE_CURVE('',#4533,#4535,#5495,.T.);
#3099=EDGE_CURVE('',#4536,#4535,#5496,.T.);
#3100=EDGE_CURVE('',#4531,#4536,#5497,.T.);
#3101=EDGE_CURVE('',#4534,#4530,#5498,.T.);
#3102=EDGE_CURVE('',#4537,#4525,#5499,.T.);
#3103=EDGE_CURVE('',#4538,#4537,#5500,.T.);
#3104=EDGE_CURVE('',#4539,#4538,#5501,.T.);
#3105=EDGE_CURVE('',#4540,#4539,#5502,.T.);
#3106=EDGE_CURVE('',#4540,#4527,#5503,.T.);
#3107=EDGE_CURVE('',#4538,#4541,#5504,.T.);
#3108=EDGE_CURVE('',#4542,#4541,#5505,.T.);
#3109=EDGE_CURVE('',#4539,#4542,#5506,.T.);
#3110=EDGE_CURVE('',#4543,#4544,#5507,.T.);
#3111=EDGE_CURVE('',#4543,#4545,#5508,.T.);
#3112=EDGE_CURVE('',#4545,#4546,#5509,.T.);
#3113=EDGE_CURVE('',#4546,#4544,#5510,.T.);
#3114=EDGE_CURVE('',#4547,#4547,#78,.T.);
#3115=EDGE_CURVE('',#4544,#4533,#5511,.T.);
#3116=EDGE_CURVE('',#4535,#4546,#5512,.T.);
#3117=EDGE_CURVE('',#4526,#4548,#5513,.T.);
#3118=EDGE_CURVE('',#4549,#4528,#5514,.T.);
#3119=EDGE_CURVE('',#4549,#4548,#5515,.T.);
#3120=EDGE_CURVE('',#4508,#4511,#5516,.T.);
#3121=EDGE_CURVE('',#4512,#4507,#5517,.T.);
#3122=EDGE_CURVE('',#4492,#4495,#5518,.T.);
#3123=EDGE_CURVE('',#4496,#4491,#5519,.T.);
#3124=EDGE_CURVE('',#4550,#4551,#5520,.T.);
#3125=EDGE_CURVE('',#4550,#4552,#5521,.T.);
#3126=EDGE_CURVE('',#4553,#4552,#5522,.T.);
#3127=EDGE_CURVE('',#4554,#4553,#5523,.T.);
#3128=EDGE_CURVE('',#4554,#4555,#5524,.T.);
#3129=EDGE_CURVE('',#4555,#4551,#5525,.T.);
#3130=EDGE_CURVE('',#4556,#4557,#5526,.T.);
#3131=EDGE_CURVE('',#4556,#4558,#5527,.T.);
#3132=EDGE_CURVE('',#4558,#4559,#5528,.T.);
#3133=EDGE_CURVE('',#4560,#4559,#5529,.T.);
#3134=EDGE_CURVE('',#4560,#4561,#5530,.T.);
#3135=EDGE_CURVE('',#4561,#4557,#5531,.T.);
#3136=EDGE_CURVE('',#4562,#4563,#5532,.T.);
#3137=EDGE_CURVE('',#4562,#4564,#5533,.T.);
#3138=EDGE_CURVE('',#4564,#4565,#5534,.T.);
#3139=EDGE_CURVE('',#4566,#4565,#5535,.T.);
#3140=EDGE_CURVE('',#4566,#4567,#5536,.T.);
#3141=EDGE_CURVE('',#4567,#4563,#5537,.T.);
#3142=EDGE_CURVE('',#4568,#4569,#5538,.T.);
#3143=EDGE_CURVE('',#4568,#4570,#5539,.T.);
#3144=EDGE_CURVE('',#4571,#4570,#5540,.T.);
#3145=EDGE_CURVE('',#4572,#4571,#5541,.T.);
#3146=EDGE_CURVE('',#4572,#4573,#5542,.T.);
#3147=EDGE_CURVE('',#4573,#4569,#5543,.T.);
#3148=EDGE_CURVE('',#4563,#4550,#5544,.T.);
#3149=EDGE_CURVE('',#4552,#4567,#5545,.T.);
#3150=EDGE_CURVE('',#4557,#4568,#5546,.T.);
#3151=EDGE_CURVE('',#4570,#4561,#5547,.T.);
#3152=EDGE_CURVE('',#4574,#4575,#5548,.T.);
#3153=EDGE_CURVE('',#4574,#4576,#5549,.T.);
#3154=EDGE_CURVE('',#4577,#4576,#5550,.T.);
#3155=EDGE_CURVE('',#4578,#4577,#5551,.T.);
#3156=EDGE_CURVE('',#4578,#4579,#5552,.T.);
#3157=EDGE_CURVE('',#4579,#4575,#5553,.T.);
#3158=EDGE_CURVE('',#4580,#4581,#5554,.T.);
#3159=EDGE_CURVE('',#4580,#4582,#5555,.T.);
#3160=EDGE_CURVE('',#4582,#4583,#5556,.T.);
#3161=EDGE_CURVE('',#4584,#4583,#5557,.T.);
#3162=EDGE_CURVE('',#4584,#4585,#5558,.T.);
#3163=EDGE_CURVE('',#4585,#4581,#5559,.T.);
#3164=EDGE_CURVE('',#4586,#4587,#5560,.T.);
#3165=EDGE_CURVE('',#4586,#4588,#5561,.T.);
#3166=EDGE_CURVE('',#4588,#4589,#5562,.T.);
#3167=EDGE_CURVE('',#4590,#4589,#5563,.T.);
#3168=EDGE_CURVE('',#4590,#4591,#5564,.T.);
#3169=EDGE_CURVE('',#4591,#4587,#5565,.T.);
#3170=EDGE_CURVE('',#4592,#4593,#5566,.T.);
#3171=EDGE_CURVE('',#4592,#4594,#5567,.T.);
#3172=EDGE_CURVE('',#4595,#4594,#5568,.T.);
#3173=EDGE_CURVE('',#4596,#4595,#5569,.T.);
#3174=EDGE_CURVE('',#4596,#4597,#5570,.T.);
#3175=EDGE_CURVE('',#4597,#4593,#5571,.T.);
#3176=EDGE_CURVE('',#4587,#4574,#5572,.T.);
#3177=EDGE_CURVE('',#4576,#4591,#5573,.T.);
#3178=EDGE_CURVE('',#4581,#4592,#5574,.T.);
#3179=EDGE_CURVE('',#4594,#4585,#5575,.T.);
#3180=EDGE_CURVE('',#4598,#4599,#5576,.T.);
#3181=EDGE_CURVE('',#4598,#4600,#5577,.T.);
#3182=EDGE_CURVE('',#4601,#4600,#5578,.T.);
#3183=EDGE_CURVE('',#4602,#4601,#5579,.T.);
#3184=EDGE_CURVE('',#4602,#4603,#5580,.T.);
#3185=EDGE_CURVE('',#4603,#4599,#5581,.T.);
#3186=EDGE_CURVE('',#4604,#4605,#5582,.T.);
#3187=EDGE_CURVE('',#4604,#4606,#5583,.T.);
#3188=EDGE_CURVE('',#4606,#4607,#5584,.T.);
#3189=EDGE_CURVE('',#4608,#4607,#5585,.T.);
#3190=EDGE_CURVE('',#4608,#4609,#5586,.T.);
#3191=EDGE_CURVE('',#4609,#4605,#5587,.T.);
#3192=EDGE_CURVE('',#4610,#4611,#5588,.T.);
#3193=EDGE_CURVE('',#4610,#4612,#5589,.T.);
#3194=EDGE_CURVE('',#4612,#4613,#5590,.T.);
#3195=EDGE_CURVE('',#4614,#4613,#5591,.T.);
#3196=EDGE_CURVE('',#4614,#4615,#5592,.T.);
#3197=EDGE_CURVE('',#4615,#4611,#5593,.T.);
#3198=EDGE_CURVE('',#4616,#4617,#5594,.T.);
#3199=EDGE_CURVE('',#4616,#4618,#5595,.T.);
#3200=EDGE_CURVE('',#4619,#4618,#5596,.T.);
#3201=EDGE_CURVE('',#4620,#4619,#5597,.T.);
#3202=EDGE_CURVE('',#4620,#4621,#5598,.T.);
#3203=EDGE_CURVE('',#4621,#4617,#5599,.T.);
#3204=EDGE_CURVE('',#4611,#4598,#5600,.T.);
#3205=EDGE_CURVE('',#4600,#4615,#5601,.T.);
#3206=EDGE_CURVE('',#4605,#4616,#5602,.T.);
#3207=EDGE_CURVE('',#4618,#4609,#5603,.T.);
#3208=EDGE_CURVE('',#4622,#4623,#5604,.T.);
#3209=EDGE_CURVE('',#4622,#4624,#5605,.T.);
#3210=EDGE_CURVE('',#4625,#4624,#5606,.T.);
#3211=EDGE_CURVE('',#4626,#4625,#5607,.T.);
#3212=EDGE_CURVE('',#4626,#4627,#5608,.T.);
#3213=EDGE_CURVE('',#4627,#4623,#5609,.T.);
#3214=EDGE_CURVE('',#4628,#4629,#5610,.T.);
#3215=EDGE_CURVE('',#4628,#4630,#5611,.T.);
#3216=EDGE_CURVE('',#4630,#4631,#5612,.T.);
#3217=EDGE_CURVE('',#4632,#4631,#5613,.T.);
#3218=EDGE_CURVE('',#4632,#4633,#5614,.T.);
#3219=EDGE_CURVE('',#4633,#4629,#5615,.T.);
#3220=EDGE_CURVE('',#4634,#4635,#5616,.T.);
#3221=EDGE_CURVE('',#4634,#4636,#5617,.T.);
#3222=EDGE_CURVE('',#4636,#4637,#5618,.T.);
#3223=EDGE_CURVE('',#4638,#4637,#5619,.T.);
#3224=EDGE_CURVE('',#4638,#4639,#5620,.T.);
#3225=EDGE_CURVE('',#4639,#4635,#5621,.T.);
#3226=EDGE_CURVE('',#4640,#4641,#5622,.T.);
#3227=EDGE_CURVE('',#4640,#4642,#5623,.T.);
#3228=EDGE_CURVE('',#4643,#4642,#5624,.T.);
#3229=EDGE_CURVE('',#4644,#4643,#5625,.T.);
#3230=EDGE_CURVE('',#4644,#4645,#5626,.T.);
#3231=EDGE_CURVE('',#4645,#4641,#5627,.T.);
#3232=EDGE_CURVE('',#4635,#4622,#5628,.T.);
#3233=EDGE_CURVE('',#4624,#4639,#5629,.T.);
#3234=EDGE_CURVE('',#4629,#4640,#5630,.T.);
#3235=EDGE_CURVE('',#4642,#4633,#5631,.T.);
#3236=EDGE_CURVE('',#4646,#4647,#5632,.T.);
#3237=EDGE_CURVE('',#4646,#4648,#5633,.T.);
#3238=EDGE_CURVE('',#4649,#4648,#5634,.T.);
#3239=EDGE_CURVE('',#4650,#4649,#5635,.T.);
#3240=EDGE_CURVE('',#4650,#4651,#5636,.T.);
#3241=EDGE_CURVE('',#4651,#4647,#5637,.T.);
#3242=EDGE_CURVE('',#4652,#4653,#5638,.T.);
#3243=EDGE_CURVE('',#4652,#4654,#5639,.T.);
#3244=EDGE_CURVE('',#4654,#4655,#5640,.T.);
#3245=EDGE_CURVE('',#4656,#4655,#5641,.T.);
#3246=EDGE_CURVE('',#4656,#4657,#5642,.T.);
#3247=EDGE_CURVE('',#4657,#4653,#5643,.T.);
#3248=EDGE_CURVE('',#4653,#4646,#5644,.T.);
#3249=EDGE_CURVE('',#4648,#4657,#5645,.T.);
#3250=EDGE_CURVE('',#4658,#4659,#5646,.T.);
#3251=EDGE_CURVE('',#4658,#4660,#5647,.T.);
#3252=EDGE_CURVE('',#4661,#4660,#5648,.T.);
#3253=EDGE_CURVE('',#4662,#4661,#5649,.T.);
#3254=EDGE_CURVE('',#4662,#4663,#5650,.T.);
#3255=EDGE_CURVE('',#4663,#4659,#5651,.T.);
#3256=EDGE_CURVE('',#4664,#4665,#5652,.T.);
#3257=EDGE_CURVE('',#4664,#4666,#5653,.T.);
#3258=EDGE_CURVE('',#4666,#4667,#5654,.T.);
#3259=EDGE_CURVE('',#4668,#4667,#5655,.T.);
#3260=EDGE_CURVE('',#4668,#4669,#5656,.T.);
#3261=EDGE_CURVE('',#4669,#4665,#5657,.T.);
#3262=EDGE_CURVE('',#4665,#4658,#5658,.T.);
#3263=EDGE_CURVE('',#4660,#4669,#5659,.T.);
#3264=EDGE_CURVE('',#4670,#4671,#5660,.T.);
#3265=EDGE_CURVE('',#4670,#4672,#5661,.T.);
#3266=EDGE_CURVE('',#4673,#4672,#5662,.T.);
#3267=EDGE_CURVE('',#4674,#4673,#5663,.T.);
#3268=EDGE_CURVE('',#4674,#4675,#5664,.T.);
#3269=EDGE_CURVE('',#4675,#4671,#5665,.T.);
#3270=EDGE_CURVE('',#4676,#4677,#5666,.T.);
#3271=EDGE_CURVE('',#4676,#4678,#5667,.T.);
#3272=EDGE_CURVE('',#4678,#4679,#5668,.T.);
#3273=EDGE_CURVE('',#4680,#4679,#5669,.T.);
#3274=EDGE_CURVE('',#4680,#4681,#5670,.T.);
#3275=EDGE_CURVE('',#4681,#4677,#5671,.T.);
#3276=EDGE_CURVE('',#4682,#4683,#5672,.T.);
#3277=EDGE_CURVE('',#4682,#4684,#5673,.T.);
#3278=EDGE_CURVE('',#4684,#4685,#5674,.T.);
#3279=EDGE_CURVE('',#4686,#4685,#5675,.T.);
#3280=EDGE_CURVE('',#4686,#4687,#5676,.T.);
#3281=EDGE_CURVE('',#4687,#4683,#5677,.T.);
#3282=EDGE_CURVE('',#4688,#4689,#5678,.T.);
#3283=EDGE_CURVE('',#4688,#4690,#5679,.T.);
#3284=EDGE_CURVE('',#4691,#4690,#5680,.T.);
#3285=EDGE_CURVE('',#4692,#4691,#5681,.T.);
#3286=EDGE_CURVE('',#4692,#4693,#5682,.T.);
#3287=EDGE_CURVE('',#4693,#4689,#5683,.T.);
#3288=EDGE_CURVE('',#4683,#4670,#5684,.T.);
#3289=EDGE_CURVE('',#4672,#4687,#5685,.T.);
#3290=EDGE_CURVE('',#4677,#4688,#5686,.T.);
#3291=EDGE_CURVE('',#4690,#4681,#5687,.T.);
#3292=EDGE_CURVE('',#4694,#4695,#5688,.T.);
#3293=EDGE_CURVE('',#4694,#4696,#5689,.T.);
#3294=EDGE_CURVE('',#4697,#4696,#5690,.T.);
#3295=EDGE_CURVE('',#4698,#4697,#5691,.T.);
#3296=EDGE_CURVE('',#4698,#4699,#5692,.T.);
#3297=EDGE_CURVE('',#4699,#4695,#5693,.T.);
#3298=EDGE_CURVE('',#4700,#4701,#5694,.T.);
#3299=EDGE_CURVE('',#4700,#4702,#5695,.T.);
#3300=EDGE_CURVE('',#4702,#4703,#5696,.T.);
#3301=EDGE_CURVE('',#4704,#4703,#5697,.T.);
#3302=EDGE_CURVE('',#4704,#4705,#5698,.T.);
#3303=EDGE_CURVE('',#4705,#4701,#5699,.T.);
#3304=EDGE_CURVE('',#4706,#4707,#5700,.T.);
#3305=EDGE_CURVE('',#4706,#4708,#5701,.T.);
#3306=EDGE_CURVE('',#4708,#4709,#5702,.T.);
#3307=EDGE_CURVE('',#4710,#4709,#5703,.T.);
#3308=EDGE_CURVE('',#4710,#4711,#5704,.T.);
#3309=EDGE_CURVE('',#4711,#4707,#5705,.T.);
#3310=EDGE_CURVE('',#4712,#4713,#5706,.T.);
#3311=EDGE_CURVE('',#4712,#4714,#5707,.T.);
#3312=EDGE_CURVE('',#4715,#4714,#5708,.T.);
#3313=EDGE_CURVE('',#4716,#4715,#5709,.T.);
#3314=EDGE_CURVE('',#4716,#4717,#5710,.T.);
#3315=EDGE_CURVE('',#4717,#4713,#5711,.T.);
#3316=EDGE_CURVE('',#4707,#4694,#5712,.T.);
#3317=EDGE_CURVE('',#4696,#4711,#5713,.T.);
#3318=EDGE_CURVE('',#4701,#4712,#5714,.T.);
#3319=EDGE_CURVE('',#4714,#4705,#5715,.T.);
#3320=EDGE_CURVE('',#4718,#4719,#5716,.T.);
#3321=EDGE_CURVE('',#4718,#4720,#5717,.T.);
#3322=EDGE_CURVE('',#4721,#4720,#5718,.T.);
#3323=EDGE_CURVE('',#4721,#4719,#5719,.T.);
#3324=EDGE_CURVE('',#4722,#4723,#5720,.T.);
#3325=EDGE_CURVE('',#4722,#4724,#5721,.T.);
#3326=EDGE_CURVE('',#4724,#4725,#5722,.T.);
#3327=EDGE_CURVE('',#4725,#4723,#5723,.T.);
#3328=EDGE_CURVE('',#4726,#4727,#5724,.T.);
#3329=EDGE_CURVE('',#4726,#4728,#5725,.T.);
#3330=EDGE_CURVE('',#4728,#4729,#5726,.T.);
#3331=EDGE_CURVE('',#4729,#4727,#5727,.T.);
#3332=EDGE_CURVE('',#4730,#4731,#5728,.T.);
#3333=EDGE_CURVE('',#4730,#4732,#5729,.T.);
#3334=EDGE_CURVE('',#4733,#4732,#5730,.T.);
#3335=EDGE_CURVE('',#4733,#4731,#5731,.T.);
#3336=EDGE_CURVE('',#4727,#4718,#5732,.T.);
#3337=EDGE_CURVE('',#4720,#4729,#5733,.T.);
#3338=EDGE_CURVE('',#4723,#4730,#5734,.T.);
#3339=EDGE_CURVE('',#4732,#4725,#5735,.T.);
#3340=EDGE_CURVE('',#4565,#4698,#5736,.T.);
#3341=EDGE_CURVE('',#4564,#4699,#5737,.T.);
#3342=EDGE_CURVE('',#4708,#4675,#5738,.T.);
#3343=EDGE_CURVE('',#4709,#4674,#5739,.T.);
#3344=EDGE_CURVE('',#4684,#4663,#5740,.T.);
#3345=EDGE_CURVE('',#4685,#4662,#5741,.T.);
#3346=EDGE_CURVE('',#4666,#4734,#5742,.T.);
#3347=EDGE_CURVE('',#4735,#4734,#5743,.T.);
#3348=EDGE_CURVE('',#4667,#4735,#5744,.T.);
#3349=EDGE_CURVE('',#4702,#4573,#5745,.T.);
#3350=EDGE_CURVE('',#4703,#4572,#5746,.T.);
#3351=EDGE_CURVE('',#4679,#4716,#5747,.T.);
#3352=EDGE_CURVE('',#4678,#4717,#5748,.T.);
#3353=EDGE_CURVE('',#4506,#4692,#5749,.T.);
#3354=EDGE_CURVE('',#4505,#4693,#5750,.T.);
#3355=EDGE_CURVE('',#4736,#4513,#5751,.T.);
#3356=EDGE_CURVE('',#4736,#4737,#5752,.T.);
#3357=EDGE_CURVE('',#4737,#4514,#5753,.T.);
#3358=EDGE_CURVE('',#4738,#4650,#5754,.T.);
#3359=EDGE_CURVE('',#4738,#4739,#5755,.T.);
#3360=EDGE_CURVE('',#4739,#4651,#5756,.T.);
#3361=EDGE_CURVE('',#4654,#4627,#5757,.T.);
#3362=EDGE_CURVE('',#4655,#4626,#5758,.T.);
#3363=EDGE_CURVE('',#4636,#4603,#5759,.T.);
#3364=EDGE_CURVE('',#4637,#4602,#5760,.T.);
#3365=EDGE_CURVE('',#4612,#4579,#5761,.T.);
#3366=EDGE_CURVE('',#4613,#4578,#5762,.T.);
#3367=EDGE_CURVE('',#4588,#4740,#5763,.T.);
#3368=EDGE_CURVE('',#4741,#4740,#5764,.T.);
#3369=EDGE_CURVE('',#4589,#4741,#5765,.T.);
#3370=EDGE_CURVE('',#4489,#4742,#5766,.T.);
#3371=EDGE_CURVE('',#4743,#4742,#5767,.T.);
#3372=EDGE_CURVE('',#4490,#4743,#5768,.T.);
#3373=EDGE_CURVE('',#4631,#4497,#5769,.T.);
#3374=EDGE_CURVE('',#4630,#4498,#5770,.T.);
#3375=EDGE_CURVE('',#4607,#4644,#5771,.T.);
#3376=EDGE_CURVE('',#4606,#4645,#5772,.T.);
#3377=EDGE_CURVE('',#4583,#4620,#5773,.T.);
#3378=EDGE_CURVE('',#4582,#4621,#5774,.T.);
#3379=EDGE_CURVE('',#4744,#4596,#5775,.T.);
#3380=EDGE_CURVE('',#4744,#4745,#5776,.T.);
#3381=EDGE_CURVE('',#4745,#4597,#5777,.T.);
#3382=EDGE_CURVE('',#4746,#4529,#5778,.T.);
#3383=EDGE_CURVE('',#4558,#4746,#5779,.T.);
#3384=EDGE_CURVE('',#4569,#4556,#5780,.T.);
#3385=EDGE_CURVE('',#4713,#4700,#5781,.T.);
#3386=EDGE_CURVE('',#4689,#4676,#5782,.T.);
#3387=EDGE_CURVE('',#4515,#4504,#5783,.T.);
#3388=EDGE_CURVE('',#4747,#4737,#5784,.T.);
#3389=EDGE_CURVE('',#4724,#4747,#5785,.T.);
#3390=EDGE_CURVE('',#4731,#4722,#5786,.T.);
#3391=EDGE_CURVE('',#4748,#4733,#5787,.T.);
#3392=EDGE_CURVE('',#4742,#4748,#5788,.T.);
#3393=EDGE_CURVE('',#4499,#4488,#5789,.T.);
#3394=EDGE_CURVE('',#4641,#4628,#5790,.T.);
#3395=EDGE_CURVE('',#4617,#4604,#5791,.T.);
#3396=EDGE_CURVE('',#4593,#4580,#5792,.T.);
#3397=EDGE_CURVE('',#4541,#4745,#5793,.T.);
#3398=EDGE_CURVE('',#4537,#4548,#5794,.T.);
#3399=EDGE_CURVE('',#4749,#4549,#5795,.T.);
#3400=EDGE_CURVE('',#4740,#4749,#5796,.T.);
#3401=EDGE_CURVE('',#4586,#4575,#5797,.T.);
#3402=EDGE_CURVE('',#4610,#4599,#5798,.T.);
#3403=EDGE_CURVE('',#4634,#4623,#5799,.T.);
#3404=EDGE_CURVE('',#4652,#4647,#5800,.T.);
#3405=EDGE_CURVE('',#4750,#4739,#5801,.T.);
#3406=EDGE_CURVE('',#4728,#4750,#5802,.T.);
#3407=EDGE_CURVE('',#4726,#4719,#5803,.T.);
#3408=EDGE_CURVE('',#4751,#4721,#5804,.T.);
#3409=EDGE_CURVE('',#4734,#4751,#5805,.T.);
#3410=EDGE_CURVE('',#4664,#4659,#5806,.T.);
#3411=EDGE_CURVE('',#4682,#4671,#5807,.T.);
#3412=EDGE_CURVE('',#4706,#4695,#5808,.T.);
#3413=EDGE_CURVE('',#4562,#4551,#5809,.T.);
#3414=EDGE_CURVE('',#4752,#4555,#5810,.T.);
#3415=EDGE_CURVE('',#4753,#4752,#5811,.T.);
#3416=EDGE_CURVE('',#4545,#4753,#5812,.T.);
#3417=EDGE_CURVE('',#4543,#4534,#5813,.T.);
#3418=EDGE_CURVE('',#4754,#4554,#5814,.T.);
#3419=EDGE_CURVE('',#4754,#4752,#5815,.T.);
#3420=EDGE_CURVE('',#4755,#4746,#5816,.T.);
#3421=EDGE_CURVE('',#4559,#4755,#5817,.T.);
#3422=EDGE_CURVE('',#4756,#4757,#5818,.T.);
#3423=EDGE_CURVE('',#4758,#4756,#5819,.T.);
#3424=EDGE_CURVE('',#4759,#4758,#5820,.T.);
#3425=EDGE_CURVE('',#4757,#4759,#5821,.T.);
#3426=EDGE_CURVE('',#4760,#4761,#5822,.T.);
#3427=EDGE_CURVE('',#4762,#4760,#5823,.T.);
#3428=EDGE_CURVE('',#4763,#4762,#5824,.T.);
#3429=EDGE_CURVE('',#4761,#4763,#5825,.T.);
#3430=EDGE_CURVE('',#4764,#4765,#5826,.T.);
#3431=EDGE_CURVE('',#4766,#4764,#5827,.T.);
#3432=EDGE_CURVE('',#4767,#4766,#5828,.T.);
#3433=EDGE_CURVE('',#4765,#4767,#5829,.T.);
#3434=EDGE_CURVE('',#4768,#4769,#5830,.T.);
#3435=EDGE_CURVE('',#4770,#4768,#5831,.T.);
#3436=EDGE_CURVE('',#4771,#4770,#5832,.T.);
#3437=EDGE_CURVE('',#4769,#4771,#5833,.T.);
#3438=EDGE_CURVE('',#4772,#4773,#5834,.T.);
#3439=EDGE_CURVE('',#4774,#4772,#5835,.T.);
#3440=EDGE_CURVE('',#4775,#4774,#5836,.T.);
#3441=EDGE_CURVE('',#4773,#4775,#5837,.T.);
#3442=EDGE_CURVE('',#4776,#4777,#5838,.T.);
#3443=EDGE_CURVE('',#4778,#4776,#5839,.T.);
#3444=EDGE_CURVE('',#4779,#4778,#5840,.T.);
#3445=EDGE_CURVE('',#4777,#4779,#5841,.T.);
#3446=EDGE_CURVE('',#4780,#4781,#5842,.T.);
#3447=EDGE_CURVE('',#4782,#4780,#5843,.T.);
#3448=EDGE_CURVE('',#4783,#4782,#5844,.T.);
#3449=EDGE_CURVE('',#4781,#4783,#5845,.T.);
#3450=EDGE_CURVE('',#4784,#4785,#5846,.T.);
#3451=EDGE_CURVE('',#4786,#4784,#5847,.T.);
#3452=EDGE_CURVE('',#4787,#4786,#5848,.T.);
#3453=EDGE_CURVE('',#4785,#4787,#5849,.T.);
#3454=EDGE_CURVE('',#4788,#4789,#5850,.T.);
#3455=EDGE_CURVE('',#4790,#4788,#5851,.T.);
#3456=EDGE_CURVE('',#4791,#4790,#5852,.T.);
#3457=EDGE_CURVE('',#4789,#4791,#5853,.T.);
#3458=EDGE_CURVE('',#4792,#4793,#5854,.T.);
#3459=EDGE_CURVE('',#4794,#4792,#5855,.T.);
#3460=EDGE_CURVE('',#4795,#4794,#5856,.T.);
#3461=EDGE_CURVE('',#4793,#4795,#5857,.T.);
#3462=EDGE_CURVE('',#4796,#4797,#5858,.T.);
#3463=EDGE_CURVE('',#4798,#4796,#5859,.T.);
#3464=EDGE_CURVE('',#4799,#4798,#5860,.T.);
#3465=EDGE_CURVE('',#4797,#4799,#5861,.T.);
#3466=EDGE_CURVE('',#4800,#4801,#5862,.T.);
#3467=EDGE_CURVE('',#4802,#4800,#5863,.T.);
#3468=EDGE_CURVE('',#4803,#4802,#5864,.T.);
#3469=EDGE_CURVE('',#4801,#4803,#5865,.T.);
#3470=EDGE_CURVE('',#4804,#4805,#5866,.T.);
#3471=EDGE_CURVE('',#4806,#4804,#5867,.T.);
#3472=EDGE_CURVE('',#4807,#4806,#5868,.T.);
#3473=EDGE_CURVE('',#4805,#4807,#5869,.T.);
#3474=EDGE_CURVE('',#4808,#4809,#5870,.T.);
#3475=EDGE_CURVE('',#4810,#4808,#5871,.T.);
#3476=EDGE_CURVE('',#4811,#4810,#5872,.T.);
#3477=EDGE_CURVE('',#4809,#4811,#5873,.T.);
#3478=EDGE_CURVE('',#4812,#4813,#5874,.T.);
#3479=EDGE_CURVE('',#4814,#4812,#5875,.T.);
#3480=EDGE_CURVE('',#4815,#4814,#5876,.T.);
#3481=EDGE_CURVE('',#4813,#4815,#5877,.T.);
#3482=EDGE_CURVE('',#4816,#4817,#5878,.T.);
#3483=EDGE_CURVE('',#4818,#4816,#5879,.T.);
#3484=EDGE_CURVE('',#4819,#4818,#5880,.T.);
#3485=EDGE_CURVE('',#4817,#4819,#5881,.T.);
#3486=EDGE_CURVE('',#4820,#4821,#5882,.T.);
#3487=EDGE_CURVE('',#4822,#4820,#5883,.T.);
#3488=EDGE_CURVE('',#4823,#4822,#5884,.T.);
#3489=EDGE_CURVE('',#4824,#4823,#5885,.T.);
#3490=EDGE_CURVE('',#4825,#4824,#5886,.T.);
#3491=EDGE_CURVE('',#4821,#4825,#5887,.T.);
#3492=EDGE_CURVE('',#4826,#4827,#5888,.T.);
#3493=EDGE_CURVE('',#4828,#4826,#5889,.T.);
#3494=EDGE_CURVE('',#4829,#4828,#5890,.T.);
#3495=EDGE_CURVE('',#4830,#4829,#5891,.T.);
#3496=EDGE_CURVE('',#4831,#4830,#5892,.T.);
#3497=EDGE_CURVE('',#4827,#4831,#5893,.T.);
#3498=EDGE_CURVE('',#4832,#4833,#5894,.T.);
#3499=EDGE_CURVE('',#4834,#4832,#5895,.T.);
#3500=EDGE_CURVE('',#4835,#4834,#5896,.T.);
#3501=EDGE_CURVE('',#4836,#4835,#5897,.T.);
#3502=EDGE_CURVE('',#4833,#4836,#5898,.T.);
#3503=EDGE_CURVE('',#4837,#4838,#5899,.T.);
#3504=EDGE_CURVE('',#4839,#4837,#5900,.T.);
#3505=EDGE_CURVE('',#4840,#4839,#5901,.T.);
#3506=EDGE_CURVE('',#4841,#4840,#5902,.T.);
#3507=EDGE_CURVE('',#4838,#4841,#5903,.T.);
#3508=EDGE_CURVE('',#4743,#4842,#5904,.T.);
#3509=EDGE_CURVE('',#4842,#4843,#5905,.T.);
#3510=EDGE_CURVE('',#4843,#4736,#5906,.T.);
#3511=EDGE_CURVE('',#4691,#4680,#5907,.T.);
#3512=EDGE_CURVE('',#4715,#4704,#5908,.T.);
#3513=EDGE_CURVE('',#4571,#4560,#5909,.T.);
#3514=EDGE_CURVE('',#4755,#4532,#5910,.T.);
#3515=EDGE_CURVE('',#4536,#4844,#5911,.T.);
#3516=EDGE_CURVE('',#4844,#4754,#5912,.T.);
#3517=EDGE_CURVE('',#4553,#4566,#5913,.T.);
#3518=EDGE_CURVE('',#4697,#4710,#5914,.T.);
#3519=EDGE_CURVE('',#4673,#4686,#5915,.T.);
#3520=EDGE_CURVE('',#4661,#4668,#5916,.T.);
#3521=EDGE_CURVE('',#4735,#4845,#5917,.T.);
#3522=EDGE_CURVE('',#4845,#4846,#5918,.T.);
#3523=EDGE_CURVE('',#4846,#4738,#5919,.T.);
#3524=EDGE_CURVE('',#4649,#4656,#5920,.T.);
#3525=EDGE_CURVE('',#4625,#4638,#5921,.T.);
#3526=EDGE_CURVE('',#4601,#4614,#5922,.T.);
#3527=EDGE_CURVE('',#4577,#4590,#5923,.T.);
#3528=EDGE_CURVE('',#4741,#4847,#5924,.T.);
#3529=EDGE_CURVE('',#4847,#4540,#5925,.T.);
#3530=EDGE_CURVE('',#4542,#4744,#5926,.T.);
#3531=EDGE_CURVE('',#4595,#4584,#5927,.T.);
#3532=EDGE_CURVE('',#4619,#4608,#5928,.T.);
#3533=EDGE_CURVE('',#4643,#4632,#5929,.T.);
#3534=EDGE_CURVE('',#4848,#4849,#5930,.T.);
#3535=EDGE_CURVE('',#4850,#4848,#79,.T.);
#3536=EDGE_CURVE('',#4851,#4850,#5931,.T.);
#3537=EDGE_CURVE('',#4852,#4851,#80,.T.);
#3538=EDGE_CURVE('',#4853,#4852,#5932,.T.);
#3539=EDGE_CURVE('',#4854,#4853,#81,.T.);
#3540=EDGE_CURVE('',#4855,#4854,#5933,.T.);
#3541=EDGE_CURVE('',#4849,#4855,#82,.T.);
#3542=EDGE_CURVE('',#4856,#4856,#83,.T.);
#3543=EDGE_CURVE('',#4857,#4750,#5934,.T.);
#3544=EDGE_CURVE('',#4858,#4857,#5935,.T.);
#3545=EDGE_CURVE('',#4858,#4751,#5936,.T.);
#3546=EDGE_CURVE('',#4844,#4753,#5937,.T.);
#3547=EDGE_CURVE('',#4859,#4858,#5938,.T.);
#3548=EDGE_CURVE('',#4860,#4859,#5939,.T.);
#3549=EDGE_CURVE('',#4845,#4860,#5940,.T.);
#3550=EDGE_CURVE('',#4846,#4861,#5941,.T.);
#3551=EDGE_CURVE('',#4861,#4862,#5942,.T.);
#3552=EDGE_CURVE('',#4862,#4857,#5943,.T.);
#3553=EDGE_CURVE('',#4847,#4749,#5944,.T.);
#3554=EDGE_CURVE('',#4842,#4748,#5945,.T.);
#3555=EDGE_CURVE('',#4843,#4747,#5946,.T.);
#3556=EDGE_CURVE('',#4862,#4859,#5947,.T.);
#3557=EDGE_CURVE('',#4861,#4860,#5948,.T.);
#3558=EDGE_CURVE('',#4863,#4863,#84,.T.);
#3559=EDGE_CURVE('',#4850,#4517,#5949,.T.);
#3560=EDGE_CURVE('',#4848,#4518,#5950,.T.);
#3561=EDGE_CURVE('',#4849,#4519,#5951,.T.);
#3562=EDGE_CURVE('',#4855,#4520,#5952,.T.);
#3563=EDGE_CURVE('',#4854,#4521,#5953,.T.);
#3564=EDGE_CURVE('',#4853,#4522,#5954,.T.);
#3565=EDGE_CURVE('',#4852,#4523,#5955,.T.);
#3566=EDGE_CURVE('',#4851,#4524,#5956,.T.);
#3567=EDGE_CURVE('',#4493,#4486,#5957,.T.);
#3568=EDGE_CURVE('',#4509,#4502,#5958,.T.);
#3569=EDGE_CURVE('',#4864,#4838,#5959,.T.);
#3570=EDGE_CURVE('',#4865,#4864,#5960,.T.);
#3571=EDGE_CURVE('',#4865,#4837,#5961,.T.);
#3572=EDGE_CURVE('',#4866,#4841,#5962,.T.);
#3573=EDGE_CURVE('',#4864,#4866,#5963,.T.);
#3574=EDGE_CURVE('',#4867,#4840,#5964,.T.);
#3575=EDGE_CURVE('',#4866,#4867,#5965,.T.);
#3576=EDGE_CURVE('',#4868,#4839,#5966,.T.);
#3577=EDGE_CURVE('',#4867,#4868,#5967,.T.);
#3578=EDGE_CURVE('',#4868,#4865,#5968,.T.);
#3579=EDGE_CURVE('',#4869,#4833,#5969,.T.);
#3580=EDGE_CURVE('',#4870,#4869,#5970,.T.);
#3581=EDGE_CURVE('',#4870,#4832,#5971,.T.);
#3582=EDGE_CURVE('',#4871,#4836,#5972,.T.);
#3583=EDGE_CURVE('',#4869,#4871,#5973,.T.);
#3584=EDGE_CURVE('',#4872,#4835,#5974,.T.);
#3585=EDGE_CURVE('',#4871,#4872,#5975,.T.);
#3586=EDGE_CURVE('',#4873,#4834,#5976,.T.);
#3587=EDGE_CURVE('',#4872,#4873,#5977,.T.);
#3588=EDGE_CURVE('',#4873,#4870,#5978,.T.);
#3589=EDGE_CURVE('',#4874,#4827,#5979,.T.);
#3590=EDGE_CURVE('',#4875,#4874,#5980,.T.);
#3591=EDGE_CURVE('',#4875,#4826,#5981,.T.);
#3592=EDGE_CURVE('',#4876,#4831,#5982,.T.);
#3593=EDGE_CURVE('',#4874,#4876,#5983,.T.);
#3594=EDGE_CURVE('',#4877,#4830,#5984,.T.);
#3595=EDGE_CURVE('',#4876,#4877,#5985,.T.);
#3596=EDGE_CURVE('',#4878,#4829,#5986,.T.);
#3597=EDGE_CURVE('',#4877,#4878,#5987,.T.);
#3598=EDGE_CURVE('',#4879,#4828,#5988,.T.);
#3599=EDGE_CURVE('',#4878,#4879,#5989,.T.);
#3600=EDGE_CURVE('',#4879,#4875,#5990,.T.);
#3601=EDGE_CURVE('',#4880,#4821,#5991,.T.);
#3602=EDGE_CURVE('',#4881,#4880,#5992,.T.);
#3603=EDGE_CURVE('',#4881,#4820,#5993,.T.);
#3604=EDGE_CURVE('',#4882,#4825,#5994,.T.);
#3605=EDGE_CURVE('',#4880,#4882,#5995,.T.);
#3606=EDGE_CURVE('',#4883,#4824,#5996,.T.);
#3607=EDGE_CURVE('',#4882,#4883,#5997,.T.);
#3608=EDGE_CURVE('',#4884,#4823,#5998,.T.);
#3609=EDGE_CURVE('',#4883,#4884,#5999,.T.);
#3610=EDGE_CURVE('',#4885,#4822,#6000,.T.);
#3611=EDGE_CURVE('',#4884,#4885,#6001,.T.);
#3612=EDGE_CURVE('',#4885,#4881,#6002,.T.);
#3613=EDGE_CURVE('',#4886,#4817,#6003,.T.);
#3614=EDGE_CURVE('',#4887,#4886,#6004,.T.);
#3615=EDGE_CURVE('',#4887,#4816,#6005,.T.);
#3616=EDGE_CURVE('',#4888,#4819,#6006,.T.);
#3617=EDGE_CURVE('',#4886,#4888,#6007,.T.);
#3618=EDGE_CURVE('',#4889,#4818,#6008,.T.);
#3619=EDGE_CURVE('',#4888,#4889,#6009,.T.);
#3620=EDGE_CURVE('',#4889,#4887,#6010,.T.);
#3621=EDGE_CURVE('',#4890,#4813,#6011,.T.);
#3622=EDGE_CURVE('',#4891,#4890,#6012,.T.);
#3623=EDGE_CURVE('',#4891,#4812,#6013,.T.);
#3624=EDGE_CURVE('',#4892,#4815,#6014,.T.);
#3625=EDGE_CURVE('',#4890,#4892,#6015,.T.);
#3626=EDGE_CURVE('',#4893,#4814,#6016,.T.);
#3627=EDGE_CURVE('',#4892,#4893,#6017,.T.);
#3628=EDGE_CURVE('',#4893,#4891,#6018,.T.);
#3629=EDGE_CURVE('',#4894,#4809,#6019,.T.);
#3630=EDGE_CURVE('',#4895,#4894,#6020,.T.);
#3631=EDGE_CURVE('',#4895,#4808,#6021,.T.);
#3632=EDGE_CURVE('',#4896,#4811,#6022,.T.);
#3633=EDGE_CURVE('',#4894,#4896,#6023,.T.);
#3634=EDGE_CURVE('',#4897,#4810,#6024,.T.);
#3635=EDGE_CURVE('',#4896,#4897,#6025,.T.);
#3636=EDGE_CURVE('',#4897,#4895,#6026,.T.);
#3637=EDGE_CURVE('',#4898,#4805,#6027,.T.);
#3638=EDGE_CURVE('',#4899,#4898,#6028,.T.);
#3639=EDGE_CURVE('',#4899,#4804,#6029,.T.);
#3640=EDGE_CURVE('',#4900,#4807,#6030,.T.);
#3641=EDGE_CURVE('',#4898,#4900,#6031,.T.);
#3642=EDGE_CURVE('',#4901,#4806,#6032,.T.);
#3643=EDGE_CURVE('',#4900,#4901,#6033,.T.);
#3644=EDGE_CURVE('',#4901,#4899,#6034,.T.);
#3645=EDGE_CURVE('',#4902,#4801,#6035,.T.);
#3646=EDGE_CURVE('',#4903,#4902,#6036,.T.);
#3647=EDGE_CURVE('',#4903,#4800,#6037,.T.);
#3648=EDGE_CURVE('',#4904,#4803,#6038,.T.);
#3649=EDGE_CURVE('',#4902,#4904,#6039,.T.);
#3650=EDGE_CURVE('',#4905,#4802,#6040,.T.);
#3651=EDGE_CURVE('',#4904,#4905,#6041,.T.);
#3652=EDGE_CURVE('',#4905,#4903,#6042,.T.);
#3653=EDGE_CURVE('',#4906,#4797,#6043,.T.);
#3654=EDGE_CURVE('',#4907,#4906,#6044,.T.);
#3655=EDGE_CURVE('',#4907,#4796,#6045,.T.);
#3656=EDGE_CURVE('',#4908,#4799,#6046,.T.);
#3657=EDGE_CURVE('',#4906,#4908,#6047,.T.);
#3658=EDGE_CURVE('',#4909,#4798,#6048,.T.);
#3659=EDGE_CURVE('',#4908,#4909,#6049,.T.);
#3660=EDGE_CURVE('',#4909,#4907,#6050,.T.);
#3661=EDGE_CURVE('',#4910,#4793,#6051,.T.);
#3662=EDGE_CURVE('',#4911,#4910,#6052,.T.);
#3663=EDGE_CURVE('',#4911,#4792,#6053,.T.);
#3664=EDGE_CURVE('',#4912,#4795,#6054,.T.);
#3665=EDGE_CURVE('',#4910,#4912,#6055,.T.);
#3666=EDGE_CURVE('',#4913,#4794,#6056,.T.);
#3667=EDGE_CURVE('',#4912,#4913,#6057,.T.);
#3668=EDGE_CURVE('',#4913,#4911,#6058,.T.);
#3669=EDGE_CURVE('',#4914,#4789,#6059,.T.);
#3670=EDGE_CURVE('',#4915,#4914,#6060,.T.);
#3671=EDGE_CURVE('',#4915,#4788,#6061,.T.);
#3672=EDGE_CURVE('',#4916,#4791,#6062,.T.);
#3673=EDGE_CURVE('',#4914,#4916,#6063,.T.);
#3674=EDGE_CURVE('',#4917,#4790,#6064,.T.);
#3675=EDGE_CURVE('',#4916,#4917,#6065,.T.);
#3676=EDGE_CURVE('',#4917,#4915,#6066,.T.);
#3677=EDGE_CURVE('',#4918,#4785,#6067,.T.);
#3678=EDGE_CURVE('',#4919,#4918,#6068,.T.);
#3679=EDGE_CURVE('',#4919,#4784,#6069,.T.);
#3680=EDGE_CURVE('',#4920,#4787,#6070,.T.);
#3681=EDGE_CURVE('',#4918,#4920,#6071,.T.);
#3682=EDGE_CURVE('',#4921,#4786,#6072,.T.);
#3683=EDGE_CURVE('',#4920,#4921,#6073,.T.);
#3684=EDGE_CURVE('',#4921,#4919,#6074,.T.);
#3685=EDGE_CURVE('',#4922,#4781,#6075,.T.);
#3686=EDGE_CURVE('',#4923,#4922,#6076,.T.);
#3687=EDGE_CURVE('',#4923,#4780,#6077,.T.);
#3688=EDGE_CURVE('',#4924,#4783,#6078,.T.);
#3689=EDGE_CURVE('',#4922,#4924,#6079,.T.);
#3690=EDGE_CURVE('',#4925,#4782,#6080,.T.);
#3691=EDGE_CURVE('',#4924,#4925,#6081,.T.);
#3692=EDGE_CURVE('',#4925,#4923,#6082,.T.);
#3693=EDGE_CURVE('',#4926,#4777,#6083,.T.);
#3694=EDGE_CURVE('',#4927,#4926,#6084,.T.);
#3695=EDGE_CURVE('',#4927,#4776,#6085,.T.);
#3696=EDGE_CURVE('',#4928,#4779,#6086,.T.);
#3697=EDGE_CURVE('',#4926,#4928,#6087,.T.);
#3698=EDGE_CURVE('',#4929,#4778,#6088,.T.);
#3699=EDGE_CURVE('',#4928,#4929,#6089,.T.);
#3700=EDGE_CURVE('',#4929,#4927,#6090,.T.);
#3701=EDGE_CURVE('',#4930,#4773,#6091,.T.);
#3702=EDGE_CURVE('',#4931,#4930,#6092,.T.);
#3703=EDGE_CURVE('',#4931,#4772,#6093,.T.);
#3704=EDGE_CURVE('',#4932,#4775,#6094,.T.);
#3705=EDGE_CURVE('',#4930,#4932,#6095,.T.);
#3706=EDGE_CURVE('',#4933,#4774,#6096,.T.);
#3707=EDGE_CURVE('',#4932,#4933,#6097,.T.);
#3708=EDGE_CURVE('',#4933,#4931,#6098,.T.);
#3709=EDGE_CURVE('',#4934,#4769,#6099,.T.);
#3710=EDGE_CURVE('',#4935,#4934,#6100,.T.);
#3711=EDGE_CURVE('',#4935,#4768,#6101,.T.);
#3712=EDGE_CURVE('',#4936,#4771,#6102,.T.);
#3713=EDGE_CURVE('',#4934,#4936,#6103,.T.);
#3714=EDGE_CURVE('',#4937,#4770,#6104,.T.);
#3715=EDGE_CURVE('',#4936,#4937,#6105,.T.);
#3716=EDGE_CURVE('',#4937,#4935,#6106,.T.);
#3717=EDGE_CURVE('',#4938,#4765,#6107,.T.);
#3718=EDGE_CURVE('',#4939,#4938,#6108,.T.);
#3719=EDGE_CURVE('',#4939,#4764,#6109,.T.);
#3720=EDGE_CURVE('',#4940,#4767,#6110,.T.);
#3721=EDGE_CURVE('',#4938,#4940,#6111,.T.);
#3722=EDGE_CURVE('',#4941,#4766,#6112,.T.);
#3723=EDGE_CURVE('',#4940,#4941,#6113,.T.);
#3724=EDGE_CURVE('',#4941,#4939,#6114,.T.);
#3725=EDGE_CURVE('',#4942,#4761,#6115,.T.);
#3726=EDGE_CURVE('',#4943,#4942,#6116,.T.);
#3727=EDGE_CURVE('',#4943,#4760,#6117,.T.);
#3728=EDGE_CURVE('',#4944,#4763,#6118,.T.);
#3729=EDGE_CURVE('',#4942,#4944,#6119,.T.);
#3730=EDGE_CURVE('',#4945,#4762,#6120,.T.);
#3731=EDGE_CURVE('',#4944,#4945,#6121,.T.);
#3732=EDGE_CURVE('',#4945,#4943,#6122,.T.);
#3733=EDGE_CURVE('',#4946,#4757,#6123,.T.);
#3734=EDGE_CURVE('',#4947,#4946,#6124,.T.);
#3735=EDGE_CURVE('',#4947,#4756,#6125,.T.);
#3736=EDGE_CURVE('',#4948,#4759,#6126,.T.);
#3737=EDGE_CURVE('',#4946,#4948,#6127,.T.);
#3738=EDGE_CURVE('',#4949,#4758,#6128,.T.);
#3739=EDGE_CURVE('',#4948,#4949,#6129,.T.);
#3740=EDGE_CURVE('',#4949,#4947,#6130,.T.);
#3741=EDGE_CURVE('',#4950,#4951,#6131,.T.);
#3742=EDGE_CURVE('',#4950,#4952,#6132,.T.);
#3743=EDGE_CURVE('',#4953,#4952,#6133,.T.);
#3744=EDGE_CURVE('',#4951,#4953,#6134,.T.);
#3745=EDGE_CURVE('',#4954,#4955,#6135,.T.);
#3746=EDGE_CURVE('',#4956,#4954,#6136,.T.);
#3747=EDGE_CURVE('',#4956,#4957,#6137,.T.);
#3748=EDGE_CURVE('',#4957,#4955,#6138,.T.);
#3749=EDGE_CURVE('',#4954,#4951,#6139,.T.);
#3750=EDGE_CURVE('',#4953,#4956,#6140,.T.);
#3751=EDGE_CURVE('',#4955,#4950,#6141,.T.);
#3752=EDGE_CURVE('',#4952,#4957,#6142,.T.);
#3753=EDGE_CURVE('',#4958,#4959,#85,.T.);
#3754=EDGE_CURVE('',#4958,#4960,#6143,.T.);
#3755=EDGE_CURVE('',#4960,#4961,#86,.T.);
#3756=EDGE_CURVE('',#4959,#4961,#6144,.T.);
#3757=EDGE_CURVE('',#4962,#4963,#87,.T.);
#3758=EDGE_CURVE('',#4964,#4962,#6145,.T.);
#3759=EDGE_CURVE('',#4965,#4964,#88,.T.);
#3760=EDGE_CURVE('',#4965,#4963,#6146,.T.);
#3761=EDGE_CURVE('',#4966,#4967,#89,.T.);
#3762=EDGE_CURVE('',#4966,#4968,#6147,.T.);
#3763=EDGE_CURVE('',#4969,#4968,#90,.T.);
#3764=EDGE_CURVE('',#4967,#4969,#6148,.T.);
#3765=EDGE_CURVE('',#4970,#4971,#91,.T.);
#3766=EDGE_CURVE('',#4970,#4972,#6149,.T.);
#3767=EDGE_CURVE('',#4973,#4972,#92,.T.);
#3768=EDGE_CURVE('',#4971,#4973,#6150,.T.);
#3769=EDGE_CURVE('',#4974,#4975,#93,.T.);
#3770=EDGE_CURVE('',#4974,#4976,#6151,.T.);
#3771=EDGE_CURVE('',#4977,#4976,#94,.T.);
#3772=EDGE_CURVE('',#4975,#4977,#6152,.T.);
#3773=EDGE_CURVE('',#4978,#4979,#95,.T.);
#3774=EDGE_CURVE('',#4978,#4980,#6153,.T.);
#3775=EDGE_CURVE('',#4981,#4980,#96,.T.);
#3776=EDGE_CURVE('',#4979,#4981,#6154,.T.);
#3777=EDGE_CURVE('',#4982,#4983,#97,.T.);
#3778=EDGE_CURVE('',#4982,#4984,#6155,.T.);
#3779=EDGE_CURVE('',#4985,#4984,#98,.T.);
#3780=EDGE_CURVE('',#4983,#4985,#6156,.T.);
#3781=EDGE_CURVE('',#4986,#4987,#99,.T.);
#3782=EDGE_CURVE('',#4986,#4988,#6157,.T.);
#3783=EDGE_CURVE('',#4989,#4988,#100,.T.);
#3784=EDGE_CURVE('',#4987,#4989,#6158,.T.);
#3785=EDGE_CURVE('',#4990,#4991,#101,.T.);
#3786=EDGE_CURVE('',#4990,#4992,#6159,.T.);
#3787=EDGE_CURVE('',#4993,#4992,#102,.T.);
#3788=EDGE_CURVE('',#4991,#4993,#6160,.T.);
#3789=EDGE_CURVE('',#4994,#4995,#103,.T.);
#3790=EDGE_CURVE('',#4994,#4996,#6161,.T.);
#3791=EDGE_CURVE('',#4997,#4996,#104,.T.);
#3792=EDGE_CURVE('',#4995,#4997,#6162,.T.);
#3793=EDGE_CURVE('',#4959,#4998,#6163,.T.);
#3794=EDGE_CURVE('',#4961,#4999,#6164,.T.);
#3795=EDGE_CURVE('',#4998,#4999,#6165,.T.);
#3796=EDGE_CURVE('',#5000,#4962,#6166,.T.);
#3797=EDGE_CURVE('',#5001,#5000,#6167,.T.);
#3798=EDGE_CURVE('',#4964,#5001,#6168,.T.);
#3799=EDGE_CURVE('',#4967,#5002,#6169,.T.);
#3800=EDGE_CURVE('',#5003,#4969,#6170,.T.);
#3801=EDGE_CURVE('',#5002,#5003,#6171,.T.);
#3802=EDGE_CURVE('',#4971,#5004,#6172,.T.);
#3803=EDGE_CURVE('',#5005,#4973,#6173,.T.);
#3804=EDGE_CURVE('',#5004,#5005,#6174,.T.);
#3805=EDGE_CURVE('',#4975,#5006,#6175,.T.);
#3806=EDGE_CURVE('',#5007,#4977,#6176,.T.);
#3807=EDGE_CURVE('',#5006,#5007,#6177,.T.);
#3808=EDGE_CURVE('',#4979,#5008,#6178,.T.);
#3809=EDGE_CURVE('',#5009,#4981,#6179,.T.);
#3810=EDGE_CURVE('',#5008,#5009,#6180,.T.);
#3811=EDGE_CURVE('',#4983,#5010,#6181,.T.);
#3812=EDGE_CURVE('',#5011,#4985,#6182,.T.);
#3813=EDGE_CURVE('',#5010,#5011,#6183,.T.);
#3814=EDGE_CURVE('',#4987,#5012,#6184,.T.);
#3815=EDGE_CURVE('',#5013,#4989,#6185,.T.);
#3816=EDGE_CURVE('',#5012,#5013,#6186,.T.);
#3817=EDGE_CURVE('',#4991,#5014,#6187,.T.);
#3818=EDGE_CURVE('',#5015,#4993,#6188,.T.);
#3819=EDGE_CURVE('',#5014,#5015,#6189,.T.);
#3820=EDGE_CURVE('',#4995,#5016,#6190,.T.);
#3821=EDGE_CURVE('',#5017,#4997,#6191,.T.);
#3822=EDGE_CURVE('',#5016,#5017,#6192,.T.);
#3823=EDGE_CURVE('',#4998,#5018,#6193,.T.);
#3824=EDGE_CURVE('',#4999,#5019,#6194,.T.);
#3825=EDGE_CURVE('',#5018,#5019,#6195,.T.);
#3826=EDGE_CURVE('',#5020,#5000,#6196,.T.);
#3827=EDGE_CURVE('',#5021,#5020,#6197,.T.);
#3828=EDGE_CURVE('',#5001,#5021,#6198,.T.);
#3829=EDGE_CURVE('',#5002,#5022,#6199,.T.);
#3830=EDGE_CURVE('',#5023,#5003,#6200,.T.);
#3831=EDGE_CURVE('',#5022,#5023,#6201,.T.);
#3832=EDGE_CURVE('',#5004,#5024,#6202,.T.);
#3833=EDGE_CURVE('',#5025,#5005,#6203,.T.);
#3834=EDGE_CURVE('',#5024,#5025,#6204,.T.);
#3835=EDGE_CURVE('',#5006,#5026,#6205,.T.);
#3836=EDGE_CURVE('',#5027,#5007,#6206,.T.);
#3837=EDGE_CURVE('',#5026,#5027,#6207,.T.);
#3838=EDGE_CURVE('',#5008,#5028,#6208,.T.);
#3839=EDGE_CURVE('',#5029,#5009,#6209,.T.);
#3840=EDGE_CURVE('',#5028,#5029,#6210,.T.);
#3841=EDGE_CURVE('',#5010,#5030,#6211,.T.);
#3842=EDGE_CURVE('',#5031,#5011,#6212,.T.);
#3843=EDGE_CURVE('',#5030,#5031,#6213,.T.);
#3844=EDGE_CURVE('',#5012,#5032,#6214,.T.);
#3845=EDGE_CURVE('',#5033,#5013,#6215,.T.);
#3846=EDGE_CURVE('',#5032,#5033,#6216,.T.);
#3847=EDGE_CURVE('',#5014,#5034,#6217,.T.);
#3848=EDGE_CURVE('',#5035,#5015,#6218,.T.);
#3849=EDGE_CURVE('',#5034,#5035,#6219,.T.);
#3850=EDGE_CURVE('',#5016,#5036,#6220,.T.);
#3851=EDGE_CURVE('',#5037,#5017,#6221,.T.);
#3852=EDGE_CURVE('',#5036,#5037,#6222,.T.);
#3853=EDGE_CURVE('',#5018,#5038,#6223,.T.);
#3854=EDGE_CURVE('',#5019,#5039,#6224,.T.);
#3855=EDGE_CURVE('',#5038,#5039,#6225,.T.);
#3856=EDGE_CURVE('',#5040,#5020,#6226,.T.);
#3857=EDGE_CURVE('',#5041,#5040,#6227,.T.);
#3858=EDGE_CURVE('',#5021,#5041,#6228,.T.);
#3859=EDGE_CURVE('',#5022,#5042,#6229,.T.);
#3860=EDGE_CURVE('',#5043,#5023,#6230,.T.);
#3861=EDGE_CURVE('',#5042,#5043,#6231,.T.);
#3862=EDGE_CURVE('',#5024,#5044,#6232,.T.);
#3863=EDGE_CURVE('',#5045,#5025,#6233,.T.);
#3864=EDGE_CURVE('',#5044,#5045,#6234,.T.);
#3865=EDGE_CURVE('',#5026,#5046,#6235,.T.);
#3866=EDGE_CURVE('',#5047,#5027,#6236,.T.);
#3867=EDGE_CURVE('',#5046,#5047,#6237,.T.);
#3868=EDGE_CURVE('',#5028,#5048,#6238,.T.);
#3869=EDGE_CURVE('',#5049,#5029,#6239,.T.);
#3870=EDGE_CURVE('',#5048,#5049,#6240,.T.);
#3871=EDGE_CURVE('',#5030,#5050,#6241,.T.);
#3872=EDGE_CURVE('',#5051,#5031,#6242,.T.);
#3873=EDGE_CURVE('',#5050,#5051,#6243,.T.);
#3874=EDGE_CURVE('',#5032,#5052,#6244,.T.);
#3875=EDGE_CURVE('',#5053,#5033,#6245,.T.);
#3876=EDGE_CURVE('',#5052,#5053,#6246,.T.);
#3877=EDGE_CURVE('',#5034,#5054,#6247,.T.);
#3878=EDGE_CURVE('',#5055,#5035,#6248,.T.);
#3879=EDGE_CURVE('',#5054,#5055,#6249,.T.);
#3880=EDGE_CURVE('',#5036,#5056,#6250,.T.);
#3881=EDGE_CURVE('',#5057,#5037,#6251,.T.);
#3882=EDGE_CURVE('',#5056,#5057,#6252,.T.);
#3883=EDGE_CURVE('',#5058,#5059,#6253,.T.);
#3884=EDGE_CURVE('',#5058,#5038,#105,.T.);
#3885=EDGE_CURVE('',#5059,#5039,#106,.T.);
#3886=EDGE_CURVE('',#5040,#5060,#107,.T.);
#3887=EDGE_CURVE('',#5061,#5060,#6254,.T.);
#3888=EDGE_CURVE('',#5061,#5041,#108,.T.);
#3889=EDGE_CURVE('',#5062,#5063,#6255,.T.);
#3890=EDGE_CURVE('',#5062,#5042,#109,.T.);
#3891=EDGE_CURVE('',#5043,#5063,#110,.T.);
#3892=EDGE_CURVE('',#5064,#5065,#6256,.T.);
#3893=EDGE_CURVE('',#5064,#5044,#111,.T.);
#3894=EDGE_CURVE('',#5045,#5065,#112,.T.);
#3895=EDGE_CURVE('',#5066,#5067,#6257,.T.);
#3896=EDGE_CURVE('',#5066,#5046,#113,.T.);
#3897=EDGE_CURVE('',#5047,#5067,#114,.T.);
#3898=EDGE_CURVE('',#5068,#5069,#6258,.T.);
#3899=EDGE_CURVE('',#5068,#5048,#115,.T.);
#3900=EDGE_CURVE('',#5049,#5069,#116,.T.);
#3901=EDGE_CURVE('',#5070,#5071,#6259,.T.);
#3902=EDGE_CURVE('',#5070,#5050,#117,.T.);
#3903=EDGE_CURVE('',#5051,#5071,#118,.T.);
#3904=EDGE_CURVE('',#5072,#5073,#6260,.T.);
#3905=EDGE_CURVE('',#5072,#5052,#119,.T.);
#3906=EDGE_CURVE('',#5053,#5073,#120,.T.);
#3907=EDGE_CURVE('',#5074,#5075,#6261,.T.);
#3908=EDGE_CURVE('',#5074,#5054,#121,.T.);
#3909=EDGE_CURVE('',#5055,#5075,#122,.T.);
#3910=EDGE_CURVE('',#5076,#5077,#6262,.T.);
#3911=EDGE_CURVE('',#5076,#5056,#123,.T.);
#3912=EDGE_CURVE('',#5057,#5077,#124,.T.);
#3913=EDGE_CURVE('',#5058,#5078,#6263,.T.);
#3914=EDGE_CURVE('',#5059,#5079,#6264,.T.);
#3915=EDGE_CURVE('',#5078,#5079,#6265,.T.);
#3916=EDGE_CURVE('',#5080,#5060,#6266,.T.);
#3917=EDGE_CURVE('',#5081,#5080,#6267,.T.);
#3918=EDGE_CURVE('',#5061,#5081,#6268,.T.);
#3919=EDGE_CURVE('',#5062,#5082,#6269,.T.);
#3920=EDGE_CURVE('',#5083,#5063,#6270,.T.);
#3921=EDGE_CURVE('',#5082,#5083,#6271,.T.);
#3922=EDGE_CURVE('',#5064,#5084,#6272,.T.);
#3923=EDGE_CURVE('',#5085,#5065,#6273,.T.);
#3924=EDGE_CURVE('',#5084,#5085,#6274,.T.);
#3925=EDGE_CURVE('',#5066,#5086,#6275,.T.);
#3926=EDGE_CURVE('',#5087,#5067,#6276,.T.);
#3927=EDGE_CURVE('',#5086,#5087,#6277,.T.);
#3928=EDGE_CURVE('',#5068,#5088,#6278,.T.);
#3929=EDGE_CURVE('',#5089,#5069,#6279,.T.);
#3930=EDGE_CURVE('',#5088,#5089,#6280,.T.);
#3931=EDGE_CURVE('',#5070,#5090,#6281,.T.);
#3932=EDGE_CURVE('',#5091,#5071,#6282,.T.);
#3933=EDGE_CURVE('',#5090,#5091,#6283,.T.);
#3934=EDGE_CURVE('',#5072,#5092,#6284,.T.);
#3935=EDGE_CURVE('',#5093,#5073,#6285,.T.);
#3936=EDGE_CURVE('',#5092,#5093,#6286,.T.);
#3937=EDGE_CURVE('',#5074,#5094,#6287,.T.);
#3938=EDGE_CURVE('',#5095,#5075,#6288,.T.);
#3939=EDGE_CURVE('',#5094,#5095,#6289,.T.);
#3940=EDGE_CURVE('',#5076,#5096,#6290,.T.);
#3941=EDGE_CURVE('',#5097,#5077,#6291,.T.);
#3942=EDGE_CURVE('',#5096,#5097,#6292,.T.);
#3943=EDGE_CURVE('',#5098,#4958,#6293,.T.);
#3944=EDGE_CURVE('',#5099,#5098,#6294,.T.);
#3945=EDGE_CURVE('',#5099,#4960,#6295,.T.);
#3946=EDGE_CURVE('',#4963,#5100,#6296,.T.);
#3947=EDGE_CURVE('',#5101,#4965,#6297,.T.);
#3948=EDGE_CURVE('',#5100,#5101,#6298,.T.);
#3949=EDGE_CURVE('',#5102,#4966,#6299,.T.);
#3950=EDGE_CURVE('',#5103,#5102,#6300,.T.);
#3951=EDGE_CURVE('',#4968,#5103,#6301,.T.);
#3952=EDGE_CURVE('',#5104,#4970,#6302,.T.);
#3953=EDGE_CURVE('',#5105,#5104,#6303,.T.);
#3954=EDGE_CURVE('',#4972,#5105,#6304,.T.);
#3955=EDGE_CURVE('',#5106,#4974,#6305,.T.);
#3956=EDGE_CURVE('',#5107,#5106,#6306,.T.);
#3957=EDGE_CURVE('',#4976,#5107,#6307,.T.);
#3958=EDGE_CURVE('',#5108,#4978,#6308,.T.);
#3959=EDGE_CURVE('',#5109,#5108,#6309,.T.);
#3960=EDGE_CURVE('',#4980,#5109,#6310,.T.);
#3961=EDGE_CURVE('',#5110,#4982,#6311,.T.);
#3962=EDGE_CURVE('',#5111,#5110,#6312,.T.);
#3963=EDGE_CURVE('',#4984,#5111,#6313,.T.);
#3964=EDGE_CURVE('',#5112,#4986,#6314,.T.);
#3965=EDGE_CURVE('',#5113,#5112,#6315,.T.);
#3966=EDGE_CURVE('',#4988,#5113,#6316,.T.);
#3967=EDGE_CURVE('',#5114,#4990,#6317,.T.);
#3968=EDGE_CURVE('',#5115,#5114,#6318,.T.);
#3969=EDGE_CURVE('',#4992,#5115,#6319,.T.);
#3970=EDGE_CURVE('',#5116,#4994,#6320,.T.);
#3971=EDGE_CURVE('',#5117,#5116,#6321,.T.);
#3972=EDGE_CURVE('',#4996,#5117,#6322,.T.);
#3973=EDGE_CURVE('',#5118,#5119,#125,.T.);
#3974=EDGE_CURVE('',#5118,#5120,#6323,.T.);
#3975=EDGE_CURVE('',#5120,#5121,#126,.T.);
#3976=EDGE_CURVE('',#5119,#5121,#6324,.T.);
#3977=EDGE_CURVE('',#5122,#5123,#127,.T.);
#3978=EDGE_CURVE('',#5124,#5122,#6325,.T.);
#3979=EDGE_CURVE('',#5125,#5124,#128,.T.);
#3980=EDGE_CURVE('',#5125,#5123,#6326,.T.);
#3981=EDGE_CURVE('',#5126,#5127,#129,.T.);
#3982=EDGE_CURVE('',#5126,#5128,#6327,.T.);
#3983=EDGE_CURVE('',#5129,#5128,#130,.T.);
#3984=EDGE_CURVE('',#5127,#5129,#6328,.T.);
#3985=EDGE_CURVE('',#5130,#5131,#131,.T.);
#3986=EDGE_CURVE('',#5130,#5132,#6329,.T.);
#3987=EDGE_CURVE('',#5133,#5132,#132,.T.);
#3988=EDGE_CURVE('',#5131,#5133,#6330,.T.);
#3989=EDGE_CURVE('',#5134,#5135,#133,.T.);
#3990=EDGE_CURVE('',#5134,#5136,#6331,.T.);
#3991=EDGE_CURVE('',#5137,#5136,#134,.T.);
#3992=EDGE_CURVE('',#5135,#5137,#6332,.T.);
#3993=EDGE_CURVE('',#5138,#5139,#135,.T.);
#3994=EDGE_CURVE('',#5138,#5140,#6333,.T.);
#3995=EDGE_CURVE('',#5141,#5140,#136,.T.);
#3996=EDGE_CURVE('',#5139,#5141,#6334,.T.);
#3997=EDGE_CURVE('',#5142,#5143,#137,.T.);
#3998=EDGE_CURVE('',#5142,#5144,#6335,.T.);
#3999=EDGE_CURVE('',#5145,#5144,#138,.T.);
#4000=EDGE_CURVE('',#5143,#5145,#6336,.T.);
#4001=EDGE_CURVE('',#5146,#5147,#139,.T.);
#4002=EDGE_CURVE('',#5146,#5148,#6337,.T.);
#4003=EDGE_CURVE('',#5149,#5148,#140,.T.);
#4004=EDGE_CURVE('',#5147,#5149,#6338,.T.);
#4005=EDGE_CURVE('',#5150,#5151,#141,.T.);
#4006=EDGE_CURVE('',#5150,#5152,#6339,.T.);
#4007=EDGE_CURVE('',#5153,#5152,#142,.T.);
#4008=EDGE_CURVE('',#5151,#5153,#6340,.T.);
#4009=EDGE_CURVE('',#5154,#5155,#143,.T.);
#4010=EDGE_CURVE('',#5154,#5156,#6341,.T.);
#4011=EDGE_CURVE('',#5157,#5156,#144,.T.);
#4012=EDGE_CURVE('',#5155,#5157,#6342,.T.);
#4013=EDGE_CURVE('',#5119,#5158,#6343,.T.);
#4014=EDGE_CURVE('',#5121,#5159,#6344,.T.);
#4015=EDGE_CURVE('',#5158,#5159,#6345,.T.);
#4016=EDGE_CURVE('',#5160,#5122,#6346,.T.);
#4017=EDGE_CURVE('',#5161,#5160,#6347,.T.);
#4018=EDGE_CURVE('',#5124,#5161,#6348,.T.);
#4019=EDGE_CURVE('',#5127,#5162,#6349,.T.);
#4020=EDGE_CURVE('',#5163,#5129,#6350,.T.);
#4021=EDGE_CURVE('',#5162,#5163,#6351,.T.);
#4022=EDGE_CURVE('',#5131,#5164,#6352,.T.);
#4023=EDGE_CURVE('',#5165,#5133,#6353,.T.);
#4024=EDGE_CURVE('',#5164,#5165,#6354,.T.);
#4025=EDGE_CURVE('',#5135,#5166,#6355,.T.);
#4026=EDGE_CURVE('',#5167,#5137,#6356,.T.);
#4027=EDGE_CURVE('',#5166,#5167,#6357,.T.);
#4028=EDGE_CURVE('',#5139,#5168,#6358,.T.);
#4029=EDGE_CURVE('',#5169,#5141,#6359,.T.);
#4030=EDGE_CURVE('',#5168,#5169,#6360,.T.);
#4031=EDGE_CURVE('',#5143,#5170,#6361,.T.);
#4032=EDGE_CURVE('',#5171,#5145,#6362,.T.);
#4033=EDGE_CURVE('',#5170,#5171,#6363,.T.);
#4034=EDGE_CURVE('',#5147,#5172,#6364,.T.);
#4035=EDGE_CURVE('',#5173,#5149,#6365,.T.);
#4036=EDGE_CURVE('',#5172,#5173,#6366,.T.);
#4037=EDGE_CURVE('',#5151,#5174,#6367,.T.);
#4038=EDGE_CURVE('',#5175,#5153,#6368,.T.);
#4039=EDGE_CURVE('',#5174,#5175,#6369,.T.);
#4040=EDGE_CURVE('',#5155,#5176,#6370,.T.);
#4041=EDGE_CURVE('',#5177,#5157,#6371,.T.);
#4042=EDGE_CURVE('',#5176,#5177,#6372,.T.);
#4043=EDGE_CURVE('',#5158,#5178,#6373,.T.);
#4044=EDGE_CURVE('',#5159,#5179,#6374,.T.);
#4045=EDGE_CURVE('',#5178,#5179,#6375,.T.);
#4046=EDGE_CURVE('',#5180,#5160,#6376,.T.);
#4047=EDGE_CURVE('',#5181,#5180,#6377,.T.);
#4048=EDGE_CURVE('',#5161,#5181,#6378,.T.);
#4049=EDGE_CURVE('',#5162,#5182,#6379,.T.);
#4050=EDGE_CURVE('',#5183,#5163,#6380,.T.);
#4051=EDGE_CURVE('',#5182,#5183,#6381,.T.);
#4052=EDGE_CURVE('',#5164,#5184,#6382,.T.);
#4053=EDGE_CURVE('',#5185,#5165,#6383,.T.);
#4054=EDGE_CURVE('',#5184,#5185,#6384,.T.);
#4055=EDGE_CURVE('',#5166,#5186,#6385,.T.);
#4056=EDGE_CURVE('',#5187,#5167,#6386,.T.);
#4057=EDGE_CURVE('',#5186,#5187,#6387,.T.);
#4058=EDGE_CURVE('',#5168,#5188,#6388,.T.);
#4059=EDGE_CURVE('',#5189,#5169,#6389,.T.);
#4060=EDGE_CURVE('',#5188,#5189,#6390,.T.);
#4061=EDGE_CURVE('',#5170,#5190,#6391,.T.);
#4062=EDGE_CURVE('',#5191,#5171,#6392,.T.);
#4063=EDGE_CURVE('',#5190,#5191,#6393,.T.);
#4064=EDGE_CURVE('',#5172,#5192,#6394,.T.);
#4065=EDGE_CURVE('',#5193,#5173,#6395,.T.);
#4066=EDGE_CURVE('',#5192,#5193,#6396,.T.);
#4067=EDGE_CURVE('',#5174,#5194,#6397,.T.);
#4068=EDGE_CURVE('',#5195,#5175,#6398,.T.);
#4069=EDGE_CURVE('',#5194,#5195,#6399,.T.);
#4070=EDGE_CURVE('',#5176,#5196,#6400,.T.);
#4071=EDGE_CURVE('',#5197,#5177,#6401,.T.);
#4072=EDGE_CURVE('',#5196,#5197,#6402,.T.);
#4073=EDGE_CURVE('',#5178,#5198,#6403,.T.);
#4074=EDGE_CURVE('',#5179,#5199,#6404,.T.);
#4075=EDGE_CURVE('',#5198,#5199,#6405,.T.);
#4076=EDGE_CURVE('',#5200,#5180,#6406,.T.);
#4077=EDGE_CURVE('',#5201,#5200,#6407,.T.);
#4078=EDGE_CURVE('',#5181,#5201,#6408,.T.);
#4079=EDGE_CURVE('',#5182,#5202,#6409,.T.);
#4080=EDGE_CURVE('',#5203,#5183,#6410,.T.);
#4081=EDGE_CURVE('',#5202,#5203,#6411,.T.);
#4082=EDGE_CURVE('',#5184,#5204,#6412,.T.);
#4083=EDGE_CURVE('',#5205,#5185,#6413,.T.);
#4084=EDGE_CURVE('',#5204,#5205,#6414,.T.);
#4085=EDGE_CURVE('',#5186,#5206,#6415,.T.);
#4086=EDGE_CURVE('',#5207,#5187,#6416,.T.);
#4087=EDGE_CURVE('',#5206,#5207,#6417,.T.);
#4088=EDGE_CURVE('',#5188,#5208,#6418,.T.);
#4089=EDGE_CURVE('',#5209,#5189,#6419,.T.);
#4090=EDGE_CURVE('',#5208,#5209,#6420,.T.);
#4091=EDGE_CURVE('',#5190,#5210,#6421,.T.);
#4092=EDGE_CURVE('',#5211,#5191,#6422,.T.);
#4093=EDGE_CURVE('',#5210,#5211,#6423,.T.);
#4094=EDGE_CURVE('',#5192,#5212,#6424,.T.);
#4095=EDGE_CURVE('',#5213,#5193,#6425,.T.);
#4096=EDGE_CURVE('',#5212,#5213,#6426,.T.);
#4097=EDGE_CURVE('',#5194,#5214,#6427,.T.);
#4098=EDGE_CURVE('',#5215,#5195,#6428,.T.);
#4099=EDGE_CURVE('',#5214,#5215,#6429,.T.);
#4100=EDGE_CURVE('',#5196,#5216,#6430,.T.);
#4101=EDGE_CURVE('',#5217,#5197,#6431,.T.);
#4102=EDGE_CURVE('',#5216,#5217,#6432,.T.);
#4103=EDGE_CURVE('',#5218,#5219,#6433,.T.);
#4104=EDGE_CURVE('',#5218,#5198,#145,.T.);
#4105=EDGE_CURVE('',#5219,#5199,#146,.T.);
#4106=EDGE_CURVE('',#5200,#5220,#147,.T.);
#4107=EDGE_CURVE('',#5221,#5220,#6434,.T.);
#4108=EDGE_CURVE('',#5221,#5201,#148,.T.);
#4109=EDGE_CURVE('',#5222,#5223,#6435,.T.);
#4110=EDGE_CURVE('',#5222,#5202,#149,.T.);
#4111=EDGE_CURVE('',#5203,#5223,#150,.T.);
#4112=EDGE_CURVE('',#5224,#5225,#6436,.T.);
#4113=EDGE_CURVE('',#5224,#5204,#151,.T.);
#4114=EDGE_CURVE('',#5205,#5225,#152,.T.);
#4115=EDGE_CURVE('',#5226,#5227,#6437,.T.);
#4116=EDGE_CURVE('',#5226,#5206,#153,.T.);
#4117=EDGE_CURVE('',#5207,#5227,#154,.T.);
#4118=EDGE_CURVE('',#5228,#5229,#6438,.T.);
#4119=EDGE_CURVE('',#5228,#5208,#155,.T.);
#4120=EDGE_CURVE('',#5209,#5229,#156,.T.);
#4121=EDGE_CURVE('',#5230,#5231,#6439,.T.);
#4122=EDGE_CURVE('',#5230,#5210,#157,.T.);
#4123=EDGE_CURVE('',#5211,#5231,#158,.T.);
#4124=EDGE_CURVE('',#5232,#5233,#6440,.T.);
#4125=EDGE_CURVE('',#5232,#5212,#159,.T.);
#4126=EDGE_CURVE('',#5213,#5233,#160,.T.);
#4127=EDGE_CURVE('',#5234,#5235,#6441,.T.);
#4128=EDGE_CURVE('',#5234,#5214,#161,.T.);
#4129=EDGE_CURVE('',#5215,#5235,#162,.T.);
#4130=EDGE_CURVE('',#5236,#5237,#6442,.T.);
#4131=EDGE_CURVE('',#5236,#5216,#163,.T.);
#4132=EDGE_CURVE('',#5217,#5237,#164,.T.);
#4133=EDGE_CURVE('',#5218,#5238,#6443,.T.);
#4134=EDGE_CURVE('',#5219,#5239,#6444,.T.);
#4135=EDGE_CURVE('',#5239,#5238,#6445,.T.);
#4136=EDGE_CURVE('',#5240,#5220,#6446,.T.);
#4137=EDGE_CURVE('',#5240,#5241,#6447,.T.);
#4138=EDGE_CURVE('',#5221,#5241,#6448,.T.);
#4139=EDGE_CURVE('',#5222,#5242,#6449,.T.);
#4140=EDGE_CURVE('',#5243,#5223,#6450,.T.);
#4141=EDGE_CURVE('',#5243,#5242,#6451,.T.);
#4142=EDGE_CURVE('',#5224,#5244,#6452,.T.);
#4143=EDGE_CURVE('',#5245,#5225,#6453,.T.);
#4144=EDGE_CURVE('',#5245,#5244,#6454,.T.);
#4145=EDGE_CURVE('',#5226,#5246,#6455,.T.);
#4146=EDGE_CURVE('',#5247,#5227,#6456,.T.);
#4147=EDGE_CURVE('',#5247,#5246,#6457,.T.);
#4148=EDGE_CURVE('',#5228,#5248,#6458,.T.);
#4149=EDGE_CURVE('',#5249,#5229,#6459,.T.);
#4150=EDGE_CURVE('',#5249,#5248,#6460,.T.);
#4151=EDGE_CURVE('',#5230,#5250,#6461,.T.);
#4152=EDGE_CURVE('',#5251,#5231,#6462,.T.);
#4153=EDGE_CURVE('',#5251,#5250,#6463,.T.);
#4154=EDGE_CURVE('',#5232,#5252,#6464,.T.);
#4155=EDGE_CURVE('',#5253,#5233,#6465,.T.);
#4156=EDGE_CURVE('',#5253,#5252,#6466,.T.);
#4157=EDGE_CURVE('',#5234,#5254,#6467,.T.);
#4158=EDGE_CURVE('',#5255,#5235,#6468,.T.);
#4159=EDGE_CURVE('',#5255,#5254,#6469,.T.);
#4160=EDGE_CURVE('',#5236,#5256,#6470,.T.);
#4161=EDGE_CURVE('',#5257,#5237,#6471,.T.);
#4162=EDGE_CURVE('',#5257,#5256,#6472,.T.);
#4163=EDGE_CURVE('',#5258,#5118,#6473,.T.);
#4164=EDGE_CURVE('',#5258,#5259,#6474,.T.);
#4165=EDGE_CURVE('',#5259,#5120,#6475,.T.);
#4166=EDGE_CURVE('',#5123,#5260,#6476,.T.);
#4167=EDGE_CURVE('',#5261,#5125,#6477,.T.);
#4168=EDGE_CURVE('',#5261,#5260,#6478,.T.);
#4169=EDGE_CURVE('',#5262,#5126,#6479,.T.);
#4170=EDGE_CURVE('',#5262,#5263,#6480,.T.);
#4171=EDGE_CURVE('',#5128,#5263,#6481,.T.);
#4172=EDGE_CURVE('',#5264,#5130,#6482,.T.);
#4173=EDGE_CURVE('',#5264,#5265,#6483,.T.);
#4174=EDGE_CURVE('',#5132,#5265,#6484,.T.);
#4175=EDGE_CURVE('',#5266,#5134,#6485,.T.);
#4176=EDGE_CURVE('',#5266,#5267,#6486,.T.);
#4177=EDGE_CURVE('',#5136,#5267,#6487,.T.);
#4178=EDGE_CURVE('',#5268,#5138,#6488,.T.);
#4179=EDGE_CURVE('',#5268,#5269,#6489,.T.);
#4180=EDGE_CURVE('',#5140,#5269,#6490,.T.);
#4181=EDGE_CURVE('',#5270,#5142,#6491,.T.);
#4182=EDGE_CURVE('',#5270,#5271,#6492,.T.);
#4183=EDGE_CURVE('',#5144,#5271,#6493,.T.);
#4184=EDGE_CURVE('',#5272,#5146,#6494,.T.);
#4185=EDGE_CURVE('',#5272,#5273,#6495,.T.);
#4186=EDGE_CURVE('',#5148,#5273,#6496,.T.);
#4187=EDGE_CURVE('',#5274,#5150,#6497,.T.);
#4188=EDGE_CURVE('',#5274,#5275,#6498,.T.);
#4189=EDGE_CURVE('',#5152,#5275,#6499,.T.);
#4190=EDGE_CURVE('',#5276,#5154,#6500,.T.);
#4191=EDGE_CURVE('',#5276,#5277,#6501,.T.);
#4192=EDGE_CURVE('',#5156,#5277,#6502,.T.);
#4193=EDGE_CURVE('',#5258,#5238,#6503,.T.);
#4194=EDGE_CURVE('',#5259,#5239,#6504,.T.);
#4195=EDGE_CURVE('',#5098,#5078,#6505,.T.);
#4196=EDGE_CURVE('',#5079,#5099,#6506,.T.);
#4197=EDGE_CURVE('',#5261,#5241,#6507,.T.);
#4198=EDGE_CURVE('',#5260,#5240,#6508,.T.);
#4199=EDGE_CURVE('',#5081,#5101,#6509,.T.);
#4200=EDGE_CURVE('',#5100,#5080,#6510,.T.);
#4201=EDGE_CURVE('',#5262,#5242,#6511,.T.);
#4202=EDGE_CURVE('',#5263,#5243,#6512,.T.);
#4203=EDGE_CURVE('',#5102,#5082,#6513,.T.);
#4204=EDGE_CURVE('',#5103,#5083,#6514,.T.);
#4205=EDGE_CURVE('',#5264,#5244,#6515,.T.);
#4206=EDGE_CURVE('',#5265,#5245,#6516,.T.);
#4207=EDGE_CURVE('',#5104,#5084,#6517,.T.);
#4208=EDGE_CURVE('',#5105,#5085,#6518,.T.);
#4209=EDGE_CURVE('',#5266,#5246,#6519,.T.);
#4210=EDGE_CURVE('',#5267,#5247,#6520,.T.);
#4211=EDGE_CURVE('',#5106,#5086,#6521,.T.);
#4212=EDGE_CURVE('',#5107,#5087,#6522,.T.);
#4213=EDGE_CURVE('',#5268,#5248,#6523,.T.);
#4214=EDGE_CURVE('',#5269,#5249,#6524,.T.);
#4215=EDGE_CURVE('',#5108,#5088,#6525,.T.);
#4216=EDGE_CURVE('',#5109,#5089,#6526,.T.);
#4217=EDGE_CURVE('',#5270,#5250,#6527,.T.);
#4218=EDGE_CURVE('',#5271,#5251,#6528,.T.);
#4219=EDGE_CURVE('',#5110,#5090,#6529,.T.);
#4220=EDGE_CURVE('',#5111,#5091,#6530,.T.);
#4221=EDGE_CURVE('',#5272,#5252,#6531,.T.);
#4222=EDGE_CURVE('',#5273,#5253,#6532,.T.);
#4223=EDGE_CURVE('',#5112,#5092,#6533,.T.);
#4224=EDGE_CURVE('',#5113,#5093,#6534,.T.);
#4225=EDGE_CURVE('',#5274,#5254,#6535,.T.);
#4226=EDGE_CURVE('',#5275,#5255,#6536,.T.);
#4227=EDGE_CURVE('',#5114,#5094,#6537,.T.);
#4228=EDGE_CURVE('',#5115,#5095,#6538,.T.);
#4229=EDGE_CURVE('',#5276,#5256,#6539,.T.);
#4230=EDGE_CURVE('',#5277,#5257,#6540,.T.);
#4231=EDGE_CURVE('',#5116,#5096,#6541,.T.);
#4232=EDGE_CURVE('',#5117,#5097,#6542,.T.);
#4233=EDGE_CURVE('',#5278,#5279,#6543,.T.);
#4234=EDGE_CURVE('',#5280,#5278,#6544,.T.);
#4235=EDGE_CURVE('',#5280,#5281,#6545,.T.);
#4236=EDGE_CURVE('',#5281,#5279,#6546,.T.);
#4237=EDGE_CURVE('',#5282,#5283,#6547,.T.);
#4238=EDGE_CURVE('',#5282,#5284,#6548,.T.);
#4239=EDGE_CURVE('',#5285,#5284,#6549,.T.);
#4240=EDGE_CURVE('',#5283,#5285,#6550,.T.);
#4241=EDGE_CURVE('',#5278,#5283,#6551,.T.);
#4242=EDGE_CURVE('',#5285,#5280,#6552,.T.);
#4243=EDGE_CURVE('',#5279,#5282,#6553,.T.);
#4244=EDGE_CURVE('',#5284,#5281,#6554,.T.);
#4245=EDGE_CURVE('',#5286,#5287,#6555,.T.);
#4246=EDGE_CURVE('',#5286,#5288,#6556,.T.);
#4247=EDGE_CURVE('',#5288,#5289,#6557,.T.);
#4248=EDGE_CURVE('',#5287,#5289,#6558,.T.);
#4249=EDGE_CURVE('',#5290,#5291,#6559,.T.);
#4250=EDGE_CURVE('',#5292,#5290,#6560,.T.);
#4251=EDGE_CURVE('',#5293,#5292,#6561,.T.);
#4252=EDGE_CURVE('',#5293,#5291,#6562,.T.);
#4253=EDGE_CURVE('',#5294,#5295,#6563,.T.);
#4254=EDGE_CURVE('',#5296,#5294,#6564,.T.);
#4255=EDGE_CURVE('',#5297,#5296,#6565,.T.);
#4256=EDGE_CURVE('',#5297,#5295,#6566,.T.);
#4257=EDGE_CURVE('',#5298,#5299,#6567,.T.);
#4258=EDGE_CURVE('',#5300,#5298,#6568,.T.);
#4259=EDGE_CURVE('',#5301,#5300,#6569,.T.);
#4260=EDGE_CURVE('',#5301,#5299,#6570,.T.);
#4261=EDGE_CURVE('',#5302,#5303,#6571,.T.);
#4262=EDGE_CURVE('',#5304,#5302,#6572,.T.);
#4263=EDGE_CURVE('',#5305,#5304,#6573,.T.);
#4264=EDGE_CURVE('',#5305,#5303,#6574,.T.);
#4265=EDGE_CURVE('',#5306,#5307,#6575,.T.);
#4266=EDGE_CURVE('',#5308,#5306,#6576,.T.);
#4267=EDGE_CURVE('',#5309,#5308,#6577,.T.);
#4268=EDGE_CURVE('',#5309,#5307,#6578,.T.);
#4269=EDGE_CURVE('',#5310,#5311,#6579,.T.);
#4270=EDGE_CURVE('',#5312,#5310,#6580,.T.);
#4271=EDGE_CURVE('',#5313,#5312,#6581,.T.);
#4272=EDGE_CURVE('',#5313,#5311,#6582,.T.);
#4273=EDGE_CURVE('',#5314,#5315,#6583,.T.);
#4274=EDGE_CURVE('',#5316,#5314,#6584,.T.);
#4275=EDGE_CURVE('',#5317,#5316,#6585,.T.);
#4276=EDGE_CURVE('',#5317,#5315,#6586,.T.);
#4277=EDGE_CURVE('',#5318,#5319,#6587,.T.);
#4278=EDGE_CURVE('',#5320,#5318,#6588,.T.);
#4279=EDGE_CURVE('',#5321,#5320,#6589,.T.);
#4280=EDGE_CURVE('',#5321,#5319,#6590,.T.);
#4281=EDGE_CURVE('',#5322,#5323,#6591,.T.);
#4282=EDGE_CURVE('',#5324,#5322,#6592,.T.);
#4283=EDGE_CURVE('',#5325,#5324,#6593,.T.);
#4284=EDGE_CURVE('',#5325,#5323,#6594,.T.);
#4285=EDGE_CURVE('',#5326,#5327,#6595,.T.);
#4286=EDGE_CURVE('',#5328,#5326,#6596,.T.);
#4287=EDGE_CURVE('',#5328,#5329,#6597,.T.);
#4288=EDGE_CURVE('',#5327,#5329,#6598,.T.);
#4289=EDGE_CURVE('',#5330,#5331,#6599,.T.);
#4290=EDGE_CURVE('',#5332,#5330,#6600,.T.);
#4291=EDGE_CURVE('',#5333,#5332,#6601,.T.);
#4292=EDGE_CURVE('',#5331,#5333,#6602,.T.);
#4293=EDGE_CURVE('',#5334,#5335,#6603,.T.);
#4294=EDGE_CURVE('',#5336,#5334,#6604,.T.);
#4295=EDGE_CURVE('',#5337,#5336,#6605,.T.);
#4296=EDGE_CURVE('',#5335,#5337,#6606,.T.);
#4297=EDGE_CURVE('',#5338,#5339,#6607,.T.);
#4298=EDGE_CURVE('',#5340,#5338,#6608,.T.);
#4299=EDGE_CURVE('',#5341,#5340,#6609,.T.);
#4300=EDGE_CURVE('',#5339,#5341,#6610,.T.);
#4301=EDGE_CURVE('',#5342,#5343,#6611,.T.);
#4302=EDGE_CURVE('',#5344,#5342,#6612,.T.);
#4303=EDGE_CURVE('',#5345,#5344,#6613,.T.);
#4304=EDGE_CURVE('',#5343,#5345,#6614,.T.);
#4305=EDGE_CURVE('',#5346,#5347,#6615,.T.);
#4306=EDGE_CURVE('',#5348,#5346,#6616,.T.);
#4307=EDGE_CURVE('',#5349,#5348,#6617,.T.);
#4308=EDGE_CURVE('',#5347,#5349,#6618,.T.);
#4309=EDGE_CURVE('',#5350,#5351,#6619,.T.);
#4310=EDGE_CURVE('',#5352,#5350,#6620,.T.);
#4311=EDGE_CURVE('',#5353,#5352,#6621,.T.);
#4312=EDGE_CURVE('',#5351,#5353,#6622,.T.);
#4313=EDGE_CURVE('',#5354,#5355,#6623,.T.);
#4314=EDGE_CURVE('',#5356,#5354,#6624,.T.);
#4315=EDGE_CURVE('',#5357,#5356,#6625,.T.);
#4316=EDGE_CURVE('',#5355,#5357,#6626,.T.);
#4317=EDGE_CURVE('',#5358,#5359,#6627,.T.);
#4318=EDGE_CURVE('',#5360,#5358,#6628,.T.);
#4319=EDGE_CURVE('',#5361,#5360,#6629,.T.);
#4320=EDGE_CURVE('',#5359,#5361,#6630,.T.);
#4321=EDGE_CURVE('',#5362,#5363,#6631,.T.);
#4322=EDGE_CURVE('',#5364,#5362,#6632,.T.);
#4323=EDGE_CURVE('',#5365,#5364,#6633,.T.);
#4324=EDGE_CURVE('',#5363,#5365,#6634,.T.);
#4325=EDGE_CURVE('',#5327,#5286,#6635,.T.);
#4326=EDGE_CURVE('',#5329,#5288,#6636,.T.);
#4327=EDGE_CURVE('',#5291,#5330,#6637,.T.);
#4328=EDGE_CURVE('',#5332,#5293,#6638,.T.);
#4329=EDGE_CURVE('',#5295,#5334,#6639,.T.);
#4330=EDGE_CURVE('',#5336,#5297,#6640,.T.);
#4331=EDGE_CURVE('',#5299,#5338,#6641,.T.);
#4332=EDGE_CURVE('',#5340,#5301,#6642,.T.);
#4333=EDGE_CURVE('',#5303,#5342,#6643,.T.);
#4334=EDGE_CURVE('',#5344,#5305,#6644,.T.);
#4335=EDGE_CURVE('',#5307,#5346,#6645,.T.);
#4336=EDGE_CURVE('',#5348,#5309,#6646,.T.);
#4337=EDGE_CURVE('',#5311,#5350,#6647,.T.);
#4338=EDGE_CURVE('',#5352,#5313,#6648,.T.);
#4339=EDGE_CURVE('',#5315,#5354,#6649,.T.);
#4340=EDGE_CURVE('',#5356,#5317,#6650,.T.);
#4341=EDGE_CURVE('',#5319,#5358,#6651,.T.);
#4342=EDGE_CURVE('',#5360,#5321,#6652,.T.);
#4343=EDGE_CURVE('',#5323,#5362,#6653,.T.);
#4344=EDGE_CURVE('',#5364,#5325,#6654,.T.);
#4345=EDGE_CURVE('',#5366,#5367,#6655,.T.);
#4346=EDGE_CURVE('',#5366,#5368,#6656,.T.);
#4347=EDGE_CURVE('',#5368,#5369,#6657,.T.);
#4348=EDGE_CURVE('',#5369,#5367,#6658,.T.);
#4349=EDGE_CURVE('',#5370,#5371,#6659,.T.);
#4350=EDGE_CURVE('',#5370,#5372,#6660,.T.);
#4351=EDGE_CURVE('',#5373,#5372,#6661,.T.);
#4352=EDGE_CURVE('',#5373,#5371,#6662,.T.);
#4353=EDGE_CURVE('',#5374,#5375,#6663,.T.);
#4354=EDGE_CURVE('',#5374,#5376,#6664,.T.);
#4355=EDGE_CURVE('',#5377,#5376,#6665,.T.);
#4356=EDGE_CURVE('',#5377,#5375,#6666,.T.);
#4357=EDGE_CURVE('',#5378,#5379,#6667,.T.);
#4358=EDGE_CURVE('',#5378,#5380,#6668,.T.);
#4359=EDGE_CURVE('',#5381,#5380,#6669,.T.);
#4360=EDGE_CURVE('',#5381,#5379,#6670,.T.);
#4361=EDGE_CURVE('',#5382,#5383,#6671,.T.);
#4362=EDGE_CURVE('',#5382,#5384,#6672,.T.);
#4363=EDGE_CURVE('',#5385,#5384,#6673,.T.);
#4364=EDGE_CURVE('',#5385,#5383,#6674,.T.);
#4365=EDGE_CURVE('',#5386,#5387,#6675,.T.);
#4366=EDGE_CURVE('',#5386,#5388,#6676,.T.);
#4367=EDGE_CURVE('',#5389,#5388,#6677,.T.);
#4368=EDGE_CURVE('',#5389,#5387,#6678,.T.);
#4369=EDGE_CURVE('',#5390,#5391,#6679,.T.);
#4370=EDGE_CURVE('',#5390,#5392,#6680,.T.);
#4371=EDGE_CURVE('',#5393,#5392,#6681,.T.);
#4372=EDGE_CURVE('',#5393,#5391,#6682,.T.);
#4373=EDGE_CURVE('',#5394,#5395,#6683,.T.);
#4374=EDGE_CURVE('',#5394,#5396,#6684,.T.);
#4375=EDGE_CURVE('',#5397,#5396,#6685,.T.);
#4376=EDGE_CURVE('',#5397,#5395,#6686,.T.);
#4377=EDGE_CURVE('',#5398,#5399,#6687,.T.);
#4378=EDGE_CURVE('',#5398,#5400,#6688,.T.);
#4379=EDGE_CURVE('',#5401,#5400,#6689,.T.);
#4380=EDGE_CURVE('',#5401,#5399,#6690,.T.);
#4381=EDGE_CURVE('',#5402,#5403,#6691,.T.);
#4382=EDGE_CURVE('',#5402,#5404,#6692,.T.);
#4383=EDGE_CURVE('',#5405,#5404,#6693,.T.);
#4384=EDGE_CURVE('',#5405,#5403,#6694,.T.);
#4385=EDGE_CURVE('',#5406,#5407,#6695,.T.);
#4386=EDGE_CURVE('',#5406,#5408,#6696,.T.);
#4387=EDGE_CURVE('',#5408,#5409,#6697,.T.);
#4388=EDGE_CURVE('',#5407,#5409,#6698,.T.);
#4389=EDGE_CURVE('',#5410,#5411,#6699,.T.);
#4390=EDGE_CURVE('',#5412,#5410,#6700,.T.);
#4391=EDGE_CURVE('',#5413,#5412,#6701,.T.);
#4392=EDGE_CURVE('',#5413,#5411,#6702,.T.);
#4393=EDGE_CURVE('',#5414,#5415,#6703,.T.);
#4394=EDGE_CURVE('',#5416,#5414,#6704,.T.);
#4395=EDGE_CURVE('',#5417,#5416,#6705,.T.);
#4396=EDGE_CURVE('',#5417,#5415,#6706,.T.);
#4397=EDGE_CURVE('',#5418,#5419,#6707,.T.);
#4398=EDGE_CURVE('',#5420,#5418,#6708,.T.);
#4399=EDGE_CURVE('',#5421,#5420,#6709,.T.);
#4400=EDGE_CURVE('',#5421,#5419,#6710,.T.);
#4401=EDGE_CURVE('',#5422,#5423,#6711,.T.);
#4402=EDGE_CURVE('',#5424,#5422,#6712,.T.);
#4403=EDGE_CURVE('',#5425,#5424,#6713,.T.);
#4404=EDGE_CURVE('',#5425,#5423,#6714,.T.);
#4405=EDGE_CURVE('',#5426,#5427,#6715,.T.);
#4406=EDGE_CURVE('',#5428,#5426,#6716,.T.);
#4407=EDGE_CURVE('',#5429,#5428,#6717,.T.);
#4408=EDGE_CURVE('',#5429,#5427,#6718,.T.);
#4409=EDGE_CURVE('',#5430,#5431,#6719,.T.);
#4410=EDGE_CURVE('',#5432,#5430,#6720,.T.);
#4411=EDGE_CURVE('',#5433,#5432,#6721,.T.);
#4412=EDGE_CURVE('',#5433,#5431,#6722,.T.);
#4413=EDGE_CURVE('',#5434,#5435,#6723,.T.);
#4414=EDGE_CURVE('',#5436,#5434,#6724,.T.);
#4415=EDGE_CURVE('',#5437,#5436,#6725,.T.);
#4416=EDGE_CURVE('',#5437,#5435,#6726,.T.);
#4417=EDGE_CURVE('',#5438,#5439,#6727,.T.);
#4418=EDGE_CURVE('',#5440,#5438,#6728,.T.);
#4419=EDGE_CURVE('',#5441,#5440,#6729,.T.);
#4420=EDGE_CURVE('',#5441,#5439,#6730,.T.);
#4421=EDGE_CURVE('',#5442,#5443,#6731,.T.);
#4422=EDGE_CURVE('',#5444,#5442,#6732,.T.);
#4423=EDGE_CURVE('',#5445,#5444,#6733,.T.);
#4424=EDGE_CURVE('',#5445,#5443,#6734,.T.);
#4425=EDGE_CURVE('',#5407,#5366,#6735,.T.);
#4426=EDGE_CURVE('',#5409,#5368,#6736,.T.);
#4427=EDGE_CURVE('',#5371,#5410,#6737,.T.);
#4428=EDGE_CURVE('',#5412,#5373,#6738,.T.);
#4429=EDGE_CURVE('',#5375,#5414,#6739,.T.);
#4430=EDGE_CURVE('',#5416,#5377,#6740,.T.);
#4431=EDGE_CURVE('',#5379,#5418,#6741,.T.);
#4432=EDGE_CURVE('',#5420,#5381,#6742,.T.);
#4433=EDGE_CURVE('',#5383,#5422,#6743,.T.);
#4434=EDGE_CURVE('',#5424,#5385,#6744,.T.);
#4435=EDGE_CURVE('',#5387,#5426,#6745,.T.);
#4436=EDGE_CURVE('',#5428,#5389,#6746,.T.);
#4437=EDGE_CURVE('',#5391,#5430,#6747,.T.);
#4438=EDGE_CURVE('',#5432,#5393,#6748,.T.);
#4439=EDGE_CURVE('',#5395,#5434,#6749,.T.);
#4440=EDGE_CURVE('',#5436,#5397,#6750,.T.);
#4441=EDGE_CURVE('',#5399,#5438,#6751,.T.);
#4442=EDGE_CURVE('',#5440,#5401,#6752,.T.);
#4443=EDGE_CURVE('',#5403,#5442,#6753,.T.);
#4444=EDGE_CURVE('',#5444,#5405,#6754,.T.);
#4445=EDGE_CURVE('',#5324,#5365,#6755,.T.);
#4446=EDGE_CURVE('',#5289,#5328,#6756,.T.);
#4447=EDGE_CURVE('',#5290,#5331,#6757,.T.);
#4448=EDGE_CURVE('',#5292,#5333,#6758,.T.);
#4449=EDGE_CURVE('',#5294,#5335,#6759,.T.);
#4450=EDGE_CURVE('',#5296,#5337,#6760,.T.);
#4451=EDGE_CURVE('',#5298,#5339,#6761,.T.);
#4452=EDGE_CURVE('',#5300,#5341,#6762,.T.);
#4453=EDGE_CURVE('',#5302,#5343,#6763,.T.);
#4454=EDGE_CURVE('',#5304,#5345,#6764,.T.);
#4455=EDGE_CURVE('',#5306,#5347,#6765,.T.);
#4456=EDGE_CURVE('',#5308,#5349,#6766,.T.);
#4457=EDGE_CURVE('',#5310,#5351,#6767,.T.);
#4458=EDGE_CURVE('',#5312,#5353,#6768,.T.);
#4459=EDGE_CURVE('',#5314,#5355,#6769,.T.);
#4460=EDGE_CURVE('',#5316,#5357,#6770,.T.);
#4461=EDGE_CURVE('',#5318,#5359,#6771,.T.);
#4462=EDGE_CURVE('',#5320,#5361,#6772,.T.);
#4463=EDGE_CURVE('',#5322,#5363,#6773,.T.);
#4464=EDGE_CURVE('',#5287,#5326,#6774,.T.);
#4465=EDGE_CURVE('',#5367,#5406,#6775,.T.);
#4466=EDGE_CURVE('',#5408,#5369,#6776,.T.);
#4467=EDGE_CURVE('',#5370,#5411,#6777,.T.);
#4468=EDGE_CURVE('',#5372,#5413,#6778,.T.);
#4469=EDGE_CURVE('',#5374,#5415,#6779,.T.);
#4470=EDGE_CURVE('',#5376,#5417,#6780,.T.);
#4471=EDGE_CURVE('',#5378,#5419,#6781,.T.);
#4472=EDGE_CURVE('',#5380,#5421,#6782,.T.);
#4473=EDGE_CURVE('',#5382,#5423,#6783,.T.);
#4474=EDGE_CURVE('',#5384,#5425,#6784,.T.);
#4475=EDGE_CURVE('',#5386,#5427,#6785,.T.);
#4476=EDGE_CURVE('',#5388,#5429,#6786,.T.);
#4477=EDGE_CURVE('',#5390,#5431,#6787,.T.);
#4478=EDGE_CURVE('',#5392,#5433,#6788,.T.);
#4479=EDGE_CURVE('',#5394,#5435,#6789,.T.);
#4480=EDGE_CURVE('',#5396,#5437,#6790,.T.);
#4481=EDGE_CURVE('',#5398,#5439,#6791,.T.);
#4482=EDGE_CURVE('',#5400,#5441,#6792,.T.);
#4483=EDGE_CURVE('',#5402,#5443,#6793,.T.);
#4484=EDGE_CURVE('',#5445,#5404,#6794,.T.);
#4485=VERTEX_POINT('',#13733);
#4486=VERTEX_POINT('',#13734);
#4487=VERTEX_POINT('',#13736);
#4488=VERTEX_POINT('',#13738);
#4489=VERTEX_POINT('',#13740);
#4490=VERTEX_POINT('',#13742);
#4491=VERTEX_POINT('',#13744);
#4492=VERTEX_POINT('',#13746);
#4493=VERTEX_POINT('',#13750);
#4494=VERTEX_POINT('',#13751);
#4495=VERTEX_POINT('',#13753);
#4496=VERTEX_POINT('',#13755);
#4497=VERTEX_POINT('',#13757);
#4498=VERTEX_POINT('',#13759);
#4499=VERTEX_POINT('',#13761);
#4500=VERTEX_POINT('',#13763);
#4501=VERTEX_POINT('',#13770);
#4502=VERTEX_POINT('',#13771);
#4503=VERTEX_POINT('',#13773);
#4504=VERTEX_POINT('',#13775);
#4505=VERTEX_POINT('',#13777);
#4506=VERTEX_POINT('',#13779);
#4507=VERTEX_POINT('',#13781);
#4508=VERTEX_POINT('',#13783);
#4509=VERTEX_POINT('',#13787);
#4510=VERTEX_POINT('',#13788);
#4511=VERTEX_POINT('',#13790);
#4512=VERTEX_POINT('',#13792);
#4513=VERTEX_POINT('',#13794);
#4514=VERTEX_POINT('',#13796);
#4515=VERTEX_POINT('',#13798);
#4516=VERTEX_POINT('',#13800);
#4517=VERTEX_POINT('',#13807);
#4518=VERTEX_POINT('',#13808);
#4519=VERTEX_POINT('',#13810);
#4520=VERTEX_POINT('',#13812);
#4521=VERTEX_POINT('',#13814);
#4522=VERTEX_POINT('',#13816);
#4523=VERTEX_POINT('',#13818);
#4524=VERTEX_POINT('',#13820);
#4525=VERTEX_POINT('',#13823);
#4526=VERTEX_POINT('',#13824);
#4527=VERTEX_POINT('',#13826);
#4528=VERTEX_POINT('',#13828);
#4529=VERTEX_POINT('',#13832);
#4530=VERTEX_POINT('',#13833);
#4531=VERTEX_POINT('',#13835);
#4532=VERTEX_POINT('',#13837);
#4533=VERTEX_POINT('',#13841);
#4534=VERTEX_POINT('',#13842);
#4535=VERTEX_POINT('',#13844);
#4536=VERTEX_POINT('',#13846);
#4537=VERTEX_POINT('',#13851);
#4538=VERTEX_POINT('',#13853);
#4539=VERTEX_POINT('',#13855);
#4540=VERTEX_POINT('',#13857);
#4541=VERTEX_POINT('',#13861);
#4542=VERTEX_POINT('',#13863);
#4543=VERTEX_POINT('',#13867);
#4544=VERTEX_POINT('',#13868);
#4545=VERTEX_POINT('',#13870);
#4546=VERTEX_POINT('',#13872);
#4547=VERTEX_POINT('',#13876);
#4548=VERTEX_POINT('',#13881);
#4549=VERTEX_POINT('',#13883);
#4550=VERTEX_POINT('',#13893);
#4551=VERTEX_POINT('',#13894);
#4552=VERTEX_POINT('',#13896);
#4553=VERTEX_POINT('',#13898);
#4554=VERTEX_POINT('',#13900);
#4555=VERTEX_POINT('',#13902);
#4556=VERTEX_POINT('',#13906);
#4557=VERTEX_POINT('',#13907);
#4558=VERTEX_POINT('',#13909);
#4559=VERTEX_POINT('',#13911);
#4560=VERTEX_POINT('',#13913);
#4561=VERTEX_POINT('',#13915);
#4562=VERTEX_POINT('',#13919);
#4563=VERTEX_POINT('',#13920);
#4564=VERTEX_POINT('',#13922);
#4565=VERTEX_POINT('',#13924);
#4566=VERTEX_POINT('',#13926);
#4567=VERTEX_POINT('',#13928);
#4568=VERTEX_POINT('',#13932);
#4569=VERTEX_POINT('',#13933);
#4570=VERTEX_POINT('',#13935);
#4571=VERTEX_POINT('',#13937);
#4572=VERTEX_POINT('',#13939);
#4573=VERTEX_POINT('',#13941);
#4574=VERTEX_POINT('',#13951);
#4575=VERTEX_POINT('',#13952);
#4576=VERTEX_POINT('',#13954);
#4577=VERTEX_POINT('',#13956);
#4578=VERTEX_POINT('',#13958);
#4579=VERTEX_POINT('',#13960);
#4580=VERTEX_POINT('',#13964);
#4581=VERTEX_POINT('',#13965);
#4582=VERTEX_POINT('',#13967);
#4583=VERTEX_POINT('',#13969);
#4584=VERTEX_POINT('',#13971);
#4585=VERTEX_POINT('',#13973);
#4586=VERTEX_POINT('',#13977);
#4587=VERTEX_POINT('',#13978);
#4588=VERTEX_POINT('',#13980);
#4589=VERTEX_POINT('',#13982);
#4590=VERTEX_POINT('',#13984);
#4591=VERTEX_POINT('',#13986);
#4592=VERTEX_POINT('',#13990);
#4593=VERTEX_POINT('',#13991);
#4594=VERTEX_POINT('',#13993);
#4595=VERTEX_POINT('',#13995);
#4596=VERTEX_POINT('',#13997);
#4597=VERTEX_POINT('',#13999);
#4598=VERTEX_POINT('',#14009);
#4599=VERTEX_POINT('',#14010);
#4600=VERTEX_POINT('',#14012);
#4601=VERTEX_POINT('',#14014);
#4602=VERTEX_POINT('',#14016);
#4603=VERTEX_POINT('',#14018);
#4604=VERTEX_POINT('',#14022);
#4605=VERTEX_POINT('',#14023);
#4606=VERTEX_POINT('',#14025);
#4607=VERTEX_POINT('',#14027);
#4608=VERTEX_POINT('',#14029);
#4609=VERTEX_POINT('',#14031);
#4610=VERTEX_POINT('',#14035);
#4611=VERTEX_POINT('',#14036);
#4612=VERTEX_POINT('',#14038);
#4613=VERTEX_POINT('',#14040);
#4614=VERTEX_POINT('',#14042);
#4615=VERTEX_POINT('',#14044);
#4616=VERTEX_POINT('',#14048);
#4617=VERTEX_POINT('',#14049);
#4618=VERTEX_POINT('',#14051);
#4619=VERTEX_POINT('',#14053);
#4620=VERTEX_POINT('',#14055);
#4621=VERTEX_POINT('',#14057);
#4622=VERTEX_POINT('',#14067);
#4623=VERTEX_POINT('',#14068);
#4624=VERTEX_POINT('',#14070);
#4625=VERTEX_POINT('',#14072);
#4626=VERTEX_POINT('',#14074);
#4627=VERTEX_POINT('',#14076);
#4628=VERTEX_POINT('',#14080);
#4629=VERTEX_POINT('',#14081);
#4630=VERTEX_POINT('',#14083);
#4631=VERTEX_POINT('',#14085);
#4632=VERTEX_POINT('',#14087);
#4633=VERTEX_POINT('',#14089);
#4634=VERTEX_POINT('',#14093);
#4635=VERTEX_POINT('',#14094);
#4636=VERTEX_POINT('',#14096);
#4637=VERTEX_POINT('',#14098);
#4638=VERTEX_POINT('',#14100);
#4639=VERTEX_POINT('',#14102);
#4640=VERTEX_POINT('',#14106);
#4641=VERTEX_POINT('',#14107);
#4642=VERTEX_POINT('',#14109);
#4643=VERTEX_POINT('',#14111);
#4644=VERTEX_POINT('',#14113);
#4645=VERTEX_POINT('',#14115);
#4646=VERTEX_POINT('',#14125);
#4647=VERTEX_POINT('',#14126);
#4648=VERTEX_POINT('',#14128);
#4649=VERTEX_POINT('',#14130);
#4650=VERTEX_POINT('',#14132);
#4651=VERTEX_POINT('',#14134);
#4652=VERTEX_POINT('',#14138);
#4653=VERTEX_POINT('',#14139);
#4654=VERTEX_POINT('',#14141);
#4655=VERTEX_POINT('',#14143);
#4656=VERTEX_POINT('',#14145);
#4657=VERTEX_POINT('',#14147);
#4658=VERTEX_POINT('',#14154);
#4659=VERTEX_POINT('',#14155);
#4660=VERTEX_POINT('',#14157);
#4661=VERTEX_POINT('',#14159);
#4662=VERTEX_POINT('',#14161);
#4663=VERTEX_POINT('',#14163);
#4664=VERTEX_POINT('',#14167);
#4665=VERTEX_POINT('',#14168);
#4666=VERTEX_POINT('',#14170);
#4667=VERTEX_POINT('',#14172);
#4668=VERTEX_POINT('',#14174);
#4669=VERTEX_POINT('',#14176);
#4670=VERTEX_POINT('',#14183);
#4671=VERTEX_POINT('',#14184);
#4672=VERTEX_POINT('',#14186);
#4673=VERTEX_POINT('',#14188);
#4674=VERTEX_POINT('',#14190);
#4675=VERTEX_POINT('',#14192);
#4676=VERTEX_POINT('',#14196);
#4677=VERTEX_POINT('',#14197);
#4678=VERTEX_POINT('',#14199);
#4679=VERTEX_POINT('',#14201);
#4680=VERTEX_POINT('',#14203);
#4681=VERTEX_POINT('',#14205);
#4682=VERTEX_POINT('',#14209);
#4683=VERTEX_POINT('',#14210);
#4684=VERTEX_POINT('',#14212);
#4685=VERTEX_POINT('',#14214);
#4686=VERTEX_POINT('',#14216);
#4687=VERTEX_POINT('',#14218);
#4688=VERTEX_POINT('',#14222);
#4689=VERTEX_POINT('',#14223);
#4690=VERTEX_POINT('',#14225);
#4691=VERTEX_POINT('',#14227);
#4692=VERTEX_POINT('',#14229);
#4693=VERTEX_POINT('',#14231);
#4694=VERTEX_POINT('',#14241);
#4695=VERTEX_POINT('',#14242);
#4696=VERTEX_POINT('',#14244);
#4697=VERTEX_POINT('',#14246);
#4698=VERTEX_POINT('',#14248);
#4699=VERTEX_POINT('',#14250);
#4700=VERTEX_POINT('',#14254);
#4701=VERTEX_POINT('',#14255);
#4702=VERTEX_POINT('',#14257);
#4703=VERTEX_POINT('',#14259);
#4704=VERTEX_POINT('',#14261);
#4705=VERTEX_POINT('',#14263);
#4706=VERTEX_POINT('',#14267);
#4707=VERTEX_POINT('',#14268);
#4708=VERTEX_POINT('',#14270);
#4709=VERTEX_POINT('',#14272);
#4710=VERTEX_POINT('',#14274);
#4711=VERTEX_POINT('',#14276);
#4712=VERTEX_POINT('',#14280);
#4713=VERTEX_POINT('',#14281);
#4714=VERTEX_POINT('',#14283);
#4715=VERTEX_POINT('',#14285);
#4716=VERTEX_POINT('',#14287);
#4717=VERTEX_POINT('',#14289);
#4718=VERTEX_POINT('',#14299);
#4719=VERTEX_POINT('',#14300);
#4720=VERTEX_POINT('',#14302);
#4721=VERTEX_POINT('',#14304);
#4722=VERTEX_POINT('',#14308);
#4723=VERTEX_POINT('',#14309);
#4724=VERTEX_POINT('',#14311);
#4725=VERTEX_POINT('',#14313);
#4726=VERTEX_POINT('',#14317);
#4727=VERTEX_POINT('',#14318);
#4728=VERTEX_POINT('',#14320);
#4729=VERTEX_POINT('',#14322);
#4730=VERTEX_POINT('',#14326);
#4731=VERTEX_POINT('',#14327);
#4732=VERTEX_POINT('',#14329);
#4733=VERTEX_POINT('',#14331);
#4734=VERTEX_POINT('',#14350);
#4735=VERTEX_POINT('',#14352);
#4736=VERTEX_POINT('',#14365);
#4737=VERTEX_POINT('',#14367);
#4738=VERTEX_POINT('',#14371);
#4739=VERTEX_POINT('',#14373);
#4740=VERTEX_POINT('',#14386);
#4741=VERTEX_POINT('',#14388);
#4742=VERTEX_POINT('',#14392);
#4743=VERTEX_POINT('',#14394);
#4744=VERTEX_POINT('',#14407);
#4745=VERTEX_POINT('',#14409);
#4746=VERTEX_POINT('',#14413);
#4747=VERTEX_POINT('',#14420);
#4748=VERTEX_POINT('',#14424);
#4749=VERTEX_POINT('',#14433);
#4750=VERTEX_POINT('',#14440);
#4751=VERTEX_POINT('',#14444);
#4752=VERTEX_POINT('',#14451);
#4753=VERTEX_POINT('',#14453);
#4754=VERTEX_POINT('',#14458);
#4755=VERTEX_POINT('',#14462);
#4756=VERTEX_POINT('',#14466);
#4757=VERTEX_POINT('',#14467);
#4758=VERTEX_POINT('',#14469);
#4759=VERTEX_POINT('',#14471);
#4760=VERTEX_POINT('',#14474);
#4761=VERTEX_POINT('',#14475);
#4762=VERTEX_POINT('',#14477);
#4763=VERTEX_POINT('',#14479);
#4764=VERTEX_POINT('',#14482);
#4765=VERTEX_POINT('',#14483);
#4766=VERTEX_POINT('',#14485);
#4767=VERTEX_POINT('',#14487);
#4768=VERTEX_POINT('',#14490);
#4769=VERTEX_POINT('',#14491);
#4770=VERTEX_POINT('',#14493);
#4771=VERTEX_POINT('',#14495);
#4772=VERTEX_POINT('',#14498);
#4773=VERTEX_POINT('',#14499);
#4774=VERTEX_POINT('',#14501);
#4775=VERTEX_POINT('',#14503);
#4776=VERTEX_POINT('',#14506);
#4777=VERTEX_POINT('',#14507);
#4778=VERTEX_POINT('',#14509);
#4779=VERTEX_POINT('',#14511);
#4780=VERTEX_POINT('',#14514);
#4781=VERTEX_POINT('',#14515);
#4782=VERTEX_POINT('',#14517);
#4783=VERTEX_POINT('',#14519);
#4784=VERTEX_POINT('',#14522);
#4785=VERTEX_POINT('',#14523);
#4786=VERTEX_POINT('',#14525);
#4787=VERTEX_POINT('',#14527);
#4788=VERTEX_POINT('',#14530);
#4789=VERTEX_POINT('',#14531);
#4790=VERTEX_POINT('',#14533);
#4791=VERTEX_POINT('',#14535);
#4792=VERTEX_POINT('',#14538);
#4793=VERTEX_POINT('',#14539);
#4794=VERTEX_POINT('',#14541);
#4795=VERTEX_POINT('',#14543);
#4796=VERTEX_POINT('',#14546);
#4797=VERTEX_POINT('',#14547);
#4798=VERTEX_POINT('',#14549);
#4799=VERTEX_POINT('',#14551);
#4800=VERTEX_POINT('',#14554);
#4801=VERTEX_POINT('',#14555);
#4802=VERTEX_POINT('',#14557);
#4803=VERTEX_POINT('',#14559);
#4804=VERTEX_POINT('',#14562);
#4805=VERTEX_POINT('',#14563);
#4806=VERTEX_POINT('',#14565);
#4807=VERTEX_POINT('',#14567);
#4808=VERTEX_POINT('',#14570);
#4809=VERTEX_POINT('',#14571);
#4810=VERTEX_POINT('',#14573);
#4811=VERTEX_POINT('',#14575);
#4812=VERTEX_POINT('',#14578);
#4813=VERTEX_POINT('',#14579);
#4814=VERTEX_POINT('',#14581);
#4815=VERTEX_POINT('',#14583);
#4816=VERTEX_POINT('',#14586);
#4817=VERTEX_POINT('',#14587);
#4818=VERTEX_POINT('',#14589);
#4819=VERTEX_POINT('',#14591);
#4820=VERTEX_POINT('',#14594);
#4821=VERTEX_POINT('',#14595);
#4822=VERTEX_POINT('',#14597);
#4823=VERTEX_POINT('',#14599);
#4824=VERTEX_POINT('',#14601);
#4825=VERTEX_POINT('',#14603);
#4826=VERTEX_POINT('',#14606);
#4827=VERTEX_POINT('',#14607);
#4828=VERTEX_POINT('',#14609);
#4829=VERTEX_POINT('',#14611);
#4830=VERTEX_POINT('',#14613);
#4831=VERTEX_POINT('',#14615);
#4832=VERTEX_POINT('',#14618);
#4833=VERTEX_POINT('',#14619);
#4834=VERTEX_POINT('',#14621);
#4835=VERTEX_POINT('',#14623);
#4836=VERTEX_POINT('',#14625);
#4837=VERTEX_POINT('',#14628);
#4838=VERTEX_POINT('',#14629);
#4839=VERTEX_POINT('',#14631);
#4840=VERTEX_POINT('',#14633);
#4841=VERTEX_POINT('',#14635);
#4842=VERTEX_POINT('',#14638);
#4843=VERTEX_POINT('',#14640);
#4844=VERTEX_POINT('',#14647);
#4845=VERTEX_POINT('',#14654);
#4846=VERTEX_POINT('',#14656);
#4847=VERTEX_POINT('',#14663);
#4848=VERTEX_POINT('',#14670);
#4849=VERTEX_POINT('',#14671);
#4850=VERTEX_POINT('',#14673);
#4851=VERTEX_POINT('',#14675);
#4852=VERTEX_POINT('',#14677);
#4853=VERTEX_POINT('',#14679);
#4854=VERTEX_POINT('',#14681);
#4855=VERTEX_POINT('',#14683);
#4856=VERTEX_POINT('',#14686);
#4857=VERTEX_POINT('',#14689);
#4858=VERTEX_POINT('',#14691);
#4859=VERTEX_POINT('',#14698);
#4860=VERTEX_POINT('',#14700);
#4861=VERTEX_POINT('',#14704);
#4862=VERTEX_POINT('',#14706);
#4863=VERTEX_POINT('',#14725);
#4864=VERTEX_POINT('',#14785);
#4865=VERTEX_POINT('',#14787);
#4866=VERTEX_POINT('',#14791);
#4867=VERTEX_POINT('',#14795);
#4868=VERTEX_POINT('',#14799);
#4869=VERTEX_POINT('',#14806);
#4870=VERTEX_POINT('',#14808);
#4871=VERTEX_POINT('',#14812);
#4872=VERTEX_POINT('',#14816);
#4873=VERTEX_POINT('',#14820);
#4874=VERTEX_POINT('',#14827);
#4875=VERTEX_POINT('',#14829);
#4876=VERTEX_POINT('',#14833);
#4877=VERTEX_POINT('',#14837);
#4878=VERTEX_POINT('',#14841);
#4879=VERTEX_POINT('',#14845);
#4880=VERTEX_POINT('',#14852);
#4881=VERTEX_POINT('',#14854);
#4882=VERTEX_POINT('',#14858);
#4883=VERTEX_POINT('',#14862);
#4884=VERTEX_POINT('',#14866);
#4885=VERTEX_POINT('',#14870);
#4886=VERTEX_POINT('',#14877);
#4887=VERTEX_POINT('',#14879);
#4888=VERTEX_POINT('',#14883);
#4889=VERTEX_POINT('',#14887);
#4890=VERTEX_POINT('',#14894);
#4891=VERTEX_POINT('',#14896);
#4892=VERTEX_POINT('',#14900);
#4893=VERTEX_POINT('',#14904);
#4894=VERTEX_POINT('',#14911);
#4895=VERTEX_POINT('',#14913);
#4896=VERTEX_POINT('',#14917);
#4897=VERTEX_POINT('',#14921);
#4898=VERTEX_POINT('',#14928);
#4899=VERTEX_POINT('',#14930);
#4900=VERTEX_POINT('',#14934);
#4901=VERTEX_POINT('',#14938);
#4902=VERTEX_POINT('',#14945);
#4903=VERTEX_POINT('',#14947);
#4904=VERTEX_POINT('',#14951);
#4905=VERTEX_POINT('',#14955);
#4906=VERTEX_POINT('',#14962);
#4907=VERTEX_POINT('',#14964);
#4908=VERTEX_POINT('',#14968);
#4909=VERTEX_POINT('',#14972);
#4910=VERTEX_POINT('',#14979);
#4911=VERTEX_POINT('',#14981);
#4912=VERTEX_POINT('',#14985);
#4913=VERTEX_POINT('',#14989);
#4914=VERTEX_POINT('',#14996);
#4915=VERTEX_POINT('',#14998);
#4916=VERTEX_POINT('',#15002);
#4917=VERTEX_POINT('',#15006);
#4918=VERTEX_POINT('',#15013);
#4919=VERTEX_POINT('',#15015);
#4920=VERTEX_POINT('',#15019);
#4921=VERTEX_POINT('',#15023);
#4922=VERTEX_POINT('',#15030);
#4923=VERTEX_POINT('',#15032);
#4924=VERTEX_POINT('',#15036);
#4925=VERTEX_POINT('',#15040);
#4926=VERTEX_POINT('',#15047);
#4927=VERTEX_POINT('',#15049);
#4928=VERTEX_POINT('',#15053);
#4929=VERTEX_POINT('',#15057);
#4930=VERTEX_POINT('',#15064);
#4931=VERTEX_POINT('',#15066);
#4932=VERTEX_POINT('',#15070);
#4933=VERTEX_POINT('',#15074);
#4934=VERTEX_POINT('',#15081);
#4935=VERTEX_POINT('',#15083);
#4936=VERTEX_POINT('',#15087);
#4937=VERTEX_POINT('',#15091);
#4938=VERTEX_POINT('',#15098);
#4939=VERTEX_POINT('',#15100);
#4940=VERTEX_POINT('',#15104);
#4941=VERTEX_POINT('',#15108);
#4942=VERTEX_POINT('',#15115);
#4943=VERTEX_POINT('',#15117);
#4944=VERTEX_POINT('',#15121);
#4945=VERTEX_POINT('',#15125);
#4946=VERTEX_POINT('',#15132);
#4947=VERTEX_POINT('',#15134);
#4948=VERTEX_POINT('',#15138);
#4949=VERTEX_POINT('',#15142);
#4950=VERTEX_POINT('',#15150);
#4951=VERTEX_POINT('',#15151);
#4952=VERTEX_POINT('',#15153);
#4953=VERTEX_POINT('',#15155);
#4954=VERTEX_POINT('',#15159);
#4955=VERTEX_POINT('',#15160);
#4956=VERTEX_POINT('',#15162);
#4957=VERTEX_POINT('',#15164);
#4958=VERTEX_POINT('',#15174);
#4959=VERTEX_POINT('',#15175);
#4960=VERTEX_POINT('',#15177);
#4961=VERTEX_POINT('',#15179);
#4962=VERTEX_POINT('',#15183);
#4963=VERTEX_POINT('',#15184);
#4964=VERTEX_POINT('',#15186);
#4965=VERTEX_POINT('',#15188);
#4966=VERTEX_POINT('',#15192);
#4967=VERTEX_POINT('',#15193);
#4968=VERTEX_POINT('',#15195);
#4969=VERTEX_POINT('',#15197);
#4970=VERTEX_POINT('',#15201);
#4971=VERTEX_POINT('',#15202);
#4972=VERTEX_POINT('',#15204);
#4973=VERTEX_POINT('',#15206);
#4974=VERTEX_POINT('',#15210);
#4975=VERTEX_POINT('',#15211);
#4976=VERTEX_POINT('',#15213);
#4977=VERTEX_POINT('',#15215);
#4978=VERTEX_POINT('',#15219);
#4979=VERTEX_POINT('',#15220);
#4980=VERTEX_POINT('',#15222);
#4981=VERTEX_POINT('',#15224);
#4982=VERTEX_POINT('',#15228);
#4983=VERTEX_POINT('',#15229);
#4984=VERTEX_POINT('',#15231);
#4985=VERTEX_POINT('',#15233);
#4986=VERTEX_POINT('',#15237);
#4987=VERTEX_POINT('',#15238);
#4988=VERTEX_POINT('',#15240);
#4989=VERTEX_POINT('',#15242);
#4990=VERTEX_POINT('',#15246);
#4991=VERTEX_POINT('',#15247);
#4992=VERTEX_POINT('',#15249);
#4993=VERTEX_POINT('',#15251);
#4994=VERTEX_POINT('',#15255);
#4995=VERTEX_POINT('',#15256);
#4996=VERTEX_POINT('',#15258);
#4997=VERTEX_POINT('',#15260);
#4998=VERTEX_POINT('',#15264);
#4999=VERTEX_POINT('',#15266);
#5000=VERTEX_POINT('',#15270);
#5001=VERTEX_POINT('',#15272);
#5002=VERTEX_POINT('',#15276);
#5003=VERTEX_POINT('',#15278);
#5004=VERTEX_POINT('',#15282);
#5005=VERTEX_POINT('',#15284);
#5006=VERTEX_POINT('',#15288);
#5007=VERTEX_POINT('',#15290);
#5008=VERTEX_POINT('',#15294);
#5009=VERTEX_POINT('',#15296);
#5010=VERTEX_POINT('',#15300);
#5011=VERTEX_POINT('',#15302);
#5012=VERTEX_POINT('',#15306);
#5013=VERTEX_POINT('',#15308);
#5014=VERTEX_POINT('',#15312);
#5015=VERTEX_POINT('',#15314);
#5016=VERTEX_POINT('',#15318);
#5017=VERTEX_POINT('',#15320);
#5018=VERTEX_POINT('',#15324);
#5019=VERTEX_POINT('',#15326);
#5020=VERTEX_POINT('',#15330);
#5021=VERTEX_POINT('',#15332);
#5022=VERTEX_POINT('',#15336);
#5023=VERTEX_POINT('',#15338);
#5024=VERTEX_POINT('',#15342);
#5025=VERTEX_POINT('',#15344);
#5026=VERTEX_POINT('',#15348);
#5027=VERTEX_POINT('',#15350);
#5028=VERTEX_POINT('',#15354);
#5029=VERTEX_POINT('',#15356);
#5030=VERTEX_POINT('',#15360);
#5031=VERTEX_POINT('',#15362);
#5032=VERTEX_POINT('',#15366);
#5033=VERTEX_POINT('',#15368);
#5034=VERTEX_POINT('',#15372);
#5035=VERTEX_POINT('',#15374);
#5036=VERTEX_POINT('',#15378);
#5037=VERTEX_POINT('',#15380);
#5038=VERTEX_POINT('',#15384);
#5039=VERTEX_POINT('',#15386);
#5040=VERTEX_POINT('',#15390);
#5041=VERTEX_POINT('',#15392);
#5042=VERTEX_POINT('',#15396);
#5043=VERTEX_POINT('',#15398);
#5044=VERTEX_POINT('',#15402);
#5045=VERTEX_POINT('',#15404);
#5046=VERTEX_POINT('',#15408);
#5047=VERTEX_POINT('',#15410);
#5048=VERTEX_POINT('',#15414);
#5049=VERTEX_POINT('',#15416);
#5050=VERTEX_POINT('',#15420);
#5051=VERTEX_POINT('',#15422);
#5052=VERTEX_POINT('',#15426);
#5053=VERTEX_POINT('',#15428);
#5054=VERTEX_POINT('',#15432);
#5055=VERTEX_POINT('',#15434);
#5056=VERTEX_POINT('',#15438);
#5057=VERTEX_POINT('',#15440);
#5058=VERTEX_POINT('',#15444);
#5059=VERTEX_POINT('',#15445);
#5060=VERTEX_POINT('',#15450);
#5061=VERTEX_POINT('',#15452);
#5062=VERTEX_POINT('',#15456);
#5063=VERTEX_POINT('',#15457);
#5064=VERTEX_POINT('',#15462);
#5065=VERTEX_POINT('',#15463);
#5066=VERTEX_POINT('',#15468);
#5067=VERTEX_POINT('',#15469);
#5068=VERTEX_POINT('',#15474);
#5069=VERTEX_POINT('',#15475);
#5070=VERTEX_POINT('',#15480);
#5071=VERTEX_POINT('',#15481);
#5072=VERTEX_POINT('',#15486);
#5073=VERTEX_POINT('',#15487);
#5074=VERTEX_POINT('',#15492);
#5075=VERTEX_POINT('',#15493);
#5076=VERTEX_POINT('',#15498);
#5077=VERTEX_POINT('',#15499);
#5078=VERTEX_POINT('',#15504);
#5079=VERTEX_POINT('',#15506);
#5080=VERTEX_POINT('',#15510);
#5081=VERTEX_POINT('',#15512);
#5082=VERTEX_POINT('',#15516);
#5083=VERTEX_POINT('',#15518);
#5084=VERTEX_POINT('',#15522);
#5085=VERTEX_POINT('',#15524);
#5086=VERTEX_POINT('',#15528);
#5087=VERTEX_POINT('',#15530);
#5088=VERTEX_POINT('',#15534);
#5089=VERTEX_POINT('',#15536);
#5090=VERTEX_POINT('',#15540);
#5091=VERTEX_POINT('',#15542);
#5092=VERTEX_POINT('',#15546);
#5093=VERTEX_POINT('',#15548);
#5094=VERTEX_POINT('',#15552);
#5095=VERTEX_POINT('',#15554);
#5096=VERTEX_POINT('',#15558);
#5097=VERTEX_POINT('',#15560);
#5098=VERTEX_POINT('',#15564);
#5099=VERTEX_POINT('',#15566);
#5100=VERTEX_POINT('',#15570);
#5101=VERTEX_POINT('',#15572);
#5102=VERTEX_POINT('',#15576);
#5103=VERTEX_POINT('',#15578);
#5104=VERTEX_POINT('',#15582);
#5105=VERTEX_POINT('',#15584);
#5106=VERTEX_POINT('',#15588);
#5107=VERTEX_POINT('',#15590);
#5108=VERTEX_POINT('',#15594);
#5109=VERTEX_POINT('',#15596);
#5110=VERTEX_POINT('',#15600);
#5111=VERTEX_POINT('',#15602);
#5112=VERTEX_POINT('',#15606);
#5113=VERTEX_POINT('',#15608);
#5114=VERTEX_POINT('',#15612);
#5115=VERTEX_POINT('',#15614);
#5116=VERTEX_POINT('',#15618);
#5117=VERTEX_POINT('',#15620);
#5118=VERTEX_POINT('',#15624);
#5119=VERTEX_POINT('',#15625);
#5120=VERTEX_POINT('',#15627);
#5121=VERTEX_POINT('',#15629);
#5122=VERTEX_POINT('',#15633);
#5123=VERTEX_POINT('',#15634);
#5124=VERTEX_POINT('',#15636);
#5125=VERTEX_POINT('',#15638);
#5126=VERTEX_POINT('',#15642);
#5127=VERTEX_POINT('',#15643);
#5128=VERTEX_POINT('',#15645);
#5129=VERTEX_POINT('',#15647);
#5130=VERTEX_POINT('',#15651);
#5131=VERTEX_POINT('',#15652);
#5132=VERTEX_POINT('',#15654);
#5133=VERTEX_POINT('',#15656);
#5134=VERTEX_POINT('',#15660);
#5135=VERTEX_POINT('',#15661);
#5136=VERTEX_POINT('',#15663);
#5137=VERTEX_POINT('',#15665);
#5138=VERTEX_POINT('',#15669);
#5139=VERTEX_POINT('',#15670);
#5140=VERTEX_POINT('',#15672);
#5141=VERTEX_POINT('',#15674);
#5142=VERTEX_POINT('',#15678);
#5143=VERTEX_POINT('',#15679);
#5144=VERTEX_POINT('',#15681);
#5145=VERTEX_POINT('',#15683);
#5146=VERTEX_POINT('',#15687);
#5147=VERTEX_POINT('',#15688);
#5148=VERTEX_POINT('',#15690);
#5149=VERTEX_POINT('',#15692);
#5150=VERTEX_POINT('',#15696);
#5151=VERTEX_POINT('',#15697);
#5152=VERTEX_POINT('',#15699);
#5153=VERTEX_POINT('',#15701);
#5154=VERTEX_POINT('',#15705);
#5155=VERTEX_POINT('',#15706);
#5156=VERTEX_POINT('',#15708);
#5157=VERTEX_POINT('',#15710);
#5158=VERTEX_POINT('',#15714);
#5159=VERTEX_POINT('',#15716);
#5160=VERTEX_POINT('',#15720);
#5161=VERTEX_POINT('',#15722);
#5162=VERTEX_POINT('',#15726);
#5163=VERTEX_POINT('',#15728);
#5164=VERTEX_POINT('',#15732);
#5165=VERTEX_POINT('',#15734);
#5166=VERTEX_POINT('',#15738);
#5167=VERTEX_POINT('',#15740);
#5168=VERTEX_POINT('',#15744);
#5169=VERTEX_POINT('',#15746);
#5170=VERTEX_POINT('',#15750);
#5171=VERTEX_POINT('',#15752);
#5172=VERTEX_POINT('',#15756);
#5173=VERTEX_POINT('',#15758);
#5174=VERTEX_POINT('',#15762);
#5175=VERTEX_POINT('',#15764);
#5176=VERTEX_POINT('',#15768);
#5177=VERTEX_POINT('',#15770);
#5178=VERTEX_POINT('',#15774);
#5179=VERTEX_POINT('',#15776);
#5180=VERTEX_POINT('',#15780);
#5181=VERTEX_POINT('',#15782);
#5182=VERTEX_POINT('',#15786);
#5183=VERTEX_POINT('',#15788);
#5184=VERTEX_POINT('',#15792);
#5185=VERTEX_POINT('',#15794);
#5186=VERTEX_POINT('',#15798);
#5187=VERTEX_POINT('',#15800);
#5188=VERTEX_POINT('',#15804);
#5189=VERTEX_POINT('',#15806);
#5190=VERTEX_POINT('',#15810);
#5191=VERTEX_POINT('',#15812);
#5192=VERTEX_POINT('',#15816);
#5193=VERTEX_POINT('',#15818);
#5194=VERTEX_POINT('',#15822);
#5195=VERTEX_POINT('',#15824);
#5196=VERTEX_POINT('',#15828);
#5197=VERTEX_POINT('',#15830);
#5198=VERTEX_POINT('',#15834);
#5199=VERTEX_POINT('',#15836);
#5200=VERTEX_POINT('',#15840);
#5201=VERTEX_POINT('',#15842);
#5202=VERTEX_POINT('',#15846);
#5203=VERTEX_POINT('',#15848);
#5204=VERTEX_POINT('',#15852);
#5205=VERTEX_POINT('',#15854);
#5206=VERTEX_POINT('',#15858);
#5207=VERTEX_POINT('',#15860);
#5208=VERTEX_POINT('',#15864);
#5209=VERTEX_POINT('',#15866);
#5210=VERTEX_POINT('',#15870);
#5211=VERTEX_POINT('',#15872);
#5212=VERTEX_POINT('',#15876);
#5213=VERTEX_POINT('',#15878);
#5214=VERTEX_POINT('',#15882);
#5215=VERTEX_POINT('',#15884);
#5216=VERTEX_POINT('',#15888);
#5217=VERTEX_POINT('',#15890);
#5218=VERTEX_POINT('',#15894);
#5219=VERTEX_POINT('',#15895);
#5220=VERTEX_POINT('',#15900);
#5221=VERTEX_POINT('',#15902);
#5222=VERTEX_POINT('',#15906);
#5223=VERTEX_POINT('',#15907);
#5224=VERTEX_POINT('',#15912);
#5225=VERTEX_POINT('',#15913);
#5226=VERTEX_POINT('',#15918);
#5227=VERTEX_POINT('',#15919);
#5228=VERTEX_POINT('',#15924);
#5229=VERTEX_POINT('',#15925);
#5230=VERTEX_POINT('',#15930);
#5231=VERTEX_POINT('',#15931);
#5232=VERTEX_POINT('',#15936);
#5233=VERTEX_POINT('',#15937);
#5234=VERTEX_POINT('',#15942);
#5235=VERTEX_POINT('',#15943);
#5236=VERTEX_POINT('',#15948);
#5237=VERTEX_POINT('',#15949);
#5238=VERTEX_POINT('',#15954);
#5239=VERTEX_POINT('',#15956);
#5240=VERTEX_POINT('',#15960);
#5241=VERTEX_POINT('',#15962);
#5242=VERTEX_POINT('',#15966);
#5243=VERTEX_POINT('',#15968);
#5244=VERTEX_POINT('',#15972);
#5245=VERTEX_POINT('',#15974);
#5246=VERTEX_POINT('',#15978);
#5247=VERTEX_POINT('',#15980);
#5248=VERTEX_POINT('',#15984);
#5249=VERTEX_POINT('',#15986);
#5250=VERTEX_POINT('',#15990);
#5251=VERTEX_POINT('',#15992);
#5252=VERTEX_POINT('',#15996);
#5253=VERTEX_POINT('',#15998);
#5254=VERTEX_POINT('',#16002);
#5255=VERTEX_POINT('',#16004);
#5256=VERTEX_POINT('',#16008);
#5257=VERTEX_POINT('',#16010);
#5258=VERTEX_POINT('',#16014);
#5259=VERTEX_POINT('',#16016);
#5260=VERTEX_POINT('',#16020);
#5261=VERTEX_POINT('',#16022);
#5262=VERTEX_POINT('',#16026);
#5263=VERTEX_POINT('',#16028);
#5264=VERTEX_POINT('',#16032);
#5265=VERTEX_POINT('',#16034);
#5266=VERTEX_POINT('',#16038);
#5267=VERTEX_POINT('',#16040);
#5268=VERTEX_POINT('',#16044);
#5269=VERTEX_POINT('',#16046);
#5270=VERTEX_POINT('',#16050);
#5271=VERTEX_POINT('',#16052);
#5272=VERTEX_POINT('',#16056);
#5273=VERTEX_POINT('',#16058);
#5274=VERTEX_POINT('',#16062);
#5275=VERTEX_POINT('',#16064);
#5276=VERTEX_POINT('',#16068);
#5277=VERTEX_POINT('',#16070);
#5278=VERTEX_POINT('',#16157);
#5279=VERTEX_POINT('',#16158);
#5280=VERTEX_POINT('',#16160);
#5281=VERTEX_POINT('',#16162);
#5282=VERTEX_POINT('',#16166);
#5283=VERTEX_POINT('',#16167);
#5284=VERTEX_POINT('',#16169);
#5285=VERTEX_POINT('',#16171);
#5286=VERTEX_POINT('',#16181);
#5287=VERTEX_POINT('',#16182);
#5288=VERTEX_POINT('',#16184);
#5289=VERTEX_POINT('',#16186);
#5290=VERTEX_POINT('',#16190);
#5291=VERTEX_POINT('',#16191);
#5292=VERTEX_POINT('',#16193);
#5293=VERTEX_POINT('',#16195);
#5294=VERTEX_POINT('',#16199);
#5295=VERTEX_POINT('',#16200);
#5296=VERTEX_POINT('',#16202);
#5297=VERTEX_POINT('',#16204);
#5298=VERTEX_POINT('',#16208);
#5299=VERTEX_POINT('',#16209);
#5300=VERTEX_POINT('',#16211);
#5301=VERTEX_POINT('',#16213);
#5302=VERTEX_POINT('',#16217);
#5303=VERTEX_POINT('',#16218);
#5304=VERTEX_POINT('',#16220);
#5305=VERTEX_POINT('',#16222);
#5306=VERTEX_POINT('',#16226);
#5307=VERTEX_POINT('',#16227);
#5308=VERTEX_POINT('',#16229);
#5309=VERTEX_POINT('',#16231);
#5310=VERTEX_POINT('',#16235);
#5311=VERTEX_POINT('',#16236);
#5312=VERTEX_POINT('',#16238);
#5313=VERTEX_POINT('',#16240);
#5314=VERTEX_POINT('',#16244);
#5315=VERTEX_POINT('',#16245);
#5316=VERTEX_POINT('',#16247);
#5317=VERTEX_POINT('',#16249);
#5318=VERTEX_POINT('',#16253);
#5319=VERTEX_POINT('',#16254);
#5320=VERTEX_POINT('',#16256);
#5321=VERTEX_POINT('',#16258);
#5322=VERTEX_POINT('',#16262);
#5323=VERTEX_POINT('',#16263);
#5324=VERTEX_POINT('',#16265);
#5325=VERTEX_POINT('',#16267);
#5326=VERTEX_POINT('',#16271);
#5327=VERTEX_POINT('',#16272);
#5328=VERTEX_POINT('',#16274);
#5329=VERTEX_POINT('',#16276);
#5330=VERTEX_POINT('',#16280);
#5331=VERTEX_POINT('',#16281);
#5332=VERTEX_POINT('',#16283);
#5333=VERTEX_POINT('',#16285);
#5334=VERTEX_POINT('',#16289);
#5335=VERTEX_POINT('',#16290);
#5336=VERTEX_POINT('',#16292);
#5337=VERTEX_POINT('',#16294);
#5338=VERTEX_POINT('',#16298);
#5339=VERTEX_POINT('',#16299);
#5340=VERTEX_POINT('',#16301);
#5341=VERTEX_POINT('',#16303);
#5342=VERTEX_POINT('',#16307);
#5343=VERTEX_POINT('',#16308);
#5344=VERTEX_POINT('',#16310);
#5345=VERTEX_POINT('',#16312);
#5346=VERTEX_POINT('',#16316);
#5347=VERTEX_POINT('',#16317);
#5348=VERTEX_POINT('',#16319);
#5349=VERTEX_POINT('',#16321);
#5350=VERTEX_POINT('',#16325);
#5351=VERTEX_POINT('',#16326);
#5352=VERTEX_POINT('',#16328);
#5353=VERTEX_POINT('',#16330);
#5354=VERTEX_POINT('',#16334);
#5355=VERTEX_POINT('',#16335);
#5356=VERTEX_POINT('',#16337);
#5357=VERTEX_POINT('',#16339);
#5358=VERTEX_POINT('',#16343);
#5359=VERTEX_POINT('',#16344);
#5360=VERTEX_POINT('',#16346);
#5361=VERTEX_POINT('',#16348);
#5362=VERTEX_POINT('',#16352);
#5363=VERTEX_POINT('',#16353);
#5364=VERTEX_POINT('',#16355);
#5365=VERTEX_POINT('',#16357);
#5366=VERTEX_POINT('',#16391);
#5367=VERTEX_POINT('',#16392);
#5368=VERTEX_POINT('',#16394);
#5369=VERTEX_POINT('',#16396);
#5370=VERTEX_POINT('',#16400);
#5371=VERTEX_POINT('',#16401);
#5372=VERTEX_POINT('',#16403);
#5373=VERTEX_POINT('',#16405);
#5374=VERTEX_POINT('',#16409);
#5375=VERTEX_POINT('',#16410);
#5376=VERTEX_POINT('',#16412);
#5377=VERTEX_POINT('',#16414);
#5378=VERTEX_POINT('',#16418);
#5379=VERTEX_POINT('',#16419);
#5380=VERTEX_POINT('',#16421);
#5381=VERTEX_POINT('',#16423);
#5382=VERTEX_POINT('',#16427);
#5383=VERTEX_POINT('',#16428);
#5384=VERTEX_POINT('',#16430);
#5385=VERTEX_POINT('',#16432);
#5386=VERTEX_POINT('',#16436);
#5387=VERTEX_POINT('',#16437);
#5388=VERTEX_POINT('',#16439);
#5389=VERTEX_POINT('',#16441);
#5390=VERTEX_POINT('',#16445);
#5391=VERTEX_POINT('',#16446);
#5392=VERTEX_POINT('',#16448);
#5393=VERTEX_POINT('',#16450);
#5394=VERTEX_POINT('',#16454);
#5395=VERTEX_POINT('',#16455);
#5396=VERTEX_POINT('',#16457);
#5397=VERTEX_POINT('',#16459);
#5398=VERTEX_POINT('',#16463);
#5399=VERTEX_POINT('',#16464);
#5400=VERTEX_POINT('',#16466);
#5401=VERTEX_POINT('',#16468);
#5402=VERTEX_POINT('',#16472);
#5403=VERTEX_POINT('',#16473);
#5404=VERTEX_POINT('',#16475);
#5405=VERTEX_POINT('',#16477);
#5406=VERTEX_POINT('',#16481);
#5407=VERTEX_POINT('',#16482);
#5408=VERTEX_POINT('',#16484);
#5409=VERTEX_POINT('',#16486);
#5410=VERTEX_POINT('',#16490);
#5411=VERTEX_POINT('',#16491);
#5412=VERTEX_POINT('',#16493);
#5413=VERTEX_POINT('',#16495);
#5414=VERTEX_POINT('',#16499);
#5415=VERTEX_POINT('',#16500);
#5416=VERTEX_POINT('',#16502);
#5417=VERTEX_POINT('',#16504);
#5418=VERTEX_POINT('',#16508);
#5419=VERTEX_POINT('',#16509);
#5420=VERTEX_POINT('',#16511);
#5421=VERTEX_POINT('',#16513);
#5422=VERTEX_POINT('',#16517);
#5423=VERTEX_POINT('',#16518);
#5424=VERTEX_POINT('',#16520);
#5425=VERTEX_POINT('',#16522);
#5426=VERTEX_POINT('',#16526);
#5427=VERTEX_POINT('',#16527);
#5428=VERTEX_POINT('',#16529);
#5429=VERTEX_POINT('',#16531);
#5430=VERTEX_POINT('',#16535);
#5431=VERTEX_POINT('',#16536);
#5432=VERTEX_POINT('',#16538);
#5433=VERTEX_POINT('',#16540);
#5434=VERTEX_POINT('',#16544);
#5435=VERTEX_POINT('',#16545);
#5436=VERTEX_POINT('',#16547);
#5437=VERTEX_POINT('',#16549);
#5438=VERTEX_POINT('',#16553);
#5439=VERTEX_POINT('',#16554);
#5440=VERTEX_POINT('',#16556);
#5441=VERTEX_POINT('',#16558);
#5442=VERTEX_POINT('',#16562);
#5443=VERTEX_POINT('',#16563);
#5444=VERTEX_POINT('',#16565);
#5445=VERTEX_POINT('',#16567);
#5446=LINE('',#13732,#6795);
#5447=LINE('',#13735,#6796);
#5448=LINE('',#13737,#6797);
#5449=LINE('',#13739,#6798);
#5450=LINE('',#13741,#6799);
#5451=LINE('',#13743,#6800);
#5452=LINE('',#13745,#6801);
#5453=LINE('',#13747,#6802);
#5454=LINE('',#13749,#6803);
#5455=LINE('',#13752,#6804);
#5456=LINE('',#13754,#6805);
#5457=LINE('',#13756,#6806);
#5458=LINE('',#13758,#6807);
#5459=LINE('',#13760,#6808);
#5460=LINE('',#13762,#6809);
#5461=LINE('',#13764,#6810);
#5462=LINE('',#13766,#6811);
#5463=LINE('',#13767,#6812);
#5464=LINE('',#13769,#6813);
#5465=LINE('',#13772,#6814);
#5466=LINE('',#13774,#6815);
#5467=LINE('',#13776,#6816);
#5468=LINE('',#13778,#6817);
#5469=LINE('',#13780,#6818);
#5470=LINE('',#13782,#6819);
#5471=LINE('',#13784,#6820);
#5472=LINE('',#13786,#6821);
#5473=LINE('',#13789,#6822);
#5474=LINE('',#13791,#6823);
#5475=LINE('',#13793,#6824);
#5476=LINE('',#13795,#6825);
#5477=LINE('',#13797,#6826);
#5478=LINE('',#13799,#6827);
#5479=LINE('',#13801,#6828);
#5480=LINE('',#13803,#6829);
#5481=LINE('',#13804,#6830);
#5482=LINE('',#13809,#6831);
#5483=LINE('',#13813,#6832);
#5484=LINE('',#13817,#6833);
#5485=LINE('',#13821,#6834);
#5486=LINE('',#13822,#6835);
#5487=LINE('',#13825,#6836);
#5488=LINE('',#13827,#6837);
#5489=LINE('',#13829,#6838);
#5490=LINE('',#13831,#6839);
#5491=LINE('',#13834,#6840);
#5492=LINE('',#13836,#6841);
#5493=LINE('',#13838,#6842);
#5494=LINE('',#13840,#6843);
#5495=LINE('',#13843,#6844);
#5496=LINE('',#13845,#6845);
#5497=LINE('',#13847,#6846);
#5498=LINE('',#13848,#6847);
#5499=LINE('',#13850,#6848);
#5500=LINE('',#13852,#6849);
#5501=LINE('',#13854,#6850);
#5502=LINE('',#13856,#6851);
#5503=LINE('',#13858,#6852);
#5504=LINE('',#13860,#6853);
#5505=LINE('',#13862,#6854);
#5506=LINE('',#13864,#6855);
#5507=LINE('',#13866,#6856);
#5508=LINE('',#13869,#6857);
#5509=LINE('',#13871,#6858);
#5510=LINE('',#13873,#6859);
#5511=LINE('',#13877,#6860);
#5512=LINE('',#13878,#6861);
#5513=LINE('',#13880,#6862);
#5514=LINE('',#13882,#6863);
#5515=LINE('',#13884,#6864);
#5516=LINE('',#13886,#6865);
#5517=LINE('',#13887,#6866);
#5518=LINE('',#13889,#6867);
#5519=LINE('',#13890,#6868);
#5520=LINE('',#13892,#6869);
#5521=LINE('',#13895,#6870);
#5522=LINE('',#13897,#6871);
#5523=LINE('',#13899,#6872);
#5524=LINE('',#13901,#6873);
#5525=LINE('',#13903,#6874);
#5526=LINE('',#13905,#6875);
#5527=LINE('',#13908,#6876);
#5528=LINE('',#13910,#6877);
#5529=LINE('',#13912,#6878);
#5530=LINE('',#13914,#6879);
#5531=LINE('',#13916,#6880);
#5532=LINE('',#13918,#6881);
#5533=LINE('',#13921,#6882);
#5534=LINE('',#13923,#6883);
#5535=LINE('',#13925,#6884);
#5536=LINE('',#13927,#6885);
#5537=LINE('',#13929,#6886);
#5538=LINE('',#13931,#6887);
#5539=LINE('',#13934,#6888);
#5540=LINE('',#13936,#6889);
#5541=LINE('',#13938,#6890);
#5542=LINE('',#13940,#6891);
#5543=LINE('',#13942,#6892);
#5544=LINE('',#13944,#6893);
#5545=LINE('',#13945,#6894);
#5546=LINE('',#13947,#6895);
#5547=LINE('',#13948,#6896);
#5548=LINE('',#13950,#6897);
#5549=LINE('',#13953,#6898);
#5550=LINE('',#13955,#6899);
#5551=LINE('',#13957,#6900);
#5552=LINE('',#13959,#6901);
#5553=LINE('',#13961,#6902);
#5554=LINE('',#13963,#6903);
#5555=LINE('',#13966,#6904);
#5556=LINE('',#13968,#6905);
#5557=LINE('',#13970,#6906);
#5558=LINE('',#13972,#6907);
#5559=LINE('',#13974,#6908);
#5560=LINE('',#13976,#6909);
#5561=LINE('',#13979,#6910);
#5562=LINE('',#13981,#6911);
#5563=LINE('',#13983,#6912);
#5564=LINE('',#13985,#6913);
#5565=LINE('',#13987,#6914);
#5566=LINE('',#13989,#6915);
#5567=LINE('',#13992,#6916);
#5568=LINE('',#13994,#6917);
#5569=LINE('',#13996,#6918);
#5570=LINE('',#13998,#6919);
#5571=LINE('',#14000,#6920);
#5572=LINE('',#14002,#6921);
#5573=LINE('',#14003,#6922);
#5574=LINE('',#14005,#6923);
#5575=LINE('',#14006,#6924);
#5576=LINE('',#14008,#6925);
#5577=LINE('',#14011,#6926);
#5578=LINE('',#14013,#6927);
#5579=LINE('',#14015,#6928);
#5580=LINE('',#14017,#6929);
#5581=LINE('',#14019,#6930);
#5582=LINE('',#14021,#6931);
#5583=LINE('',#14024,#6932);
#5584=LINE('',#14026,#6933);
#5585=LINE('',#14028,#6934);
#5586=LINE('',#14030,#6935);
#5587=LINE('',#14032,#6936);
#5588=LINE('',#14034,#6937);
#5589=LINE('',#14037,#6938);
#5590=LINE('',#14039,#6939);
#5591=LINE('',#14041,#6940);
#5592=LINE('',#14043,#6941);
#5593=LINE('',#14045,#6942);
#5594=LINE('',#14047,#6943);
#5595=LINE('',#14050,#6944);
#5596=LINE('',#14052,#6945);
#5597=LINE('',#14054,#6946);
#5598=LINE('',#14056,#6947);
#5599=LINE('',#14058,#6948);
#5600=LINE('',#14060,#6949);
#5601=LINE('',#14061,#6950);
#5602=LINE('',#14063,#6951);
#5603=LINE('',#14064,#6952);
#5604=LINE('',#14066,#6953);
#5605=LINE('',#14069,#6954);
#5606=LINE('',#14071,#6955);
#5607=LINE('',#14073,#6956);
#5608=LINE('',#14075,#6957);
#5609=LINE('',#14077,#6958);
#5610=LINE('',#14079,#6959);
#5611=LINE('',#14082,#6960);
#5612=LINE('',#14084,#6961);
#5613=LINE('',#14086,#6962);
#5614=LINE('',#14088,#6963);
#5615=LINE('',#14090,#6964);
#5616=LINE('',#14092,#6965);
#5617=LINE('',#14095,#6966);
#5618=LINE('',#14097,#6967);
#5619=LINE('',#14099,#6968);
#5620=LINE('',#14101,#6969);
#5621=LINE('',#14103,#6970);
#5622=LINE('',#14105,#6971);
#5623=LINE('',#14108,#6972);
#5624=LINE('',#14110,#6973);
#5625=LINE('',#14112,#6974);
#5626=LINE('',#14114,#6975);
#5627=LINE('',#14116,#6976);
#5628=LINE('',#14118,#6977);
#5629=LINE('',#14119,#6978);
#5630=LINE('',#14121,#6979);
#5631=LINE('',#14122,#6980);
#5632=LINE('',#14124,#6981);
#5633=LINE('',#14127,#6982);
#5634=LINE('',#14129,#6983);
#5635=LINE('',#14131,#6984);
#5636=LINE('',#14133,#6985);
#5637=LINE('',#14135,#6986);
#5638=LINE('',#14137,#6987);
#5639=LINE('',#14140,#6988);
#5640=LINE('',#14142,#6989);
#5641=LINE('',#14144,#6990);
#5642=LINE('',#14146,#6991);
#5643=LINE('',#14148,#6992);
#5644=LINE('',#14150,#6993);
#5645=LINE('',#14151,#6994);
#5646=LINE('',#14153,#6995);
#5647=LINE('',#14156,#6996);
#5648=LINE('',#14158,#6997);
#5649=LINE('',#14160,#6998);
#5650=LINE('',#14162,#6999);
#5651=LINE('',#14164,#7000);
#5652=LINE('',#14166,#7001);
#5653=LINE('',#14169,#7002);
#5654=LINE('',#14171,#7003);
#5655=LINE('',#14173,#7004);
#5656=LINE('',#14175,#7005);
#5657=LINE('',#14177,#7006);
#5658=LINE('',#14179,#7007);
#5659=LINE('',#14180,#7008);
#5660=LINE('',#14182,#7009);
#5661=LINE('',#14185,#7010);
#5662=LINE('',#14187,#7011);
#5663=LINE('',#14189,#7012);
#5664=LINE('',#14191,#7013);
#5665=LINE('',#14193,#7014);
#5666=LINE('',#14195,#7015);
#5667=LINE('',#14198,#7016);
#5668=LINE('',#14200,#7017);
#5669=LINE('',#14202,#7018);
#5670=LINE('',#14204,#7019);
#5671=LINE('',#14206,#7020);
#5672=LINE('',#14208,#7021);
#5673=LINE('',#14211,#7022);
#5674=LINE('',#14213,#7023);
#5675=LINE('',#14215,#7024);
#5676=LINE('',#14217,#7025);
#5677=LINE('',#14219,#7026);
#5678=LINE('',#14221,#7027);
#5679=LINE('',#14224,#7028);
#5680=LINE('',#14226,#7029);
#5681=LINE('',#14228,#7030);
#5682=LINE('',#14230,#7031);
#5683=LINE('',#14232,#7032);
#5684=LINE('',#14234,#7033);
#5685=LINE('',#14235,#7034);
#5686=LINE('',#14237,#7035);
#5687=LINE('',#14238,#7036);
#5688=LINE('',#14240,#7037);
#5689=LINE('',#14243,#7038);
#5690=LINE('',#14245,#7039);
#5691=LINE('',#14247,#7040);
#5692=LINE('',#14249,#7041);
#5693=LINE('',#14251,#7042);
#5694=LINE('',#14253,#7043);
#5695=LINE('',#14256,#7044);
#5696=LINE('',#14258,#7045);
#5697=LINE('',#14260,#7046);
#5698=LINE('',#14262,#7047);
#5699=LINE('',#14264,#7048);
#5700=LINE('',#14266,#7049);
#5701=LINE('',#14269,#7050);
#5702=LINE('',#14271,#7051);
#5703=LINE('',#14273,#7052);
#5704=LINE('',#14275,#7053);
#5705=LINE('',#14277,#7054);
#5706=LINE('',#14279,#7055);
#5707=LINE('',#14282,#7056);
#5708=LINE('',#14284,#7057);
#5709=LINE('',#14286,#7058);
#5710=LINE('',#14288,#7059);
#5711=LINE('',#14290,#7060);
#5712=LINE('',#14292,#7061);
#5713=LINE('',#14293,#7062);
#5714=LINE('',#14295,#7063);
#5715=LINE('',#14296,#7064);
#5716=LINE('',#14298,#7065);
#5717=LINE('',#14301,#7066);
#5718=LINE('',#14303,#7067);
#5719=LINE('',#14305,#7068);
#5720=LINE('',#14307,#7069);
#5721=LINE('',#14310,#7070);
#5722=LINE('',#14312,#7071);
#5723=LINE('',#14314,#7072);
#5724=LINE('',#14316,#7073);
#5725=LINE('',#14319,#7074);
#5726=LINE('',#14321,#7075);
#5727=LINE('',#14323,#7076);
#5728=LINE('',#14325,#7077);
#5729=LINE('',#14328,#7078);
#5730=LINE('',#14330,#7079);
#5731=LINE('',#14332,#7080);
#5732=LINE('',#14334,#7081);
#5733=LINE('',#14335,#7082);
#5734=LINE('',#14337,#7083);
#5735=LINE('',#14338,#7084);
#5736=LINE('',#14340,#7085);
#5737=LINE('',#14341,#7086);
#5738=LINE('',#14343,#7087);
#5739=LINE('',#14344,#7088);
#5740=LINE('',#14346,#7089);
#5741=LINE('',#14347,#7090);
#5742=LINE('',#14349,#7091);
#5743=LINE('',#14351,#7092);
#5744=LINE('',#14353,#7093);
#5745=LINE('',#14355,#7094);
#5746=LINE('',#14356,#7095);
#5747=LINE('',#14358,#7096);
#5748=LINE('',#14359,#7097);
#5749=LINE('',#14361,#7098);
#5750=LINE('',#14362,#7099);
#5751=LINE('',#14364,#7100);
#5752=LINE('',#14366,#7101);
#5753=LINE('',#14368,#7102);
#5754=LINE('',#14370,#7103);
#5755=LINE('',#14372,#7104);
#5756=LINE('',#14374,#7105);
#5757=LINE('',#14376,#7106);
#5758=LINE('',#14377,#7107);
#5759=LINE('',#14379,#7108);
#5760=LINE('',#14380,#7109);
#5761=LINE('',#14382,#7110);
#5762=LINE('',#14383,#7111);
#5763=LINE('',#14385,#7112);
#5764=LINE('',#14387,#7113);
#5765=LINE('',#14389,#7114);
#5766=LINE('',#14391,#7115);
#5767=LINE('',#14393,#7116);
#5768=LINE('',#14395,#7117);
#5769=LINE('',#14397,#7118);
#5770=LINE('',#14398,#7119);
#5771=LINE('',#14400,#7120);
#5772=LINE('',#14401,#7121);
#5773=LINE('',#14403,#7122);
#5774=LINE('',#14404,#7123);
#5775=LINE('',#14406,#7124);
#5776=LINE('',#14408,#7125);
#5777=LINE('',#14410,#7126);
#5778=LINE('',#14412,#7127);
#5779=LINE('',#14414,#7128);
#5780=LINE('',#14415,#7129);
#5781=LINE('',#14416,#7130);
#5782=LINE('',#14417,#7131);
#5783=LINE('',#14418,#7132);
#5784=LINE('',#14419,#7133);
#5785=LINE('',#14421,#7134);
#5786=LINE('',#14422,#7135);
#5787=LINE('',#14423,#7136);
#5788=LINE('',#14425,#7137);
#5789=LINE('',#14426,#7138);
#5790=LINE('',#14427,#7139);
#5791=LINE('',#14428,#7140);
#5792=LINE('',#14429,#7141);
#5793=LINE('',#14430,#7142);
#5794=LINE('',#14431,#7143);
#5795=LINE('',#14432,#7144);
#5796=LINE('',#14434,#7145);
#5797=LINE('',#14435,#7146);
#5798=LINE('',#14436,#7147);
#5799=LINE('',#14437,#7148);
#5800=LINE('',#14438,#7149);
#5801=LINE('',#14439,#7150);
#5802=LINE('',#14441,#7151);
#5803=LINE('',#14442,#7152);
#5804=LINE('',#14443,#7153);
#5805=LINE('',#14445,#7154);
#5806=LINE('',#14446,#7155);
#5807=LINE('',#14447,#7156);
#5808=LINE('',#14448,#7157);
#5809=LINE('',#14449,#7158);
#5810=LINE('',#14450,#7159);
#5811=LINE('',#14452,#7160);
#5812=LINE('',#14454,#7161);
#5813=LINE('',#14455,#7162);
#5814=LINE('',#14457,#7163);
#5815=LINE('',#14459,#7164);
#5816=LINE('',#14461,#7165);
#5817=LINE('',#14463,#7166);
#5818=LINE('',#14465,#7167);
#5819=LINE('',#14468,#7168);
#5820=LINE('',#14470,#7169);
#5821=LINE('',#14472,#7170);
#5822=LINE('',#14473,#7171);
#5823=LINE('',#14476,#7172);
#5824=LINE('',#14478,#7173);
#5825=LINE('',#14480,#7174);
#5826=LINE('',#14481,#7175);
#5827=LINE('',#14484,#7176);
#5828=LINE('',#14486,#7177);
#5829=LINE('',#14488,#7178);
#5830=LINE('',#14489,#7179);
#5831=LINE('',#14492,#7180);
#5832=LINE('',#14494,#7181);
#5833=LINE('',#14496,#7182);
#5834=LINE('',#14497,#7183);
#5835=LINE('',#14500,#7184);
#5836=LINE('',#14502,#7185);
#5837=LINE('',#14504,#7186);
#5838=LINE('',#14505,#7187);
#5839=LINE('',#14508,#7188);
#5840=LINE('',#14510,#7189);
#5841=LINE('',#14512,#7190);
#5842=LINE('',#14513,#7191);
#5843=LINE('',#14516,#7192);
#5844=LINE('',#14518,#7193);
#5845=LINE('',#14520,#7194);
#5846=LINE('',#14521,#7195);
#5847=LINE('',#14524,#7196);
#5848=LINE('',#14526,#7197);
#5849=LINE('',#14528,#7198);
#5850=LINE('',#14529,#7199);
#5851=LINE('',#14532,#7200);
#5852=LINE('',#14534,#7201);
#5853=LINE('',#14536,#7202);
#5854=LINE('',#14537,#7203);
#5855=LINE('',#14540,#7204);
#5856=LINE('',#14542,#7205);
#5857=LINE('',#14544,#7206);
#5858=LINE('',#14545,#7207);
#5859=LINE('',#14548,#7208);
#5860=LINE('',#14550,#7209);
#5861=LINE('',#14552,#7210);
#5862=LINE('',#14553,#7211);
#5863=LINE('',#14556,#7212);
#5864=LINE('',#14558,#7213);
#5865=LINE('',#14560,#7214);
#5866=LINE('',#14561,#7215);
#5867=LINE('',#14564,#7216);
#5868=LINE('',#14566,#7217);
#5869=LINE('',#14568,#7218);
#5870=LINE('',#14569,#7219);
#5871=LINE('',#14572,#7220);
#5872=LINE('',#14574,#7221);
#5873=LINE('',#14576,#7222);
#5874=LINE('',#14577,#7223);
#5875=LINE('',#14580,#7224);
#5876=LINE('',#14582,#7225);
#5877=LINE('',#14584,#7226);
#5878=LINE('',#14585,#7227);
#5879=LINE('',#14588,#7228);
#5880=LINE('',#14590,#7229);
#5881=LINE('',#14592,#7230);
#5882=LINE('',#14593,#7231);
#5883=LINE('',#14596,#7232);
#5884=LINE('',#14598,#7233);
#5885=LINE('',#14600,#7234);
#5886=LINE('',#14602,#7235);
#5887=LINE('',#14604,#7236);
#5888=LINE('',#14605,#7237);
#5889=LINE('',#14608,#7238);
#5890=LINE('',#14610,#7239);
#5891=LINE('',#14612,#7240);
#5892=LINE('',#14614,#7241);
#5893=LINE('',#14616,#7242);
#5894=LINE('',#14617,#7243);
#5895=LINE('',#14620,#7244);
#5896=LINE('',#14622,#7245);
#5897=LINE('',#14624,#7246);
#5898=LINE('',#14626,#7247);
#5899=LINE('',#14627,#7248);
#5900=LINE('',#14630,#7249);
#5901=LINE('',#14632,#7250);
#5902=LINE('',#14634,#7251);
#5903=LINE('',#14636,#7252);
#5904=LINE('',#14637,#7253);
#5905=LINE('',#14639,#7254);
#5906=LINE('',#14641,#7255);
#5907=LINE('',#14642,#7256);
#5908=LINE('',#14643,#7257);
#5909=LINE('',#14644,#7258);
#5910=LINE('',#14645,#7259);
#5911=LINE('',#14646,#7260);
#5912=LINE('',#14648,#7261);
#5913=LINE('',#14649,#7262);
#5914=LINE('',#14650,#7263);
#5915=LINE('',#14651,#7264);
#5916=LINE('',#14652,#7265);
#5917=LINE('',#14653,#7266);
#5918=LINE('',#14655,#7267);
#5919=LINE('',#14657,#7268);
#5920=LINE('',#14658,#7269);
#5921=LINE('',#14659,#7270);
#5922=LINE('',#14660,#7271);
#5923=LINE('',#14661,#7272);
#5924=LINE('',#14662,#7273);
#5925=LINE('',#14664,#7274);
#5926=LINE('',#14665,#7275);
#5927=LINE('',#14666,#7276);
#5928=LINE('',#14667,#7277);
#5929=LINE('',#14668,#7278);
#5930=LINE('',#14669,#7279);
#5931=LINE('',#14674,#7280);
#5932=LINE('',#14678,#7281);
#5933=LINE('',#14682,#7282);
#5934=LINE('',#14688,#7283);
#5935=LINE('',#14690,#7284);
#5936=LINE('',#14692,#7285);
#5937=LINE('',#14694,#7286);
#5938=LINE('',#14697,#7287);
#5939=LINE('',#14699,#7288);
#5940=LINE('',#14701,#7289);
#5941=LINE('',#14703,#7290);
#5942=LINE('',#14705,#7291);
#5943=LINE('',#14707,#7292);
#5944=LINE('',#14709,#7293);
#5945=LINE('',#14713,#7294);
#5946=LINE('',#14715,#7295);
#5947=LINE('',#14719,#7296);
#5948=LINE('',#14721,#7297);
#5949=LINE('',#14728,#7298);
#5950=LINE('',#14729,#7299);
#5951=LINE('',#14731,#7300);
#5952=LINE('',#14733,#7301);
#5953=LINE('',#14735,#7302);
#5954=LINE('',#14737,#7303);
#5955=LINE('',#14739,#7304);
#5956=LINE('',#14741,#7305);
#5957=LINE('',#14776,#7306);
#5958=LINE('',#14779,#7307);
#5959=LINE('',#14784,#7308);
#5960=LINE('',#14786,#7309);
#5961=LINE('',#14788,#7310);
#5962=LINE('',#14790,#7311);
#5963=LINE('',#14792,#7312);
#5964=LINE('',#14794,#7313);
#5965=LINE('',#14796,#7314);
#5966=LINE('',#14798,#7315);
#5967=LINE('',#14800,#7316);
#5968=LINE('',#14802,#7317);
#5969=LINE('',#14805,#7318);
#5970=LINE('',#14807,#7319);
#5971=LINE('',#14809,#7320);
#5972=LINE('',#14811,#7321);
#5973=LINE('',#14813,#7322);
#5974=LINE('',#14815,#7323);
#5975=LINE('',#14817,#7324);
#5976=LINE('',#14819,#7325);
#5977=LINE('',#14821,#7326);
#5978=LINE('',#14823,#7327);
#5979=LINE('',#14826,#7328);
#5980=LINE('',#14828,#7329);
#5981=LINE('',#14830,#7330);
#5982=LINE('',#14832,#7331);
#5983=LINE('',#14834,#7332);
#5984=LINE('',#14836,#7333);
#5985=LINE('',#14838,#7334);
#5986=LINE('',#14840,#7335);
#5987=LINE('',#14842,#7336);
#5988=LINE('',#14844,#7337);
#5989=LINE('',#14846,#7338);
#5990=LINE('',#14848,#7339);
#5991=LINE('',#14851,#7340);
#5992=LINE('',#14853,#7341);
#5993=LINE('',#14855,#7342);
#5994=LINE('',#14857,#7343);
#5995=LINE('',#14859,#7344);
#5996=LINE('',#14861,#7345);
#5997=LINE('',#14863,#7346);
#5998=LINE('',#14865,#7347);
#5999=LINE('',#14867,#7348);
#6000=LINE('',#14869,#7349);
#6001=LINE('',#14871,#7350);
#6002=LINE('',#14873,#7351);
#6003=LINE('',#14876,#7352);
#6004=LINE('',#14878,#7353);
#6005=LINE('',#14880,#7354);
#6006=LINE('',#14882,#7355);
#6007=LINE('',#14884,#7356);
#6008=LINE('',#14886,#7357);
#6009=LINE('',#14888,#7358);
#6010=LINE('',#14890,#7359);
#6011=LINE('',#14893,#7360);
#6012=LINE('',#14895,#7361);
#6013=LINE('',#14897,#7362);
#6014=LINE('',#14899,#7363);
#6015=LINE('',#14901,#7364);
#6016=LINE('',#14903,#7365);
#6017=LINE('',#14905,#7366);
#6018=LINE('',#14907,#7367);
#6019=LINE('',#14910,#7368);
#6020=LINE('',#14912,#7369);
#6021=LINE('',#14914,#7370);
#6022=LINE('',#14916,#7371);
#6023=LINE('',#14918,#7372);
#6024=LINE('',#14920,#7373);
#6025=LINE('',#14922,#7374);
#6026=LINE('',#14924,#7375);
#6027=LINE('',#14927,#7376);
#6028=LINE('',#14929,#7377);
#6029=LINE('',#14931,#7378);
#6030=LINE('',#14933,#7379);
#6031=LINE('',#14935,#7380);
#6032=LINE('',#14937,#7381);
#6033=LINE('',#14939,#7382);
#6034=LINE('',#14941,#7383);
#6035=LINE('',#14944,#7384);
#6036=LINE('',#14946,#7385);
#6037=LINE('',#14948,#7386);
#6038=LINE('',#14950,#7387);
#6039=LINE('',#14952,#7388);
#6040=LINE('',#14954,#7389);
#6041=LINE('',#14956,#7390);
#6042=LINE('',#14958,#7391);
#6043=LINE('',#14961,#7392);
#6044=LINE('',#14963,#7393);
#6045=LINE('',#14965,#7394);
#6046=LINE('',#14967,#7395);
#6047=LINE('',#14969,#7396);
#6048=LINE('',#14971,#7397);
#6049=LINE('',#14973,#7398);
#6050=LINE('',#14975,#7399);
#6051=LINE('',#14978,#7400);
#6052=LINE('',#14980,#7401);
#6053=LINE('',#14982,#7402);
#6054=LINE('',#14984,#7403);
#6055=LINE('',#14986,#7404);
#6056=LINE('',#14988,#7405);
#6057=LINE('',#14990,#7406);
#6058=LINE('',#14992,#7407);
#6059=LINE('',#14995,#7408);
#6060=LINE('',#14997,#7409);
#6061=LINE('',#14999,#7410);
#6062=LINE('',#15001,#7411);
#6063=LINE('',#15003,#7412);
#6064=LINE('',#15005,#7413);
#6065=LINE('',#15007,#7414);
#6066=LINE('',#15009,#7415);
#6067=LINE('',#15012,#7416);
#6068=LINE('',#15014,#7417);
#6069=LINE('',#15016,#7418);
#6070=LINE('',#15018,#7419);
#6071=LINE('',#15020,#7420);
#6072=LINE('',#15022,#7421);
#6073=LINE('',#15024,#7422);
#6074=LINE('',#15026,#7423);
#6075=LINE('',#15029,#7424);
#6076=LINE('',#15031,#7425);
#6077=LINE('',#15033,#7426);
#6078=LINE('',#15035,#7427);
#6079=LINE('',#15037,#7428);
#6080=LINE('',#15039,#7429);
#6081=LINE('',#15041,#7430);
#6082=LINE('',#15043,#7431);
#6083=LINE('',#15046,#7432);
#6084=LINE('',#15048,#7433);
#6085=LINE('',#15050,#7434);
#6086=LINE('',#15052,#7435);
#6087=LINE('',#15054,#7436);
#6088=LINE('',#15056,#7437);
#6089=LINE('',#15058,#7438);
#6090=LINE('',#15060,#7439);
#6091=LINE('',#15063,#7440);
#6092=LINE('',#15065,#7441);
#6093=LINE('',#15067,#7442);
#6094=LINE('',#15069,#7443);
#6095=LINE('',#15071,#7444);
#6096=LINE('',#15073,#7445);
#6097=LINE('',#15075,#7446);
#6098=LINE('',#15077,#7447);
#6099=LINE('',#15080,#7448);
#6100=LINE('',#15082,#7449);
#6101=LINE('',#15084,#7450);
#6102=LINE('',#15086,#7451);
#6103=LINE('',#15088,#7452);
#6104=LINE('',#15090,#7453);
#6105=LINE('',#15092,#7454);
#6106=LINE('',#15094,#7455);
#6107=LINE('',#15097,#7456);
#6108=LINE('',#15099,#7457);
#6109=LINE('',#15101,#7458);
#6110=LINE('',#15103,#7459);
#6111=LINE('',#15105,#7460);
#6112=LINE('',#15107,#7461);
#6113=LINE('',#15109,#7462);
#6114=LINE('',#15111,#7463);
#6115=LINE('',#15114,#7464);
#6116=LINE('',#15116,#7465);
#6117=LINE('',#15118,#7466);
#6118=LINE('',#15120,#7467);
#6119=LINE('',#15122,#7468);
#6120=LINE('',#15124,#7469);
#6121=LINE('',#15126,#7470);
#6122=LINE('',#15128,#7471);
#6123=LINE('',#15131,#7472);
#6124=LINE('',#15133,#7473);
#6125=LINE('',#15135,#7474);
#6126=LINE('',#15137,#7475);
#6127=LINE('',#15139,#7476);
#6128=LINE('',#15141,#7477);
#6129=LINE('',#15143,#7478);
#6130=LINE('',#15145,#7479);
#6131=LINE('',#15149,#7480);
#6132=LINE('',#15152,#7481);
#6133=LINE('',#15154,#7482);
#6134=LINE('',#15156,#7483);
#6135=LINE('',#15158,#7484);
#6136=LINE('',#15161,#7485);
#6137=LINE('',#15163,#7486);
#6138=LINE('',#15165,#7487);
#6139=LINE('',#15167,#7488);
#6140=LINE('',#15168,#7489);
#6141=LINE('',#15170,#7490);
#6142=LINE('',#15171,#7491);
#6143=LINE('',#15176,#7492);
#6144=LINE('',#15180,#7493);
#6145=LINE('',#15185,#7494);
#6146=LINE('',#15189,#7495);
#6147=LINE('',#15194,#7496);
#6148=LINE('',#15198,#7497);
#6149=LINE('',#15203,#7498);
#6150=LINE('',#15207,#7499);
#6151=LINE('',#15212,#7500);
#6152=LINE('',#15216,#7501);
#6153=LINE('',#15221,#7502);
#6154=LINE('',#15225,#7503);
#6155=LINE('',#15230,#7504);
#6156=LINE('',#15234,#7505);
#6157=LINE('',#15239,#7506);
#6158=LINE('',#15243,#7507);
#6159=LINE('',#15248,#7508);
#6160=LINE('',#15252,#7509);
#6161=LINE('',#15257,#7510);
#6162=LINE('',#15261,#7511);
#6163=LINE('',#15263,#7512);
#6164=LINE('',#15265,#7513);
#6165=LINE('',#15267,#7514);
#6166=LINE('',#15269,#7515);
#6167=LINE('',#15271,#7516);
#6168=LINE('',#15273,#7517);
#6169=LINE('',#15275,#7518);
#6170=LINE('',#15277,#7519);
#6171=LINE('',#15279,#7520);
#6172=LINE('',#15281,#7521);
#6173=LINE('',#15283,#7522);
#6174=LINE('',#15285,#7523);
#6175=LINE('',#15287,#7524);
#6176=LINE('',#15289,#7525);
#6177=LINE('',#15291,#7526);
#6178=LINE('',#15293,#7527);
#6179=LINE('',#15295,#7528);
#6180=LINE('',#15297,#7529);
#6181=LINE('',#15299,#7530);
#6182=LINE('',#15301,#7531);
#6183=LINE('',#15303,#7532);
#6184=LINE('',#15305,#7533);
#6185=LINE('',#15307,#7534);
#6186=LINE('',#15309,#7535);
#6187=LINE('',#15311,#7536);
#6188=LINE('',#15313,#7537);
#6189=LINE('',#15315,#7538);
#6190=LINE('',#15317,#7539);
#6191=LINE('',#15319,#7540);
#6192=LINE('',#15321,#7541);
#6193=LINE('',#15323,#7542);
#6194=LINE('',#15325,#7543);
#6195=LINE('',#15327,#7544);
#6196=LINE('',#15329,#7545);
#6197=LINE('',#15331,#7546);
#6198=LINE('',#15333,#7547);
#6199=LINE('',#15335,#7548);
#6200=LINE('',#15337,#7549);
#6201=LINE('',#15339,#7550);
#6202=LINE('',#15341,#7551);
#6203=LINE('',#15343,#7552);
#6204=LINE('',#15345,#7553);
#6205=LINE('',#15347,#7554);
#6206=LINE('',#15349,#7555);
#6207=LINE('',#15351,#7556);
#6208=LINE('',#15353,#7557);
#6209=LINE('',#15355,#7558);
#6210=LINE('',#15357,#7559);
#6211=LINE('',#15359,#7560);
#6212=LINE('',#15361,#7561);
#6213=LINE('',#15363,#7562);
#6214=LINE('',#15365,#7563);
#6215=LINE('',#15367,#7564);
#6216=LINE('',#15369,#7565);
#6217=LINE('',#15371,#7566);
#6218=LINE('',#15373,#7567);
#6219=LINE('',#15375,#7568);
#6220=LINE('',#15377,#7569);
#6221=LINE('',#15379,#7570);
#6222=LINE('',#15381,#7571);
#6223=LINE('',#15383,#7572);
#6224=LINE('',#15385,#7573);
#6225=LINE('',#15387,#7574);
#6226=LINE('',#15389,#7575);
#6227=LINE('',#15391,#7576);
#6228=LINE('',#15393,#7577);
#6229=LINE('',#15395,#7578);
#6230=LINE('',#15397,#7579);
#6231=LINE('',#15399,#7580);
#6232=LINE('',#15401,#7581);
#6233=LINE('',#15403,#7582);
#6234=LINE('',#15405,#7583);
#6235=LINE('',#15407,#7584);
#6236=LINE('',#15409,#7585);
#6237=LINE('',#15411,#7586);
#6238=LINE('',#15413,#7587);
#6239=LINE('',#15415,#7588);
#6240=LINE('',#15417,#7589);
#6241=LINE('',#15419,#7590);
#6242=LINE('',#15421,#7591);
#6243=LINE('',#15423,#7592);
#6244=LINE('',#15425,#7593);
#6245=LINE('',#15427,#7594);
#6246=LINE('',#15429,#7595);
#6247=LINE('',#15431,#7596);
#6248=LINE('',#15433,#7597);
#6249=LINE('',#15435,#7598);
#6250=LINE('',#15437,#7599);
#6251=LINE('',#15439,#7600);
#6252=LINE('',#15441,#7601);
#6253=LINE('',#15443,#7602);
#6254=LINE('',#15451,#7603);
#6255=LINE('',#15455,#7604);
#6256=LINE('',#15461,#7605);
#6257=LINE('',#15467,#7606);
#6258=LINE('',#15473,#7607);
#6259=LINE('',#15479,#7608);
#6260=LINE('',#15485,#7609);
#6261=LINE('',#15491,#7610);
#6262=LINE('',#15497,#7611);
#6263=LINE('',#15503,#7612);
#6264=LINE('',#15505,#7613);
#6265=LINE('',#15507,#7614);
#6266=LINE('',#15509,#7615);
#6267=LINE('',#15511,#7616);
#6268=LINE('',#15513,#7617);
#6269=LINE('',#15515,#7618);
#6270=LINE('',#15517,#7619);
#6271=LINE('',#15519,#7620);
#6272=LINE('',#15521,#7621);
#6273=LINE('',#15523,#7622);
#6274=LINE('',#15525,#7623);
#6275=LINE('',#15527,#7624);
#6276=LINE('',#15529,#7625);
#6277=LINE('',#15531,#7626);
#6278=LINE('',#15533,#7627);
#6279=LINE('',#15535,#7628);
#6280=LINE('',#15537,#7629);
#6281=LINE('',#15539,#7630);
#6282=LINE('',#15541,#7631);
#6283=LINE('',#15543,#7632);
#6284=LINE('',#15545,#7633);
#6285=LINE('',#15547,#7634);
#6286=LINE('',#15549,#7635);
#6287=LINE('',#15551,#7636);
#6288=LINE('',#15553,#7637);
#6289=LINE('',#15555,#7638);
#6290=LINE('',#15557,#7639);
#6291=LINE('',#15559,#7640);
#6292=LINE('',#15561,#7641);
#6293=LINE('',#15563,#7642);
#6294=LINE('',#15565,#7643);
#6295=LINE('',#15567,#7644);
#6296=LINE('',#15569,#7645);
#6297=LINE('',#15571,#7646);
#6298=LINE('',#15573,#7647);
#6299=LINE('',#15575,#7648);
#6300=LINE('',#15577,#7649);
#6301=LINE('',#15579,#7650);
#6302=LINE('',#15581,#7651);
#6303=LINE('',#15583,#7652);
#6304=LINE('',#15585,#7653);
#6305=LINE('',#15587,#7654);
#6306=LINE('',#15589,#7655);
#6307=LINE('',#15591,#7656);
#6308=LINE('',#15593,#7657);
#6309=LINE('',#15595,#7658);
#6310=LINE('',#15597,#7659);
#6311=LINE('',#15599,#7660);
#6312=LINE('',#15601,#7661);
#6313=LINE('',#15603,#7662);
#6314=LINE('',#15605,#7663);
#6315=LINE('',#15607,#7664);
#6316=LINE('',#15609,#7665);
#6317=LINE('',#15611,#7666);
#6318=LINE('',#15613,#7667);
#6319=LINE('',#15615,#7668);
#6320=LINE('',#15617,#7669);
#6321=LINE('',#15619,#7670);
#6322=LINE('',#15621,#7671);
#6323=LINE('',#15626,#7672);
#6324=LINE('',#15630,#7673);
#6325=LINE('',#15635,#7674);
#6326=LINE('',#15639,#7675);
#6327=LINE('',#15644,#7676);
#6328=LINE('',#15648,#7677);
#6329=LINE('',#15653,#7678);
#6330=LINE('',#15657,#7679);
#6331=LINE('',#15662,#7680);
#6332=LINE('',#15666,#7681);
#6333=LINE('',#15671,#7682);
#6334=LINE('',#15675,#7683);
#6335=LINE('',#15680,#7684);
#6336=LINE('',#15684,#7685);
#6337=LINE('',#15689,#7686);
#6338=LINE('',#15693,#7687);
#6339=LINE('',#15698,#7688);
#6340=LINE('',#15702,#7689);
#6341=LINE('',#15707,#7690);
#6342=LINE('',#15711,#7691);
#6343=LINE('',#15713,#7692);
#6344=LINE('',#15715,#7693);
#6345=LINE('',#15717,#7694);
#6346=LINE('',#15719,#7695);
#6347=LINE('',#15721,#7696);
#6348=LINE('',#15723,#7697);
#6349=LINE('',#15725,#7698);
#6350=LINE('',#15727,#7699);
#6351=LINE('',#15729,#7700);
#6352=LINE('',#15731,#7701);
#6353=LINE('',#15733,#7702);
#6354=LINE('',#15735,#7703);
#6355=LINE('',#15737,#7704);
#6356=LINE('',#15739,#7705);
#6357=LINE('',#15741,#7706);
#6358=LINE('',#15743,#7707);
#6359=LINE('',#15745,#7708);
#6360=LINE('',#15747,#7709);
#6361=LINE('',#15749,#7710);
#6362=LINE('',#15751,#7711);
#6363=LINE('',#15753,#7712);
#6364=LINE('',#15755,#7713);
#6365=LINE('',#15757,#7714);
#6366=LINE('',#15759,#7715);
#6367=LINE('',#15761,#7716);
#6368=LINE('',#15763,#7717);
#6369=LINE('',#15765,#7718);
#6370=LINE('',#15767,#7719);
#6371=LINE('',#15769,#7720);
#6372=LINE('',#15771,#7721);
#6373=LINE('',#15773,#7722);
#6374=LINE('',#15775,#7723);
#6375=LINE('',#15777,#7724);
#6376=LINE('',#15779,#7725);
#6377=LINE('',#15781,#7726);
#6378=LINE('',#15783,#7727);
#6379=LINE('',#15785,#7728);
#6380=LINE('',#15787,#7729);
#6381=LINE('',#15789,#7730);
#6382=LINE('',#15791,#7731);
#6383=LINE('',#15793,#7732);
#6384=LINE('',#15795,#7733);
#6385=LINE('',#15797,#7734);
#6386=LINE('',#15799,#7735);
#6387=LINE('',#15801,#7736);
#6388=LINE('',#15803,#7737);
#6389=LINE('',#15805,#7738);
#6390=LINE('',#15807,#7739);
#6391=LINE('',#15809,#7740);
#6392=LINE('',#15811,#7741);
#6393=LINE('',#15813,#7742);
#6394=LINE('',#15815,#7743);
#6395=LINE('',#15817,#7744);
#6396=LINE('',#15819,#7745);
#6397=LINE('',#15821,#7746);
#6398=LINE('',#15823,#7747);
#6399=LINE('',#15825,#7748);
#6400=LINE('',#15827,#7749);
#6401=LINE('',#15829,#7750);
#6402=LINE('',#15831,#7751);
#6403=LINE('',#15833,#7752);
#6404=LINE('',#15835,#7753);
#6405=LINE('',#15837,#7754);
#6406=LINE('',#15839,#7755);
#6407=LINE('',#15841,#7756);
#6408=LINE('',#15843,#7757);
#6409=LINE('',#15845,#7758);
#6410=LINE('',#15847,#7759);
#6411=LINE('',#15849,#7760);
#6412=LINE('',#15851,#7761);
#6413=LINE('',#15853,#7762);
#6414=LINE('',#15855,#7763);
#6415=LINE('',#15857,#7764);
#6416=LINE('',#15859,#7765);
#6417=LINE('',#15861,#7766);
#6418=LINE('',#15863,#7767);
#6419=LINE('',#15865,#7768);
#6420=LINE('',#15867,#7769);
#6421=LINE('',#15869,#7770);
#6422=LINE('',#15871,#7771);
#6423=LINE('',#15873,#7772);
#6424=LINE('',#15875,#7773);
#6425=LINE('',#15877,#7774);
#6426=LINE('',#15879,#7775);
#6427=LINE('',#15881,#7776);
#6428=LINE('',#15883,#7777);
#6429=LINE('',#15885,#7778);
#6430=LINE('',#15887,#7779);
#6431=LINE('',#15889,#7780);
#6432=LINE('',#15891,#7781);
#6433=LINE('',#15893,#7782);
#6434=LINE('',#15901,#7783);
#6435=LINE('',#15905,#7784);
#6436=LINE('',#15911,#7785);
#6437=LINE('',#15917,#7786);
#6438=LINE('',#15923,#7787);
#6439=LINE('',#15929,#7788);
#6440=LINE('',#15935,#7789);
#6441=LINE('',#15941,#7790);
#6442=LINE('',#15947,#7791);
#6443=LINE('',#15953,#7792);
#6444=LINE('',#15955,#7793);
#6445=LINE('',#15957,#7794);
#6446=LINE('',#15959,#7795);
#6447=LINE('',#15961,#7796);
#6448=LINE('',#15963,#7797);
#6449=LINE('',#15965,#7798);
#6450=LINE('',#15967,#7799);
#6451=LINE('',#15969,#7800);
#6452=LINE('',#15971,#7801);
#6453=LINE('',#15973,#7802);
#6454=LINE('',#15975,#7803);
#6455=LINE('',#15977,#7804);
#6456=LINE('',#15979,#7805);
#6457=LINE('',#15981,#7806);
#6458=LINE('',#15983,#7807);
#6459=LINE('',#15985,#7808);
#6460=LINE('',#15987,#7809);
#6461=LINE('',#15989,#7810);
#6462=LINE('',#15991,#7811);
#6463=LINE('',#15993,#7812);
#6464=LINE('',#15995,#7813);
#6465=LINE('',#15997,#7814);
#6466=LINE('',#15999,#7815);
#6467=LINE('',#16001,#7816);
#6468=LINE('',#16003,#7817);
#6469=LINE('',#16005,#7818);
#6470=LINE('',#16007,#7819);
#6471=LINE('',#16009,#7820);
#6472=LINE('',#16011,#7821);
#6473=LINE('',#16013,#7822);
#6474=LINE('',#16015,#7823);
#6475=LINE('',#16017,#7824);
#6476=LINE('',#16019,#7825);
#6477=LINE('',#16021,#7826);
#6478=LINE('',#16023,#7827);
#6479=LINE('',#16025,#7828);
#6480=LINE('',#16027,#7829);
#6481=LINE('',#16029,#7830);
#6482=LINE('',#16031,#7831);
#6483=LINE('',#16033,#7832);
#6484=LINE('',#16035,#7833);
#6485=LINE('',#16037,#7834);
#6486=LINE('',#16039,#7835);
#6487=LINE('',#16041,#7836);
#6488=LINE('',#16043,#7837);
#6489=LINE('',#16045,#7838);
#6490=LINE('',#16047,#7839);
#6491=LINE('',#16049,#7840);
#6492=LINE('',#16051,#7841);
#6493=LINE('',#16053,#7842);
#6494=LINE('',#16055,#7843);
#6495=LINE('',#16057,#7844);
#6496=LINE('',#16059,#7845);
#6497=LINE('',#16061,#7846);
#6498=LINE('',#16063,#7847);
#6499=LINE('',#16065,#7848);
#6500=LINE('',#16067,#7849);
#6501=LINE('',#16069,#7850);
#6502=LINE('',#16071,#7851);
#6503=LINE('',#16073,#7852);
#6504=LINE('',#16074,#7853);
#6505=LINE('',#16075,#7854);
#6506=LINE('',#16076,#7855);
#6507=LINE('',#16077,#7856);
#6508=LINE('',#16078,#7857);
#6509=LINE('',#16079,#7858);
#6510=LINE('',#16080,#7859);
#6511=LINE('',#16081,#7860);
#6512=LINE('',#16082,#7861);
#6513=LINE('',#16083,#7862);
#6514=LINE('',#16084,#7863);
#6515=LINE('',#16085,#7864);
#6516=LINE('',#16086,#7865);
#6517=LINE('',#16087,#7866);
#6518=LINE('',#16088,#7867);
#6519=LINE('',#16089,#7868);
#6520=LINE('',#16090,#7869);
#6521=LINE('',#16091,#7870);
#6522=LINE('',#16092,#7871);
#6523=LINE('',#16093,#7872);
#6524=LINE('',#16094,#7873);
#6525=LINE('',#16095,#7874);
#6526=LINE('',#16096,#7875);
#6527=LINE('',#16097,#7876);
#6528=LINE('',#16098,#7877);
#6529=LINE('',#16099,#7878);
#6530=LINE('',#16100,#7879);
#6531=LINE('',#16101,#7880);
#6532=LINE('',#16102,#7881);
#6533=LINE('',#16103,#7882);
#6534=LINE('',#16104,#7883);
#6535=LINE('',#16105,#7884);
#6536=LINE('',#16106,#7885);
#6537=LINE('',#16107,#7886);
#6538=LINE('',#16108,#7887);
#6539=LINE('',#16109,#7888);
#6540=LINE('',#16110,#7889);
#6541=LINE('',#16111,#7890);
#6542=LINE('',#16112,#7891);
#6543=LINE('',#16156,#7892);
#6544=LINE('',#16159,#7893);
#6545=LINE('',#16161,#7894);
#6546=LINE('',#16163,#7895);
#6547=LINE('',#16165,#7896);
#6548=LINE('',#16168,#7897);
#6549=LINE('',#16170,#7898);
#6550=LINE('',#16172,#7899);
#6551=LINE('',#16174,#7900);
#6552=LINE('',#16175,#7901);
#6553=LINE('',#16177,#7902);
#6554=LINE('',#16178,#7903);
#6555=LINE('',#16180,#7904);
#6556=LINE('',#16183,#7905);
#6557=LINE('',#16185,#7906);
#6558=LINE('',#16187,#7907);
#6559=LINE('',#16189,#7908);
#6560=LINE('',#16192,#7909);
#6561=LINE('',#16194,#7910);
#6562=LINE('',#16196,#7911);
#6563=LINE('',#16198,#7912);
#6564=LINE('',#16201,#7913);
#6565=LINE('',#16203,#7914);
#6566=LINE('',#16205,#7915);
#6567=LINE('',#16207,#7916);
#6568=LINE('',#16210,#7917);
#6569=LINE('',#16212,#7918);
#6570=LINE('',#16214,#7919);
#6571=LINE('',#16216,#7920);
#6572=LINE('',#16219,#7921);
#6573=LINE('',#16221,#7922);
#6574=LINE('',#16223,#7923);
#6575=LINE('',#16225,#7924);
#6576=LINE('',#16228,#7925);
#6577=LINE('',#16230,#7926);
#6578=LINE('',#16232,#7927);
#6579=LINE('',#16234,#7928);
#6580=LINE('',#16237,#7929);
#6581=LINE('',#16239,#7930);
#6582=LINE('',#16241,#7931);
#6583=LINE('',#16243,#7932);
#6584=LINE('',#16246,#7933);
#6585=LINE('',#16248,#7934);
#6586=LINE('',#16250,#7935);
#6587=LINE('',#16252,#7936);
#6588=LINE('',#16255,#7937);
#6589=LINE('',#16257,#7938);
#6590=LINE('',#16259,#7939);
#6591=LINE('',#16261,#7940);
#6592=LINE('',#16264,#7941);
#6593=LINE('',#16266,#7942);
#6594=LINE('',#16268,#7943);
#6595=LINE('',#16270,#7944);
#6596=LINE('',#16273,#7945);
#6597=LINE('',#16275,#7946);
#6598=LINE('',#16277,#7947);
#6599=LINE('',#16279,#7948);
#6600=LINE('',#16282,#7949);
#6601=LINE('',#16284,#7950);
#6602=LINE('',#16286,#7951);
#6603=LINE('',#16288,#7952);
#6604=LINE('',#16291,#7953);
#6605=LINE('',#16293,#7954);
#6606=LINE('',#16295,#7955);
#6607=LINE('',#16297,#7956);
#6608=LINE('',#16300,#7957);
#6609=LINE('',#16302,#7958);
#6610=LINE('',#16304,#7959);
#6611=LINE('',#16306,#7960);
#6612=LINE('',#16309,#7961);
#6613=LINE('',#16311,#7962);
#6614=LINE('',#16313,#7963);
#6615=LINE('',#16315,#7964);
#6616=LINE('',#16318,#7965);
#6617=LINE('',#16320,#7966);
#6618=LINE('',#16322,#7967);
#6619=LINE('',#16324,#7968);
#6620=LINE('',#16327,#7969);
#6621=LINE('',#16329,#7970);
#6622=LINE('',#16331,#7971);
#6623=LINE('',#16333,#7972);
#6624=LINE('',#16336,#7973);
#6625=LINE('',#16338,#7974);
#6626=LINE('',#16340,#7975);
#6627=LINE('',#16342,#7976);
#6628=LINE('',#16345,#7977);
#6629=LINE('',#16347,#7978);
#6630=LINE('',#16349,#7979);
#6631=LINE('',#16351,#7980);
#6632=LINE('',#16354,#7981);
#6633=LINE('',#16356,#7982);
#6634=LINE('',#16358,#7983);
#6635=LINE('',#16360,#7984);
#6636=LINE('',#16361,#7985);
#6637=LINE('',#16363,#7986);
#6638=LINE('',#16364,#7987);
#6639=LINE('',#16366,#7988);
#6640=LINE('',#16367,#7989);
#6641=LINE('',#16369,#7990);
#6642=LINE('',#16370,#7991);
#6643=LINE('',#16372,#7992);
#6644=LINE('',#16373,#7993);
#6645=LINE('',#16375,#7994);
#6646=LINE('',#16376,#7995);
#6647=LINE('',#16378,#7996);
#6648=LINE('',#16379,#7997);
#6649=LINE('',#16381,#7998);
#6650=LINE('',#16382,#7999);
#6651=LINE('',#16384,#8000);
#6652=LINE('',#16385,#8001);
#6653=LINE('',#16387,#8002);
#6654=LINE('',#16388,#8003);
#6655=LINE('',#16390,#8004);
#6656=LINE('',#16393,#8005);
#6657=LINE('',#16395,#8006);
#6658=LINE('',#16397,#8007);
#6659=LINE('',#16399,#8008);
#6660=LINE('',#16402,#8009);
#6661=LINE('',#16404,#8010);
#6662=LINE('',#16406,#8011);
#6663=LINE('',#16408,#8012);
#6664=LINE('',#16411,#8013);
#6665=LINE('',#16413,#8014);
#6666=LINE('',#16415,#8015);
#6667=LINE('',#16417,#8016);
#6668=LINE('',#16420,#8017);
#6669=LINE('',#16422,#8018);
#6670=LINE('',#16424,#8019);
#6671=LINE('',#16426,#8020);
#6672=LINE('',#16429,#8021);
#6673=LINE('',#16431,#8022);
#6674=LINE('',#16433,#8023);
#6675=LINE('',#16435,#8024);
#6676=LINE('',#16438,#8025);
#6677=LINE('',#16440,#8026);
#6678=LINE('',#16442,#8027);
#6679=LINE('',#16444,#8028);
#6680=LINE('',#16447,#8029);
#6681=LINE('',#16449,#8030);
#6682=LINE('',#16451,#8031);
#6683=LINE('',#16453,#8032);
#6684=LINE('',#16456,#8033);
#6685=LINE('',#16458,#8034);
#6686=LINE('',#16460,#8035);
#6687=LINE('',#16462,#8036);
#6688=LINE('',#16465,#8037);
#6689=LINE('',#16467,#8038);
#6690=LINE('',#16469,#8039);
#6691=LINE('',#16471,#8040);
#6692=LINE('',#16474,#8041);
#6693=LINE('',#16476,#8042);
#6694=LINE('',#16478,#8043);
#6695=LINE('',#16480,#8044);
#6696=LINE('',#16483,#8045);
#6697=LINE('',#16485,#8046);
#6698=LINE('',#16487,#8047);
#6699=LINE('',#16489,#8048);
#6700=LINE('',#16492,#8049);
#6701=LINE('',#16494,#8050);
#6702=LINE('',#16496,#8051);
#6703=LINE('',#16498,#8052);
#6704=LINE('',#16501,#8053);
#6705=LINE('',#16503,#8054);
#6706=LINE('',#16505,#8055);
#6707=LINE('',#16507,#8056);
#6708=LINE('',#16510,#8057);
#6709=LINE('',#16512,#8058);
#6710=LINE('',#16514,#8059);
#6711=LINE('',#16516,#8060);
#6712=LINE('',#16519,#8061);
#6713=LINE('',#16521,#8062);
#6714=LINE('',#16523,#8063);
#6715=LINE('',#16525,#8064);
#6716=LINE('',#16528,#8065);
#6717=LINE('',#16530,#8066);
#6718=LINE('',#16532,#8067);
#6719=LINE('',#16534,#8068);
#6720=LINE('',#16537,#8069);
#6721=LINE('',#16539,#8070);
#6722=LINE('',#16541,#8071);
#6723=LINE('',#16543,#8072);
#6724=LINE('',#16546,#8073);
#6725=LINE('',#16548,#8074);
#6726=LINE('',#16550,#8075);
#6727=LINE('',#16552,#8076);
#6728=LINE('',#16555,#8077);
#6729=LINE('',#16557,#8078);
#6730=LINE('',#16559,#8079);
#6731=LINE('',#16561,#8080);
#6732=LINE('',#16564,#8081);
#6733=LINE('',#16566,#8082);
#6734=LINE('',#16568,#8083);
#6735=LINE('',#16570,#8084);
#6736=LINE('',#16571,#8085);
#6737=LINE('',#16573,#8086);
#6738=LINE('',#16574,#8087);
#6739=LINE('',#16576,#8088);
#6740=LINE('',#16577,#8089);
#6741=LINE('',#16579,#8090);
#6742=LINE('',#16580,#8091);
#6743=LINE('',#16582,#8092);
#6744=LINE('',#16583,#8093);
#6745=LINE('',#16585,#8094);
#6746=LINE('',#16586,#8095);
#6747=LINE('',#16588,#8096);
#6748=LINE('',#16589,#8097);
#6749=LINE('',#16591,#8098);
#6750=LINE('',#16592,#8099);
#6751=LINE('',#16594,#8100);
#6752=LINE('',#16595,#8101);
#6753=LINE('',#16597,#8102);
#6754=LINE('',#16598,#8103);
#6755=LINE('',#16600,#8104);
#6756=LINE('',#16602,#8105);
#6757=LINE('',#16604,#8106);
#6758=LINE('',#16605,#8107);
#6759=LINE('',#16606,#8108);
#6760=LINE('',#16607,#8109);
#6761=LINE('',#16608,#8110);
#6762=LINE('',#16609,#8111);
#6763=LINE('',#16610,#8112);
#6764=LINE('',#16611,#8113);
#6765=LINE('',#16612,#8114);
#6766=LINE('',#16613,#8115);
#6767=LINE('',#16614,#8116);
#6768=LINE('',#16615,#8117);
#6769=LINE('',#16616,#8118);
#6770=LINE('',#16617,#8119);
#6771=LINE('',#16618,#8120);
#6772=LINE('',#16619,#8121);
#6773=LINE('',#16620,#8122);
#6774=LINE('',#16621,#8123);
#6775=LINE('',#16622,#8124);
#6776=LINE('',#16623,#8125);
#6777=LINE('',#16624,#8126);
#6778=LINE('',#16625,#8127);
#6779=LINE('',#16626,#8128);
#6780=LINE('',#16627,#8129);
#6781=LINE('',#16628,#8130);
#6782=LINE('',#16629,#8131);
#6783=LINE('',#16630,#8132);
#6784=LINE('',#16631,#8133);
#6785=LINE('',#16632,#8134);
#6786=LINE('',#16633,#8135);
#6787=LINE('',#16634,#8136);
#6788=LINE('',#16635,#8137);
#6789=LINE('',#16636,#8138);
#6790=LINE('',#16637,#8139);
#6791=LINE('',#16638,#8140);
#6792=LINE('',#16639,#8141);
#6793=LINE('',#16640,#8142);
#6794=LINE('',#16641,#8143);
#6795=VECTOR('',#11101,39.3700787401575);
#6796=VECTOR('',#11102,39.3700787401575);
#6797=VECTOR('',#11103,39.3700787401575);
#6798=VECTOR('',#11104,39.3700787401575);
#6799=VECTOR('',#11105,39.3700787401575);
#6800=VECTOR('',#11106,39.3700787401575);
#6801=VECTOR('',#11107,39.3700787401575);
#6802=VECTOR('',#11108,39.3700787401575);
#6803=VECTOR('',#11111,39.3700787401575);
#6804=VECTOR('',#11112,39.3700787401575);
#6805=VECTOR('',#11113,39.3700787401575);
#6806=VECTOR('',#11114,39.3700787401575);
#6807=VECTOR('',#11115,39.3700787401575);
#6808=VECTOR('',#11116,39.3700787401575);
#6809=VECTOR('',#11117,39.3700787401575);
#6810=VECTOR('',#11118,39.3700787401575);
#6811=VECTOR('',#11121,39.3700787401575);
#6812=VECTOR('',#11122,39.3700787401575);
#6813=VECTOR('',#11125,39.3700787401575);
#6814=VECTOR('',#11126,39.3700787401575);
#6815=VECTOR('',#11127,39.3700787401575);
#6816=VECTOR('',#11128,39.3700787401575);
#6817=VECTOR('',#11129,39.3700787401575);
#6818=VECTOR('',#11130,39.3700787401575);
#6819=VECTOR('',#11131,39.3700787401575);
#6820=VECTOR('',#11132,39.3700787401575);
#6821=VECTOR('',#11135,39.3700787401575);
#6822=VECTOR('',#11136,39.3700787401575);
#6823=VECTOR('',#11137,39.3700787401575);
#6824=VECTOR('',#11138,39.3700787401575);
#6825=VECTOR('',#11139,39.3700787401575);
#6826=VECTOR('',#11140,39.3700787401575);
#6827=VECTOR('',#11141,39.3700787401575);
#6828=VECTOR('',#11142,39.3700787401575);
#6829=VECTOR('',#11145,39.3700787401575);
#6830=VECTOR('',#11146,39.3700787401575);
#6831=VECTOR('',#11151,39.3700787401575);
#6832=VECTOR('',#11154,39.3700787401575);
#6833=VECTOR('',#11157,39.3700787401575);
#6834=VECTOR('',#11160,39.3700787401575);
#6835=VECTOR('',#11161,39.3700787401575);
#6836=VECTOR('',#11162,39.3700787401575);
#6837=VECTOR('',#11163,39.3700787401575);
#6838=VECTOR('',#11164,39.3700787401575);
#6839=VECTOR('',#11167,39.3700787401575);
#6840=VECTOR('',#11168,39.3700787401575);
#6841=VECTOR('',#11169,39.3700787401575);
#6842=VECTOR('',#11170,39.3700787401575);
#6843=VECTOR('',#11173,39.3700787401575);
#6844=VECTOR('',#11174,39.3700787401575);
#6845=VECTOR('',#11175,39.3700787401575);
#6846=VECTOR('',#11176,39.3700787401575);
#6847=VECTOR('',#11177,39.3700787401575);
#6848=VECTOR('',#11180,39.3700787401575);
#6849=VECTOR('',#11181,39.3700787401575);
#6850=VECTOR('',#11182,39.3700787401575);
#6851=VECTOR('',#11183,39.3700787401575);
#6852=VECTOR('',#11184,39.3700787401575);
#6853=VECTOR('',#11187,39.3700787401575);
#6854=VECTOR('',#11188,39.3700787401575);
#6855=VECTOR('',#11189,39.3700787401575);
#6856=VECTOR('',#11192,39.3700787401575);
#6857=VECTOR('',#11193,39.3700787401575);
#6858=VECTOR('',#11194,39.3700787401575);
#6859=VECTOR('',#11195,39.3700787401575);
#6860=VECTOR('',#11200,39.3700787401575);
#6861=VECTOR('',#11201,39.3700787401575);
#6862=VECTOR('',#11204,39.3700787401575);
#6863=VECTOR('',#11205,39.3700787401575);
#6864=VECTOR('',#11206,39.3700787401575);
#6865=VECTOR('',#11209,39.3700787401575);
#6866=VECTOR('',#11210,39.3700787401575);
#6867=VECTOR('',#11213,39.3700787401575);
#6868=VECTOR('',#11214,39.3700787401575);
#6869=VECTOR('',#11217,39.3700787401575);
#6870=VECTOR('',#11218,39.3700787401575);
#6871=VECTOR('',#11219,39.3700787401575);
#6872=VECTOR('',#11220,39.3700787401575);
#6873=VECTOR('',#11221,39.3700787401575);
#6874=VECTOR('',#11222,39.3700787401575);
#6875=VECTOR('',#11225,39.3700787401575);
#6876=VECTOR('',#11226,39.3700787401575);
#6877=VECTOR('',#11227,39.3700787401575);
#6878=VECTOR('',#11228,39.3700787401575);
#6879=VECTOR('',#11229,39.3700787401575);
#6880=VECTOR('',#11230,39.3700787401575);
#6881=VECTOR('',#11233,39.3700787401575);
#6882=VECTOR('',#11234,39.3700787401575);
#6883=VECTOR('',#11235,39.3700787401575);
#6884=VECTOR('',#11236,39.3700787401575);
#6885=VECTOR('',#11237,39.3700787401575);
#6886=VECTOR('',#11238,39.3700787401575);
#6887=VECTOR('',#11241,39.3700787401575);
#6888=VECTOR('',#11242,39.3700787401575);
#6889=VECTOR('',#11243,39.3700787401575);
#6890=VECTOR('',#11244,39.3700787401575);
#6891=VECTOR('',#11245,39.3700787401575);
#6892=VECTOR('',#11246,39.3700787401575);
#6893=VECTOR('',#11249,39.3700787401575);
#6894=VECTOR('',#11250,39.3700787401575);
#6895=VECTOR('',#11253,39.3700787401575);
#6896=VECTOR('',#11254,39.3700787401575);
#6897=VECTOR('',#11257,39.3700787401575);
#6898=VECTOR('',#11258,39.3700787401575);
#6899=VECTOR('',#11259,39.3700787401575);
#6900=VECTOR('',#11260,39.3700787401575);
#6901=VECTOR('',#11261,39.3700787401575);
#6902=VECTOR('',#11262,39.3700787401575);
#6903=VECTOR('',#11265,39.3700787401575);
#6904=VECTOR('',#11266,39.3700787401575);
#6905=VECTOR('',#11267,39.3700787401575);
#6906=VECTOR('',#11268,39.3700787401575);
#6907=VECTOR('',#11269,39.3700787401575);
#6908=VECTOR('',#11270,39.3700787401575);
#6909=VECTOR('',#11273,39.3700787401575);
#6910=VECTOR('',#11274,39.3700787401575);
#6911=VECTOR('',#11275,39.3700787401575);
#6912=VECTOR('',#11276,39.3700787401575);
#6913=VECTOR('',#11277,39.3700787401575);
#6914=VECTOR('',#11278,39.3700787401575);
#6915=VECTOR('',#11281,39.3700787401575);
#6916=VECTOR('',#11282,39.3700787401575);
#6917=VECTOR('',#11283,39.3700787401575);
#6918=VECTOR('',#11284,39.3700787401575);
#6919=VECTOR('',#11285,39.3700787401575);
#6920=VECTOR('',#11286,39.3700787401575);
#6921=VECTOR('',#11289,39.3700787401575);
#6922=VECTOR('',#11290,39.3700787401575);
#6923=VECTOR('',#11293,39.3700787401575);
#6924=VECTOR('',#11294,39.3700787401575);
#6925=VECTOR('',#11297,39.3700787401575);
#6926=VECTOR('',#11298,39.3700787401575);
#6927=VECTOR('',#11299,39.3700787401575);
#6928=VECTOR('',#11300,39.3700787401575);
#6929=VECTOR('',#11301,39.3700787401575);
#6930=VECTOR('',#11302,39.3700787401575);
#6931=VECTOR('',#11305,39.3700787401575);
#6932=VECTOR('',#11306,39.3700787401575);
#6933=VECTOR('',#11307,39.3700787401575);
#6934=VECTOR('',#11308,39.3700787401575);
#6935=VECTOR('',#11309,39.3700787401575);
#6936=VECTOR('',#11310,39.3700787401575);
#6937=VECTOR('',#11313,39.3700787401575);
#6938=VECTOR('',#11314,39.3700787401575);
#6939=VECTOR('',#11315,39.3700787401575);
#6940=VECTOR('',#11316,39.3700787401575);
#6941=VECTOR('',#11317,39.3700787401575);
#6942=VECTOR('',#11318,39.3700787401575);
#6943=VECTOR('',#11321,39.3700787401575);
#6944=VECTOR('',#11322,39.3700787401575);
#6945=VECTOR('',#11323,39.3700787401575);
#6946=VECTOR('',#11324,39.3700787401575);
#6947=VECTOR('',#11325,39.3700787401575);
#6948=VECTOR('',#11326,39.3700787401575);
#6949=VECTOR('',#11329,39.3700787401575);
#6950=VECTOR('',#11330,39.3700787401575);
#6951=VECTOR('',#11333,39.3700787401575);
#6952=VECTOR('',#11334,39.3700787401575);
#6953=VECTOR('',#11337,39.3700787401575);
#6954=VECTOR('',#11338,39.3700787401575);
#6955=VECTOR('',#11339,39.3700787401575);
#6956=VECTOR('',#11340,39.3700787401575);
#6957=VECTOR('',#11341,39.3700787401575);
#6958=VECTOR('',#11342,39.3700787401575);
#6959=VECTOR('',#11345,39.3700787401575);
#6960=VECTOR('',#11346,39.3700787401575);
#6961=VECTOR('',#11347,39.3700787401575);
#6962=VECTOR('',#11348,39.3700787401575);
#6963=VECTOR('',#11349,39.3700787401575);
#6964=VECTOR('',#11350,39.3700787401575);
#6965=VECTOR('',#11353,39.3700787401575);
#6966=VECTOR('',#11354,39.3700787401575);
#6967=VECTOR('',#11355,39.3700787401575);
#6968=VECTOR('',#11356,39.3700787401575);
#6969=VECTOR('',#11357,39.3700787401575);
#6970=VECTOR('',#11358,39.3700787401575);
#6971=VECTOR('',#11361,39.3700787401575);
#6972=VECTOR('',#11362,39.3700787401575);
#6973=VECTOR('',#11363,39.3700787401575);
#6974=VECTOR('',#11364,39.3700787401575);
#6975=VECTOR('',#11365,39.3700787401575);
#6976=VECTOR('',#11366,39.3700787401575);
#6977=VECTOR('',#11369,39.3700787401575);
#6978=VECTOR('',#11370,39.3700787401575);
#6979=VECTOR('',#11373,39.3700787401575);
#6980=VECTOR('',#11374,39.3700787401575);
#6981=VECTOR('',#11377,39.3700787401575);
#6982=VECTOR('',#11378,39.3700787401575);
#6983=VECTOR('',#11379,39.3700787401575);
#6984=VECTOR('',#11380,39.3700787401575);
#6985=VECTOR('',#11381,39.3700787401575);
#6986=VECTOR('',#11382,39.3700787401575);
#6987=VECTOR('',#11385,39.3700787401575);
#6988=VECTOR('',#11386,39.3700787401575);
#6989=VECTOR('',#11387,39.3700787401575);
#6990=VECTOR('',#11388,39.3700787401575);
#6991=VECTOR('',#11389,39.3700787401575);
#6992=VECTOR('',#11390,39.3700787401575);
#6993=VECTOR('',#11393,39.3700787401575);
#6994=VECTOR('',#11394,39.3700787401575);
#6995=VECTOR('',#11397,39.3700787401575);
#6996=VECTOR('',#11398,39.3700787401575);
#6997=VECTOR('',#11399,39.3700787401575);
#6998=VECTOR('',#11400,39.3700787401575);
#6999=VECTOR('',#11401,39.3700787401575);
#7000=VECTOR('',#11402,39.3700787401575);
#7001=VECTOR('',#11405,39.3700787401575);
#7002=VECTOR('',#11406,39.3700787401575);
#7003=VECTOR('',#11407,39.3700787401575);
#7004=VECTOR('',#11408,39.3700787401575);
#7005=VECTOR('',#11409,39.3700787401575);
#7006=VECTOR('',#11410,39.3700787401575);
#7007=VECTOR('',#11413,39.3700787401575);
#7008=VECTOR('',#11414,39.3700787401575);
#7009=VECTOR('',#11417,39.3700787401575);
#7010=VECTOR('',#11418,39.3700787401575);
#7011=VECTOR('',#11419,39.3700787401575);
#7012=VECTOR('',#11420,39.3700787401575);
#7013=VECTOR('',#11421,39.3700787401575);
#7014=VECTOR('',#11422,39.3700787401575);
#7015=VECTOR('',#11425,39.3700787401575);
#7016=VECTOR('',#11426,39.3700787401575);
#7017=VECTOR('',#11427,39.3700787401575);
#7018=VECTOR('',#11428,39.3700787401575);
#7019=VECTOR('',#11429,39.3700787401575);
#7020=VECTOR('',#11430,39.3700787401575);
#7021=VECTOR('',#11433,39.3700787401575);
#7022=VECTOR('',#11434,39.3700787401575);
#7023=VECTOR('',#11435,39.3700787401575);
#7024=VECTOR('',#11436,39.3700787401575);
#7025=VECTOR('',#11437,39.3700787401575);
#7026=VECTOR('',#11438,39.3700787401575);
#7027=VECTOR('',#11441,39.3700787401575);
#7028=VECTOR('',#11442,39.3700787401575);
#7029=VECTOR('',#11443,39.3700787401575);
#7030=VECTOR('',#11444,39.3700787401575);
#7031=VECTOR('',#11445,39.3700787401575);
#7032=VECTOR('',#11446,39.3700787401575);
#7033=VECTOR('',#11449,39.3700787401575);
#7034=VECTOR('',#11450,39.3700787401575);
#7035=VECTOR('',#11453,39.3700787401575);
#7036=VECTOR('',#11454,39.3700787401575);
#7037=VECTOR('',#11457,39.3700787401575);
#7038=VECTOR('',#11458,39.3700787401575);
#7039=VECTOR('',#11459,39.3700787401575);
#7040=VECTOR('',#11460,39.3700787401575);
#7041=VECTOR('',#11461,39.3700787401575);
#7042=VECTOR('',#11462,39.3700787401575);
#7043=VECTOR('',#11465,39.3700787401575);
#7044=VECTOR('',#11466,39.3700787401575);
#7045=VECTOR('',#11467,39.3700787401575);
#7046=VECTOR('',#11468,39.3700787401575);
#7047=VECTOR('',#11469,39.3700787401575);
#7048=VECTOR('',#11470,39.3700787401575);
#7049=VECTOR('',#11473,39.3700787401575);
#7050=VECTOR('',#11474,39.3700787401575);
#7051=VECTOR('',#11475,39.3700787401575);
#7052=VECTOR('',#11476,39.3700787401575);
#7053=VECTOR('',#11477,39.3700787401575);
#7054=VECTOR('',#11478,39.3700787401575);
#7055=VECTOR('',#11481,39.3700787401575);
#7056=VECTOR('',#11482,39.3700787401575);
#7057=VECTOR('',#11483,39.3700787401575);
#7058=VECTOR('',#11484,39.3700787401575);
#7059=VECTOR('',#11485,39.3700787401575);
#7060=VECTOR('',#11486,39.3700787401575);
#7061=VECTOR('',#11489,39.3700787401575);
#7062=VECTOR('',#11490,39.3700787401575);
#7063=VECTOR('',#11493,39.3700787401575);
#7064=VECTOR('',#11494,39.3700787401575);
#7065=VECTOR('',#11497,39.3700787401575);
#7066=VECTOR('',#11498,39.3700787401575);
#7067=VECTOR('',#11499,39.3700787401575);
#7068=VECTOR('',#11500,39.3700787401575);
#7069=VECTOR('',#11503,39.3700787401575);
#7070=VECTOR('',#11504,39.3700787401575);
#7071=VECTOR('',#11505,39.3700787401575);
#7072=VECTOR('',#11506,39.3700787401575);
#7073=VECTOR('',#11509,39.3700787401575);
#7074=VECTOR('',#11510,39.3700787401575);
#7075=VECTOR('',#11511,39.3700787401575);
#7076=VECTOR('',#11512,39.3700787401575);
#7077=VECTOR('',#11515,39.3700787401575);
#7078=VECTOR('',#11516,39.3700787401575);
#7079=VECTOR('',#11517,39.3700787401575);
#7080=VECTOR('',#11518,39.3700787401575);
#7081=VECTOR('',#11521,39.3700787401575);
#7082=VECTOR('',#11522,39.3700787401575);
#7083=VECTOR('',#11525,39.3700787401575);
#7084=VECTOR('',#11526,39.3700787401575);
#7085=VECTOR('',#11529,39.3700787401575);
#7086=VECTOR('',#11530,39.3700787401575);
#7087=VECTOR('',#11533,39.3700787401575);
#7088=VECTOR('',#11534,39.3700787401575);
#7089=VECTOR('',#11537,39.3700787401575);
#7090=VECTOR('',#11538,39.3700787401575);
#7091=VECTOR('',#11541,39.3700787401575);
#7092=VECTOR('',#11542,39.3700787401575);
#7093=VECTOR('',#11543,39.3700787401575);
#7094=VECTOR('',#11546,39.3700787401575);
#7095=VECTOR('',#11547,39.3700787401575);
#7096=VECTOR('',#11550,39.3700787401575);
#7097=VECTOR('',#11551,39.3700787401575);
#7098=VECTOR('',#11554,39.3700787401575);
#7099=VECTOR('',#11555,39.3700787401575);
#7100=VECTOR('',#11558,39.3700787401575);
#7101=VECTOR('',#11559,39.3700787401575);
#7102=VECTOR('',#11560,39.3700787401575);
#7103=VECTOR('',#11563,39.3700787401575);
#7104=VECTOR('',#11564,39.3700787401575);
#7105=VECTOR('',#11565,39.3700787401575);
#7106=VECTOR('',#11568,39.3700787401575);
#7107=VECTOR('',#11569,39.3700787401575);
#7108=VECTOR('',#11572,39.3700787401575);
#7109=VECTOR('',#11573,39.3700787401575);
#7110=VECTOR('',#11576,39.3700787401575);
#7111=VECTOR('',#11577,39.3700787401575);
#7112=VECTOR('',#11580,39.3700787401575);
#7113=VECTOR('',#11581,39.3700787401575);
#7114=VECTOR('',#11582,39.3700787401575);
#7115=VECTOR('',#11585,39.3700787401575);
#7116=VECTOR('',#11586,39.3700787401575);
#7117=VECTOR('',#11587,39.3700787401575);
#7118=VECTOR('',#11590,39.3700787401575);
#7119=VECTOR('',#11591,39.3700787401575);
#7120=VECTOR('',#11594,39.3700787401575);
#7121=VECTOR('',#11595,39.3700787401575);
#7122=VECTOR('',#11598,39.3700787401575);
#7123=VECTOR('',#11599,39.3700787401575);
#7124=VECTOR('',#11602,39.3700787401575);
#7125=VECTOR('',#11603,39.3700787401575);
#7126=VECTOR('',#11604,39.3700787401575);
#7127=VECTOR('',#11607,39.3700787401575);
#7128=VECTOR('',#11608,39.3700787401575);
#7129=VECTOR('',#11609,39.3700787401575);
#7130=VECTOR('',#11610,39.3700787401575);
#7131=VECTOR('',#11611,39.3700787401575);
#7132=VECTOR('',#11612,39.3700787401575);
#7133=VECTOR('',#11613,39.3700787401575);
#7134=VECTOR('',#11614,39.3700787401575);
#7135=VECTOR('',#11615,39.3700787401575);
#7136=VECTOR('',#11616,39.3700787401575);
#7137=VECTOR('',#11617,39.3700787401575);
#7138=VECTOR('',#11618,39.3700787401575);
#7139=VECTOR('',#11619,39.3700787401575);
#7140=VECTOR('',#11620,39.3700787401575);
#7141=VECTOR('',#11621,39.3700787401575);
#7142=VECTOR('',#11622,39.3700787401575);
#7143=VECTOR('',#11623,39.3700787401575);
#7144=VECTOR('',#11624,39.3700787401575);
#7145=VECTOR('',#11625,39.3700787401575);
#7146=VECTOR('',#11626,39.3700787401575);
#7147=VECTOR('',#11627,39.3700787401575);
#7148=VECTOR('',#11628,39.3700787401575);
#7149=VECTOR('',#11629,39.3700787401575);
#7150=VECTOR('',#11630,39.3700787401575);
#7151=VECTOR('',#11631,39.3700787401575);
#7152=VECTOR('',#11632,39.3700787401575);
#7153=VECTOR('',#11633,39.3700787401575);
#7154=VECTOR('',#11634,39.3700787401575);
#7155=VECTOR('',#11635,39.3700787401575);
#7156=VECTOR('',#11636,39.3700787401575);
#7157=VECTOR('',#11637,39.3700787401575);
#7158=VECTOR('',#11638,39.3700787401575);
#7159=VECTOR('',#11639,39.3700787401575);
#7160=VECTOR('',#11640,39.3700787401575);
#7161=VECTOR('',#11641,39.3700787401575);
#7162=VECTOR('',#11642,39.3700787401575);
#7163=VECTOR('',#11645,39.3700787401575);
#7164=VECTOR('',#11646,39.3700787401575);
#7165=VECTOR('',#11649,39.3700787401575);
#7166=VECTOR('',#11650,39.3700787401575);
#7167=VECTOR('',#11653,39.3700787401575);
#7168=VECTOR('',#11654,39.3700787401575);
#7169=VECTOR('',#11655,39.3700787401575);
#7170=VECTOR('',#11656,39.3700787401575);
#7171=VECTOR('',#11657,39.3700787401575);
#7172=VECTOR('',#11658,39.3700787401575);
#7173=VECTOR('',#11659,39.3700787401575);
#7174=VECTOR('',#11660,39.3700787401575);
#7175=VECTOR('',#11661,39.3700787401575);
#7176=VECTOR('',#11662,39.3700787401575);
#7177=VECTOR('',#11663,39.3700787401575);
#7178=VECTOR('',#11664,39.3700787401575);
#7179=VECTOR('',#11665,39.3700787401575);
#7180=VECTOR('',#11666,39.3700787401575);
#7181=VECTOR('',#11667,39.3700787401575);
#7182=VECTOR('',#11668,39.3700787401575);
#7183=VECTOR('',#11669,39.3700787401575);
#7184=VECTOR('',#11670,39.3700787401575);
#7185=VECTOR('',#11671,39.3700787401575);
#7186=VECTOR('',#11672,39.3700787401575);
#7187=VECTOR('',#11673,39.3700787401575);
#7188=VECTOR('',#11674,39.3700787401575);
#7189=VECTOR('',#11675,39.3700787401575);
#7190=VECTOR('',#11676,39.3700787401575);
#7191=VECTOR('',#11677,39.3700787401575);
#7192=VECTOR('',#11678,39.3700787401575);
#7193=VECTOR('',#11679,39.3700787401575);
#7194=VECTOR('',#11680,39.3700787401575);
#7195=VECTOR('',#11681,39.3700787401575);
#7196=VECTOR('',#11682,39.3700787401575);
#7197=VECTOR('',#11683,39.3700787401575);
#7198=VECTOR('',#11684,39.3700787401575);
#7199=VECTOR('',#11685,39.3700787401575);
#7200=VECTOR('',#11686,39.3700787401575);
#7201=VECTOR('',#11687,39.3700787401575);
#7202=VECTOR('',#11688,39.3700787401575);
#7203=VECTOR('',#11689,39.3700787401575);
#7204=VECTOR('',#11690,39.3700787401575);
#7205=VECTOR('',#11691,39.3700787401575);
#7206=VECTOR('',#11692,39.3700787401575);
#7207=VECTOR('',#11693,39.3700787401575);
#7208=VECTOR('',#11694,39.3700787401575);
#7209=VECTOR('',#11695,39.3700787401575);
#7210=VECTOR('',#11696,39.3700787401575);
#7211=VECTOR('',#11697,39.3700787401575);
#7212=VECTOR('',#11698,39.3700787401575);
#7213=VECTOR('',#11699,39.3700787401575);
#7214=VECTOR('',#11700,39.3700787401575);
#7215=VECTOR('',#11701,39.3700787401575);
#7216=VECTOR('',#11702,39.3700787401575);
#7217=VECTOR('',#11703,39.3700787401575);
#7218=VECTOR('',#11704,39.3700787401575);
#7219=VECTOR('',#11705,39.3700787401575);
#7220=VECTOR('',#11706,39.3700787401575);
#7221=VECTOR('',#11707,39.3700787401575);
#7222=VECTOR('',#11708,39.3700787401575);
#7223=VECTOR('',#11709,39.3700787401575);
#7224=VECTOR('',#11710,39.3700787401575);
#7225=VECTOR('',#11711,39.3700787401575);
#7226=VECTOR('',#11712,39.3700787401575);
#7227=VECTOR('',#11713,39.3700787401575);
#7228=VECTOR('',#11714,39.3700787401575);
#7229=VECTOR('',#11715,39.3700787401575);
#7230=VECTOR('',#11716,39.3700787401575);
#7231=VECTOR('',#11717,39.3700787401575);
#7232=VECTOR('',#11718,39.3700787401575);
#7233=VECTOR('',#11719,39.3700787401575);
#7234=VECTOR('',#11720,39.3700787401575);
#7235=VECTOR('',#11721,39.3700787401575);
#7236=VECTOR('',#11722,39.3700787401575);
#7237=VECTOR('',#11723,39.3700787401575);
#7238=VECTOR('',#11724,39.3700787401575);
#7239=VECTOR('',#11725,39.3700787401575);
#7240=VECTOR('',#11726,39.3700787401575);
#7241=VECTOR('',#11727,39.3700787401575);
#7242=VECTOR('',#11728,39.3700787401575);
#7243=VECTOR('',#11729,39.3700787401575);
#7244=VECTOR('',#11730,39.3700787401575);
#7245=VECTOR('',#11731,39.3700787401575);
#7246=VECTOR('',#11732,39.3700787401575);
#7247=VECTOR('',#11733,39.3700787401575);
#7248=VECTOR('',#11734,39.3700787401575);
#7249=VECTOR('',#11735,39.3700787401575);
#7250=VECTOR('',#11736,39.3700787401575);
#7251=VECTOR('',#11737,39.3700787401575);
#7252=VECTOR('',#11738,39.3700787401575);
#7253=VECTOR('',#11739,39.3700787401575);
#7254=VECTOR('',#11740,39.3700787401575);
#7255=VECTOR('',#11741,39.3700787401575);
#7256=VECTOR('',#11742,39.3700787401575);
#7257=VECTOR('',#11743,39.3700787401575);
#7258=VECTOR('',#11744,39.3700787401575);
#7259=VECTOR('',#11745,39.3700787401575);
#7260=VECTOR('',#11746,39.3700787401575);
#7261=VECTOR('',#11747,39.3700787401575);
#7262=VECTOR('',#11748,39.3700787401575);
#7263=VECTOR('',#11749,39.3700787401575);
#7264=VECTOR('',#11750,39.3700787401575);
#7265=VECTOR('',#11751,39.3700787401575);
#7266=VECTOR('',#11752,39.3700787401575);
#7267=VECTOR('',#11753,39.3700787401575);
#7268=VECTOR('',#11754,39.3700787401575);
#7269=VECTOR('',#11755,39.3700787401575);
#7270=VECTOR('',#11756,39.3700787401575);
#7271=VECTOR('',#11757,39.3700787401575);
#7272=VECTOR('',#11758,39.3700787401575);
#7273=VECTOR('',#11759,39.3700787401575);
#7274=VECTOR('',#11760,39.3700787401575);
#7275=VECTOR('',#11761,39.3700787401575);
#7276=VECTOR('',#11762,39.3700787401575);
#7277=VECTOR('',#11763,39.3700787401575);
#7278=VECTOR('',#11764,39.3700787401575);
#7279=VECTOR('',#11765,39.3700787401575);
#7280=VECTOR('',#11768,39.3700787401575);
#7281=VECTOR('',#11771,39.3700787401575);
#7282=VECTOR('',#11774,39.3700787401575);
#7283=VECTOR('',#11781,39.3700787401575);
#7284=VECTOR('',#11782,39.3700787401575);
#7285=VECTOR('',#11783,39.3700787401575);
#7286=VECTOR('',#11786,39.3700787401575);
#7287=VECTOR('',#11791,39.3700787401575);
#7288=VECTOR('',#11792,39.3700787401575);
#7289=VECTOR('',#11793,39.3700787401575);
#7290=VECTOR('',#11796,39.3700787401575);
#7291=VECTOR('',#11797,39.3700787401575);
#7292=VECTOR('',#11798,39.3700787401575);
#7293=VECTOR('',#11801,39.3700787401575);
#7294=VECTOR('',#11808,39.3700787401575);
#7295=VECTOR('',#11811,39.3700787401575);
#7296=VECTOR('',#11818,39.3700787401575);
#7297=VECTOR('',#11821,39.3700787401575);
#7298=VECTOR('',#11832,39.3700787401575);
#7299=VECTOR('',#11833,39.3700787401575);
#7300=VECTOR('',#11836,39.3700787401575);
#7301=VECTOR('',#11839,39.3700787401575);
#7302=VECTOR('',#11842,39.3700787401575);
#7303=VECTOR('',#11845,39.3700787401575);
#7304=VECTOR('',#11848,39.3700787401575);
#7305=VECTOR('',#11851,39.3700787401575);
#7306=VECTOR('',#11920,39.3700787401575);
#7307=VECTOR('',#11925,39.3700787401575);
#7308=VECTOR('',#11934,39.3700787401575);
#7309=VECTOR('',#11935,39.3700787401575);
#7310=VECTOR('',#11936,39.3700787401575);
#7311=VECTOR('',#11939,39.3700787401575);
#7312=VECTOR('',#11940,39.3700787401575);
#7313=VECTOR('',#11943,39.3700787401575);
#7314=VECTOR('',#11944,39.3700787401575);
#7315=VECTOR('',#11947,39.3700787401575);
#7316=VECTOR('',#11948,39.3700787401575);
#7317=VECTOR('',#11951,39.3700787401575);
#7318=VECTOR('',#11956,39.3700787401575);
#7319=VECTOR('',#11957,39.3700787401575);
#7320=VECTOR('',#11958,39.3700787401575);
#7321=VECTOR('',#11961,39.3700787401575);
#7322=VECTOR('',#11962,39.3700787401575);
#7323=VECTOR('',#11965,39.3700787401575);
#7324=VECTOR('',#11966,39.3700787401575);
#7325=VECTOR('',#11969,39.3700787401575);
#7326=VECTOR('',#11970,39.3700787401575);
#7327=VECTOR('',#11973,39.3700787401575);
#7328=VECTOR('',#11978,39.3700787401575);
#7329=VECTOR('',#11979,39.3700787401575);
#7330=VECTOR('',#11980,39.3700787401575);
#7331=VECTOR('',#11983,39.3700787401575);
#7332=VECTOR('',#11984,39.3700787401575);
#7333=VECTOR('',#11987,39.3700787401575);
#7334=VECTOR('',#11988,39.3700787401575);
#7335=VECTOR('',#11991,39.3700787401575);
#7336=VECTOR('',#11992,39.3700787401575);
#7337=VECTOR('',#11995,39.3700787401575);
#7338=VECTOR('',#11996,39.3700787401575);
#7339=VECTOR('',#11999,39.3700787401575);
#7340=VECTOR('',#12004,39.3700787401575);
#7341=VECTOR('',#12005,39.3700787401575);
#7342=VECTOR('',#12006,39.3700787401575);
#7343=VECTOR('',#12009,39.3700787401575);
#7344=VECTOR('',#12010,39.3700787401575);
#7345=VECTOR('',#12013,39.3700787401575);
#7346=VECTOR('',#12014,39.3700787401575);
#7347=VECTOR('',#12017,39.3700787401575);
#7348=VECTOR('',#12018,39.3700787401575);
#7349=VECTOR('',#12021,39.3700787401575);
#7350=VECTOR('',#12022,39.3700787401575);
#7351=VECTOR('',#12025,39.3700787401575);
#7352=VECTOR('',#12030,39.3700787401575);
#7353=VECTOR('',#12031,39.3700787401575);
#7354=VECTOR('',#12032,39.3700787401575);
#7355=VECTOR('',#12035,39.3700787401575);
#7356=VECTOR('',#12036,39.3700787401575);
#7357=VECTOR('',#12039,39.3700787401575);
#7358=VECTOR('',#12040,39.3700787401575);
#7359=VECTOR('',#12043,39.3700787401575);
#7360=VECTOR('',#12048,39.3700787401575);
#7361=VECTOR('',#12049,39.3700787401575);
#7362=VECTOR('',#12050,39.3700787401575);
#7363=VECTOR('',#12053,39.3700787401575);
#7364=VECTOR('',#12054,39.3700787401575);
#7365=VECTOR('',#12057,39.3700787401575);
#7366=VECTOR('',#12058,39.3700787401575);
#7367=VECTOR('',#12061,39.3700787401575);
#7368=VECTOR('',#12066,39.3700787401575);
#7369=VECTOR('',#12067,39.3700787401575);
#7370=VECTOR('',#12068,39.3700787401575);
#7371=VECTOR('',#12071,39.3700787401575);
#7372=VECTOR('',#12072,39.3700787401575);
#7373=VECTOR('',#12075,39.3700787401575);
#7374=VECTOR('',#12076,39.3700787401575);
#7375=VECTOR('',#12079,39.3700787401575);
#7376=VECTOR('',#12084,39.3700787401575);
#7377=VECTOR('',#12085,39.3700787401575);
#7378=VECTOR('',#12086,39.3700787401575);
#7379=VECTOR('',#12089,39.3700787401575);
#7380=VECTOR('',#12090,39.3700787401575);
#7381=VECTOR('',#12093,39.3700787401575);
#7382=VECTOR('',#12094,39.3700787401575);
#7383=VECTOR('',#12097,39.3700787401575);
#7384=VECTOR('',#12102,39.3700787401575);
#7385=VECTOR('',#12103,39.3700787401575);
#7386=VECTOR('',#12104,39.3700787401575);
#7387=VECTOR('',#12107,39.3700787401575);
#7388=VECTOR('',#12108,39.3700787401575);
#7389=VECTOR('',#12111,39.3700787401575);
#7390=VECTOR('',#12112,39.3700787401575);
#7391=VECTOR('',#12115,39.3700787401575);
#7392=VECTOR('',#12120,39.3700787401575);
#7393=VECTOR('',#12121,39.3700787401575);
#7394=VECTOR('',#12122,39.3700787401575);
#7395=VECTOR('',#12125,39.3700787401575);
#7396=VECTOR('',#12126,39.3700787401575);
#7397=VECTOR('',#12129,39.3700787401575);
#7398=VECTOR('',#12130,39.3700787401575);
#7399=VECTOR('',#12133,39.3700787401575);
#7400=VECTOR('',#12138,39.3700787401575);
#7401=VECTOR('',#12139,39.3700787401575);
#7402=VECTOR('',#12140,39.3700787401575);
#7403=VECTOR('',#12143,39.3700787401575);
#7404=VECTOR('',#12144,39.3700787401575);
#7405=VECTOR('',#12147,39.3700787401575);
#7406=VECTOR('',#12148,39.3700787401575);
#7407=VECTOR('',#12151,39.3700787401575);
#7408=VECTOR('',#12156,39.3700787401575);
#7409=VECTOR('',#12157,39.3700787401575);
#7410=VECTOR('',#12158,39.3700787401575);
#7411=VECTOR('',#12161,39.3700787401575);
#7412=VECTOR('',#12162,39.3700787401575);
#7413=VECTOR('',#12165,39.3700787401575);
#7414=VECTOR('',#12166,39.3700787401575);
#7415=VECTOR('',#12169,39.3700787401575);
#7416=VECTOR('',#12174,39.3700787401575);
#7417=VECTOR('',#12175,39.3700787401575);
#7418=VECTOR('',#12176,39.3700787401575);
#7419=VECTOR('',#12179,39.3700787401575);
#7420=VECTOR('',#12180,39.3700787401575);
#7421=VECTOR('',#12183,39.3700787401575);
#7422=VECTOR('',#12184,39.3700787401575);
#7423=VECTOR('',#12187,39.3700787401575);
#7424=VECTOR('',#12192,39.3700787401575);
#7425=VECTOR('',#12193,39.3700787401575);
#7426=VECTOR('',#12194,39.3700787401575);
#7427=VECTOR('',#12197,39.3700787401575);
#7428=VECTOR('',#12198,39.3700787401575);
#7429=VECTOR('',#12201,39.3700787401575);
#7430=VECTOR('',#12202,39.3700787401575);
#7431=VECTOR('',#12205,39.3700787401575);
#7432=VECTOR('',#12210,39.3700787401575);
#7433=VECTOR('',#12211,39.3700787401575);
#7434=VECTOR('',#12212,39.3700787401575);
#7435=VECTOR('',#12215,39.3700787401575);
#7436=VECTOR('',#12216,39.3700787401575);
#7437=VECTOR('',#12219,39.3700787401575);
#7438=VECTOR('',#12220,39.3700787401575);
#7439=VECTOR('',#12223,39.3700787401575);
#7440=VECTOR('',#12228,39.3700787401575);
#7441=VECTOR('',#12229,39.3700787401575);
#7442=VECTOR('',#12230,39.3700787401575);
#7443=VECTOR('',#12233,39.3700787401575);
#7444=VECTOR('',#12234,39.3700787401575);
#7445=VECTOR('',#12237,39.3700787401575);
#7446=VECTOR('',#12238,39.3700787401575);
#7447=VECTOR('',#12241,39.3700787401575);
#7448=VECTOR('',#12246,39.3700787401575);
#7449=VECTOR('',#12247,39.3700787401575);
#7450=VECTOR('',#12248,39.3700787401575);
#7451=VECTOR('',#12251,39.3700787401575);
#7452=VECTOR('',#12252,39.3700787401575);
#7453=VECTOR('',#12255,39.3700787401575);
#7454=VECTOR('',#12256,39.3700787401575);
#7455=VECTOR('',#12259,39.3700787401575);
#7456=VECTOR('',#12264,39.3700787401575);
#7457=VECTOR('',#12265,39.3700787401575);
#7458=VECTOR('',#12266,39.3700787401575);
#7459=VECTOR('',#12269,39.3700787401575);
#7460=VECTOR('',#12270,39.3700787401575);
#7461=VECTOR('',#12273,39.3700787401575);
#7462=VECTOR('',#12274,39.3700787401575);
#7463=VECTOR('',#12277,39.3700787401575);
#7464=VECTOR('',#12282,39.3700787401575);
#7465=VECTOR('',#12283,39.3700787401575);
#7466=VECTOR('',#12284,39.3700787401575);
#7467=VECTOR('',#12287,39.3700787401575);
#7468=VECTOR('',#12288,39.3700787401575);
#7469=VECTOR('',#12291,39.3700787401575);
#7470=VECTOR('',#12292,39.3700787401575);
#7471=VECTOR('',#12295,39.3700787401575);
#7472=VECTOR('',#12300,39.3700787401575);
#7473=VECTOR('',#12301,39.3700787401575);
#7474=VECTOR('',#12302,39.3700787401575);
#7475=VECTOR('',#12305,39.3700787401575);
#7476=VECTOR('',#12306,39.3700787401575);
#7477=VECTOR('',#12309,39.3700787401575);
#7478=VECTOR('',#12310,39.3700787401575);
#7479=VECTOR('',#12313,39.3700787401575);
#7480=VECTOR('',#12320,39.3700787401575);
#7481=VECTOR('',#12321,39.3700787401575);
#7482=VECTOR('',#12322,39.3700787401575);
#7483=VECTOR('',#12323,39.3700787401575);
#7484=VECTOR('',#12326,39.3700787401575);
#7485=VECTOR('',#12327,39.3700787401575);
#7486=VECTOR('',#12328,39.3700787401575);
#7487=VECTOR('',#12329,39.3700787401575);
#7488=VECTOR('',#12332,39.3700787401575);
#7489=VECTOR('',#12333,39.3700787401575);
#7490=VECTOR('',#12336,39.3700787401575);
#7491=VECTOR('',#12337,39.3700787401575);
#7492=VECTOR('',#12342,39.3700787401575);
#7493=VECTOR('',#12345,39.3700787401575);
#7494=VECTOR('',#12350,39.3700787401575);
#7495=VECTOR('',#12353,39.3700787401575);
#7496=VECTOR('',#12358,39.3700787401575);
#7497=VECTOR('',#12361,39.3700787401575);
#7498=VECTOR('',#12366,39.3700787401575);
#7499=VECTOR('',#12369,39.3700787401575);
#7500=VECTOR('',#12374,39.3700787401575);
#7501=VECTOR('',#12377,39.3700787401575);
#7502=VECTOR('',#12382,39.3700787401575);
#7503=VECTOR('',#12385,39.3700787401575);
#7504=VECTOR('',#12390,39.3700787401575);
#7505=VECTOR('',#12393,39.3700787401575);
#7506=VECTOR('',#12398,39.3700787401575);
#7507=VECTOR('',#12401,39.3700787401575);
#7508=VECTOR('',#12406,39.3700787401575);
#7509=VECTOR('',#12409,39.3700787401575);
#7510=VECTOR('',#12414,39.3700787401575);
#7511=VECTOR('',#12417,39.3700787401575);
#7512=VECTOR('',#12420,39.3700787401575);
#7513=VECTOR('',#12421,39.3700787401575);
#7514=VECTOR('',#12422,39.3700787401575);
#7515=VECTOR('',#12425,39.3700787401575);
#7516=VECTOR('',#12426,39.3700787401575);
#7517=VECTOR('',#12427,39.3700787401575);
#7518=VECTOR('',#12430,39.3700787401575);
#7519=VECTOR('',#12431,39.3700787401575);
#7520=VECTOR('',#12432,39.3700787401575);
#7521=VECTOR('',#12435,39.3700787401575);
#7522=VECTOR('',#12436,39.3700787401575);
#7523=VECTOR('',#12437,39.3700787401575);
#7524=VECTOR('',#12440,39.3700787401575);
#7525=VECTOR('',#12441,39.3700787401575);
#7526=VECTOR('',#12442,39.3700787401575);
#7527=VECTOR('',#12445,39.3700787401575);
#7528=VECTOR('',#12446,39.3700787401575);
#7529=VECTOR('',#12447,39.3700787401575);
#7530=VECTOR('',#12450,39.3700787401575);
#7531=VECTOR('',#12451,39.3700787401575);
#7532=VECTOR('',#12452,39.3700787401575);
#7533=VECTOR('',#12455,39.3700787401575);
#7534=VECTOR('',#12456,39.3700787401575);
#7535=VECTOR('',#12457,39.3700787401575);
#7536=VECTOR('',#12460,39.3700787401575);
#7537=VECTOR('',#12461,39.3700787401575);
#7538=VECTOR('',#12462,39.3700787401575);
#7539=VECTOR('',#12465,39.3700787401575);
#7540=VECTOR('',#12466,39.3700787401575);
#7541=VECTOR('',#12467,39.3700787401575);
#7542=VECTOR('',#12470,39.3700787401575);
#7543=VECTOR('',#12471,39.3700787401575);
#7544=VECTOR('',#12472,39.3700787401575);
#7545=VECTOR('',#12475,39.3700787401575);
#7546=VECTOR('',#12476,39.3700787401575);
#7547=VECTOR('',#12477,39.3700787401575);
#7548=VECTOR('',#12480,39.3700787401575);
#7549=VECTOR('',#12481,39.3700787401575);
#7550=VECTOR('',#12482,39.3700787401575);
#7551=VECTOR('',#12485,39.3700787401575);
#7552=VECTOR('',#12486,39.3700787401575);
#7553=VECTOR('',#12487,39.3700787401575);
#7554=VECTOR('',#12490,39.3700787401575);
#7555=VECTOR('',#12491,39.3700787401575);
#7556=VECTOR('',#12492,39.3700787401575);
#7557=VECTOR('',#12495,39.3700787401575);
#7558=VECTOR('',#12496,39.3700787401575);
#7559=VECTOR('',#12497,39.3700787401575);
#7560=VECTOR('',#12500,39.3700787401575);
#7561=VECTOR('',#12501,39.3700787401575);
#7562=VECTOR('',#12502,39.3700787401575);
#7563=VECTOR('',#12505,39.3700787401575);
#7564=VECTOR('',#12506,39.3700787401575);
#7565=VECTOR('',#12507,39.3700787401575);
#7566=VECTOR('',#12510,39.3700787401575);
#7567=VECTOR('',#12511,39.3700787401575);
#7568=VECTOR('',#12512,39.3700787401575);
#7569=VECTOR('',#12515,39.3700787401575);
#7570=VECTOR('',#12516,39.3700787401575);
#7571=VECTOR('',#12517,39.3700787401575);
#7572=VECTOR('',#12520,39.3700787401575);
#7573=VECTOR('',#12521,39.3700787401575);
#7574=VECTOR('',#12522,39.3700787401575);
#7575=VECTOR('',#12525,39.3700787401575);
#7576=VECTOR('',#12526,39.3700787401575);
#7577=VECTOR('',#12527,39.3700787401575);
#7578=VECTOR('',#12530,39.3700787401575);
#7579=VECTOR('',#12531,39.3700787401575);
#7580=VECTOR('',#12532,39.3700787401575);
#7581=VECTOR('',#12535,39.3700787401575);
#7582=VECTOR('',#12536,39.3700787401575);
#7583=VECTOR('',#12537,39.3700787401575);
#7584=VECTOR('',#12540,39.3700787401575);
#7585=VECTOR('',#12541,39.3700787401575);
#7586=VECTOR('',#12542,39.3700787401575);
#7587=VECTOR('',#12545,39.3700787401575);
#7588=VECTOR('',#12546,39.3700787401575);
#7589=VECTOR('',#12547,39.3700787401575);
#7590=VECTOR('',#12550,39.3700787401575);
#7591=VECTOR('',#12551,39.3700787401575);
#7592=VECTOR('',#12552,39.3700787401575);
#7593=VECTOR('',#12555,39.3700787401575);
#7594=VECTOR('',#12556,39.3700787401575);
#7595=VECTOR('',#12557,39.3700787401575);
#7596=VECTOR('',#12560,39.3700787401575);
#7597=VECTOR('',#12561,39.3700787401575);
#7598=VECTOR('',#12562,39.3700787401575);
#7599=VECTOR('',#12565,39.3700787401575);
#7600=VECTOR('',#12566,39.3700787401575);
#7601=VECTOR('',#12567,39.3700787401575);
#7602=VECTOR('',#12570,39.3700787401575);
#7603=VECTOR('',#12579,39.3700787401575);
#7604=VECTOR('',#12584,39.3700787401575);
#7605=VECTOR('',#12591,39.3700787401575);
#7606=VECTOR('',#12598,39.3700787401575);
#7607=VECTOR('',#12605,39.3700787401575);
#7608=VECTOR('',#12612,39.3700787401575);
#7609=VECTOR('',#12619,39.3700787401575);
#7610=VECTOR('',#12626,39.3700787401575);
#7611=VECTOR('',#12633,39.3700787401575);
#7612=VECTOR('',#12640,39.3700787401575);
#7613=VECTOR('',#12641,39.3700787401575);
#7614=VECTOR('',#12642,39.3700787401575);
#7615=VECTOR('',#12645,39.3700787401575);
#7616=VECTOR('',#12646,39.3700787401575);
#7617=VECTOR('',#12647,39.3700787401575);
#7618=VECTOR('',#12650,39.3700787401575);
#7619=VECTOR('',#12651,39.3700787401575);
#7620=VECTOR('',#12652,39.3700787401575);
#7621=VECTOR('',#12655,39.3700787401575);
#7622=VECTOR('',#12656,39.3700787401575);
#7623=VECTOR('',#12657,39.3700787401575);
#7624=VECTOR('',#12660,39.3700787401575);
#7625=VECTOR('',#12661,39.3700787401575);
#7626=VECTOR('',#12662,39.3700787401575);
#7627=VECTOR('',#12665,39.3700787401575);
#7628=VECTOR('',#12666,39.3700787401575);
#7629=VECTOR('',#12667,39.3700787401575);
#7630=VECTOR('',#12670,39.3700787401575);
#7631=VECTOR('',#12671,39.3700787401575);
#7632=VECTOR('',#12672,39.3700787401575);
#7633=VECTOR('',#12675,39.3700787401575);
#7634=VECTOR('',#12676,39.3700787401575);
#7635=VECTOR('',#12677,39.3700787401575);
#7636=VECTOR('',#12680,39.3700787401575);
#7637=VECTOR('',#12681,39.3700787401575);
#7638=VECTOR('',#12682,39.3700787401575);
#7639=VECTOR('',#12685,39.3700787401575);
#7640=VECTOR('',#12686,39.3700787401575);
#7641=VECTOR('',#12687,39.3700787401575);
#7642=VECTOR('',#12690,39.3700787401575);
#7643=VECTOR('',#12691,39.3700787401575);
#7644=VECTOR('',#12692,39.3700787401575);
#7645=VECTOR('',#12695,39.3700787401575);
#7646=VECTOR('',#12696,39.3700787401575);
#7647=VECTOR('',#12697,39.3700787401575);
#7648=VECTOR('',#12700,39.3700787401575);
#7649=VECTOR('',#12701,39.3700787401575);
#7650=VECTOR('',#12702,39.3700787401575);
#7651=VECTOR('',#12705,39.3700787401575);
#7652=VECTOR('',#12706,39.3700787401575);
#7653=VECTOR('',#12707,39.3700787401575);
#7654=VECTOR('',#12710,39.3700787401575);
#7655=VECTOR('',#12711,39.3700787401575);
#7656=VECTOR('',#12712,39.3700787401575);
#7657=VECTOR('',#12715,39.3700787401575);
#7658=VECTOR('',#12716,39.3700787401575);
#7659=VECTOR('',#12717,39.3700787401575);
#7660=VECTOR('',#12720,39.3700787401575);
#7661=VECTOR('',#12721,39.3700787401575);
#7662=VECTOR('',#12722,39.3700787401575);
#7663=VECTOR('',#12725,39.3700787401575);
#7664=VECTOR('',#12726,39.3700787401575);
#7665=VECTOR('',#12727,39.3700787401575);
#7666=VECTOR('',#12730,39.3700787401575);
#7667=VECTOR('',#12731,39.3700787401575);
#7668=VECTOR('',#12732,39.3700787401575);
#7669=VECTOR('',#12735,39.3700787401575);
#7670=VECTOR('',#12736,39.3700787401575);
#7671=VECTOR('',#12737,39.3700787401575);
#7672=VECTOR('',#12742,39.3700787401575);
#7673=VECTOR('',#12745,39.3700787401575);
#7674=VECTOR('',#12750,39.3700787401575);
#7675=VECTOR('',#12753,39.3700787401575);
#7676=VECTOR('',#12758,39.3700787401575);
#7677=VECTOR('',#12761,39.3700787401575);
#7678=VECTOR('',#12766,39.3700787401575);
#7679=VECTOR('',#12769,39.3700787401575);
#7680=VECTOR('',#12774,39.3700787401575);
#7681=VECTOR('',#12777,39.3700787401575);
#7682=VECTOR('',#12782,39.3700787401575);
#7683=VECTOR('',#12785,39.3700787401575);
#7684=VECTOR('',#12790,39.3700787401575);
#7685=VECTOR('',#12793,39.3700787401575);
#7686=VECTOR('',#12798,39.3700787401575);
#7687=VECTOR('',#12801,39.3700787401575);
#7688=VECTOR('',#12806,39.3700787401575);
#7689=VECTOR('',#12809,39.3700787401575);
#7690=VECTOR('',#12814,39.3700787401575);
#7691=VECTOR('',#12817,39.3700787401575);
#7692=VECTOR('',#12820,39.3700787401575);
#7693=VECTOR('',#12821,39.3700787401575);
#7694=VECTOR('',#12822,39.3700787401575);
#7695=VECTOR('',#12825,39.3700787401575);
#7696=VECTOR('',#12826,39.3700787401575);
#7697=VECTOR('',#12827,39.3700787401575);
#7698=VECTOR('',#12830,39.3700787401575);
#7699=VECTOR('',#12831,39.3700787401575);
#7700=VECTOR('',#12832,39.3700787401575);
#7701=VECTOR('',#12835,39.3700787401575);
#7702=VECTOR('',#12836,39.3700787401575);
#7703=VECTOR('',#12837,39.3700787401575);
#7704=VECTOR('',#12840,39.3700787401575);
#7705=VECTOR('',#12841,39.3700787401575);
#7706=VECTOR('',#12842,39.3700787401575);
#7707=VECTOR('',#12845,39.3700787401575);
#7708=VECTOR('',#12846,39.3700787401575);
#7709=VECTOR('',#12847,39.3700787401575);
#7710=VECTOR('',#12850,39.3700787401575);
#7711=VECTOR('',#12851,39.3700787401575);
#7712=VECTOR('',#12852,39.3700787401575);
#7713=VECTOR('',#12855,39.3700787401575);
#7714=VECTOR('',#12856,39.3700787401575);
#7715=VECTOR('',#12857,39.3700787401575);
#7716=VECTOR('',#12860,39.3700787401575);
#7717=VECTOR('',#12861,39.3700787401575);
#7718=VECTOR('',#12862,39.3700787401575);
#7719=VECTOR('',#12865,39.3700787401575);
#7720=VECTOR('',#12866,39.3700787401575);
#7721=VECTOR('',#12867,39.3700787401575);
#7722=VECTOR('',#12870,39.3700787401575);
#7723=VECTOR('',#12871,39.3700787401575);
#7724=VECTOR('',#12872,39.3700787401575);
#7725=VECTOR('',#12875,39.3700787401575);
#7726=VECTOR('',#12876,39.3700787401575);
#7727=VECTOR('',#12877,39.3700787401575);
#7728=VECTOR('',#12880,39.3700787401575);
#7729=VECTOR('',#12881,39.3700787401575);
#7730=VECTOR('',#12882,39.3700787401575);
#7731=VECTOR('',#12885,39.3700787401575);
#7732=VECTOR('',#12886,39.3700787401575);
#7733=VECTOR('',#12887,39.3700787401575);
#7734=VECTOR('',#12890,39.3700787401575);
#7735=VECTOR('',#12891,39.3700787401575);
#7736=VECTOR('',#12892,39.3700787401575);
#7737=VECTOR('',#12895,39.3700787401575);
#7738=VECTOR('',#12896,39.3700787401575);
#7739=VECTOR('',#12897,39.3700787401575);
#7740=VECTOR('',#12900,39.3700787401575);
#7741=VECTOR('',#12901,39.3700787401575);
#7742=VECTOR('',#12902,39.3700787401575);
#7743=VECTOR('',#12905,39.3700787401575);
#7744=VECTOR('',#12906,39.3700787401575);
#7745=VECTOR('',#12907,39.3700787401575);
#7746=VECTOR('',#12910,39.3700787401575);
#7747=VECTOR('',#12911,39.3700787401575);
#7748=VECTOR('',#12912,39.3700787401575);
#7749=VECTOR('',#12915,39.3700787401575);
#7750=VECTOR('',#12916,39.3700787401575);
#7751=VECTOR('',#12917,39.3700787401575);
#7752=VECTOR('',#12920,39.3700787401575);
#7753=VECTOR('',#12921,39.3700787401575);
#7754=VECTOR('',#12922,39.3700787401575);
#7755=VECTOR('',#12925,39.3700787401575);
#7756=VECTOR('',#12926,39.3700787401575);
#7757=VECTOR('',#12927,39.3700787401575);
#7758=VECTOR('',#12930,39.3700787401575);
#7759=VECTOR('',#12931,39.3700787401575);
#7760=VECTOR('',#12932,39.3700787401575);
#7761=VECTOR('',#12935,39.3700787401575);
#7762=VECTOR('',#12936,39.3700787401575);
#7763=VECTOR('',#12937,39.3700787401575);
#7764=VECTOR('',#12940,39.3700787401575);
#7765=VECTOR('',#12941,39.3700787401575);
#7766=VECTOR('',#12942,39.3700787401575);
#7767=VECTOR('',#12945,39.3700787401575);
#7768=VECTOR('',#12946,39.3700787401575);
#7769=VECTOR('',#12947,39.3700787401575);
#7770=VECTOR('',#12950,39.3700787401575);
#7771=VECTOR('',#12951,39.3700787401575);
#7772=VECTOR('',#12952,39.3700787401575);
#7773=VECTOR('',#12955,39.3700787401575);
#7774=VECTOR('',#12956,39.3700787401575);
#7775=VECTOR('',#12957,39.3700787401575);
#7776=VECTOR('',#12960,39.3700787401575);
#7777=VECTOR('',#12961,39.3700787401575);
#7778=VECTOR('',#12962,39.3700787401575);
#7779=VECTOR('',#12965,39.3700787401575);
#7780=VECTOR('',#12966,39.3700787401575);
#7781=VECTOR('',#12967,39.3700787401575);
#7782=VECTOR('',#12970,39.3700787401575);
#7783=VECTOR('',#12979,39.3700787401575);
#7784=VECTOR('',#12984,39.3700787401575);
#7785=VECTOR('',#12991,39.3700787401575);
#7786=VECTOR('',#12998,39.3700787401575);
#7787=VECTOR('',#13005,39.3700787401575);
#7788=VECTOR('',#13012,39.3700787401575);
#7789=VECTOR('',#13019,39.3700787401575);
#7790=VECTOR('',#13026,39.3700787401575);
#7791=VECTOR('',#13033,39.3700787401575);
#7792=VECTOR('',#13040,39.3700787401575);
#7793=VECTOR('',#13041,39.3700787401575);
#7794=VECTOR('',#13042,39.3700787401575);
#7795=VECTOR('',#13045,39.3700787401575);
#7796=VECTOR('',#13046,39.3700787401575);
#7797=VECTOR('',#13047,39.3700787401575);
#7798=VECTOR('',#13050,39.3700787401575);
#7799=VECTOR('',#13051,39.3700787401575);
#7800=VECTOR('',#13052,39.3700787401575);
#7801=VECTOR('',#13055,39.3700787401575);
#7802=VECTOR('',#13056,39.3700787401575);
#7803=VECTOR('',#13057,39.3700787401575);
#7804=VECTOR('',#13060,39.3700787401575);
#7805=VECTOR('',#13061,39.3700787401575);
#7806=VECTOR('',#13062,39.3700787401575);
#7807=VECTOR('',#13065,39.3700787401575);
#7808=VECTOR('',#13066,39.3700787401575);
#7809=VECTOR('',#13067,39.3700787401575);
#7810=VECTOR('',#13070,39.3700787401575);
#7811=VECTOR('',#13071,39.3700787401575);
#7812=VECTOR('',#13072,39.3700787401575);
#7813=VECTOR('',#13075,39.3700787401575);
#7814=VECTOR('',#13076,39.3700787401575);
#7815=VECTOR('',#13077,39.3700787401575);
#7816=VECTOR('',#13080,39.3700787401575);
#7817=VECTOR('',#13081,39.3700787401575);
#7818=VECTOR('',#13082,39.3700787401575);
#7819=VECTOR('',#13085,39.3700787401575);
#7820=VECTOR('',#13086,39.3700787401575);
#7821=VECTOR('',#13087,39.3700787401575);
#7822=VECTOR('',#13090,39.3700787401575);
#7823=VECTOR('',#13091,39.3700787401575);
#7824=VECTOR('',#13092,39.3700787401575);
#7825=VECTOR('',#13095,39.3700787401575);
#7826=VECTOR('',#13096,39.3700787401575);
#7827=VECTOR('',#13097,39.3700787401575);
#7828=VECTOR('',#13100,39.3700787401575);
#7829=VECTOR('',#13101,39.3700787401575);
#7830=VECTOR('',#13102,39.3700787401575);
#7831=VECTOR('',#13105,39.3700787401575);
#7832=VECTOR('',#13106,39.3700787401575);
#7833=VECTOR('',#13107,39.3700787401575);
#7834=VECTOR('',#13110,39.3700787401575);
#7835=VECTOR('',#13111,39.3700787401575);
#7836=VECTOR('',#13112,39.3700787401575);
#7837=VECTOR('',#13115,39.3700787401575);
#7838=VECTOR('',#13116,39.3700787401575);
#7839=VECTOR('',#13117,39.3700787401575);
#7840=VECTOR('',#13120,39.3700787401575);
#7841=VECTOR('',#13121,39.3700787401575);
#7842=VECTOR('',#13122,39.3700787401575);
#7843=VECTOR('',#13125,39.3700787401575);
#7844=VECTOR('',#13126,39.3700787401575);
#7845=VECTOR('',#13127,39.3700787401575);
#7846=VECTOR('',#13130,39.3700787401575);
#7847=VECTOR('',#13131,39.3700787401575);
#7848=VECTOR('',#13132,39.3700787401575);
#7849=VECTOR('',#13135,39.3700787401575);
#7850=VECTOR('',#13136,39.3700787401575);
#7851=VECTOR('',#13137,39.3700787401575);
#7852=VECTOR('',#13140,39.3700787401575);
#7853=VECTOR('',#13141,39.3700787401575);
#7854=VECTOR('',#13142,39.3700787401575);
#7855=VECTOR('',#13143,39.3700787401575);
#7856=VECTOR('',#13144,39.3700787401575);
#7857=VECTOR('',#13145,39.3700787401575);
#7858=VECTOR('',#13146,39.3700787401575);
#7859=VECTOR('',#13147,39.3700787401575);
#7860=VECTOR('',#13148,39.3700787401575);
#7861=VECTOR('',#13149,39.3700787401575);
#7862=VECTOR('',#13150,39.3700787401575);
#7863=VECTOR('',#13151,39.3700787401575);
#7864=VECTOR('',#13152,39.3700787401575);
#7865=VECTOR('',#13153,39.3700787401575);
#7866=VECTOR('',#13154,39.3700787401575);
#7867=VECTOR('',#13155,39.3700787401575);
#7868=VECTOR('',#13156,39.3700787401575);
#7869=VECTOR('',#13157,39.3700787401575);
#7870=VECTOR('',#13158,39.3700787401575);
#7871=VECTOR('',#13159,39.3700787401575);
#7872=VECTOR('',#13160,39.3700787401575);
#7873=VECTOR('',#13161,39.3700787401575);
#7874=VECTOR('',#13162,39.3700787401575);
#7875=VECTOR('',#13163,39.3700787401575);
#7876=VECTOR('',#13164,39.3700787401575);
#7877=VECTOR('',#13165,39.3700787401575);
#7878=VECTOR('',#13166,39.3700787401575);
#7879=VECTOR('',#13167,39.3700787401575);
#7880=VECTOR('',#13168,39.3700787401575);
#7881=VECTOR('',#13169,39.3700787401575);
#7882=VECTOR('',#13170,39.3700787401575);
#7883=VECTOR('',#13171,39.3700787401575);
#7884=VECTOR('',#13172,39.3700787401575);
#7885=VECTOR('',#13173,39.3700787401575);
#7886=VECTOR('',#13174,39.3700787401575);
#7887=VECTOR('',#13175,39.3700787401575);
#7888=VECTOR('',#13176,39.3700787401575);
#7889=VECTOR('',#13177,39.3700787401575);
#7890=VECTOR('',#13178,39.3700787401575);
#7891=VECTOR('',#13179,39.3700787401575);
#7892=VECTOR('',#13266,39.3700787401575);
#7893=VECTOR('',#13267,39.3700787401575);
#7894=VECTOR('',#13268,39.3700787401575);
#7895=VECTOR('',#13269,39.3700787401575);
#7896=VECTOR('',#13272,39.3700787401575);
#7897=VECTOR('',#13273,39.3700787401575);
#7898=VECTOR('',#13274,39.3700787401575);
#7899=VECTOR('',#13275,39.3700787401575);
#7900=VECTOR('',#13278,39.3700787401575);
#7901=VECTOR('',#13279,39.3700787401575);
#7902=VECTOR('',#13282,39.3700787401575);
#7903=VECTOR('',#13283,39.3700787401575);
#7904=VECTOR('',#13286,39.3700787401575);
#7905=VECTOR('',#13287,39.3700787401575);
#7906=VECTOR('',#13288,39.3700787401575);
#7907=VECTOR('',#13289,39.3700787401575);
#7908=VECTOR('',#13292,39.3700787401575);
#7909=VECTOR('',#13293,39.3700787401575);
#7910=VECTOR('',#13294,39.3700787401575);
#7911=VECTOR('',#13295,39.3700787401575);
#7912=VECTOR('',#13298,39.3700787401575);
#7913=VECTOR('',#13299,39.3700787401575);
#7914=VECTOR('',#13300,39.3700787401575);
#7915=VECTOR('',#13301,39.3700787401575);
#7916=VECTOR('',#13304,39.3700787401575);
#7917=VECTOR('',#13305,39.3700787401575);
#7918=VECTOR('',#13306,39.3700787401575);
#7919=VECTOR('',#13307,39.3700787401575);
#7920=VECTOR('',#13310,39.3700787401575);
#7921=VECTOR('',#13311,39.3700787401575);
#7922=VECTOR('',#13312,39.3700787401575);
#7923=VECTOR('',#13313,39.3700787401575);
#7924=VECTOR('',#13316,39.3700787401575);
#7925=VECTOR('',#13317,39.3700787401575);
#7926=VECTOR('',#13318,39.3700787401575);
#7927=VECTOR('',#13319,39.3700787401575);
#7928=VECTOR('',#13322,39.3700787401575);
#7929=VECTOR('',#13323,39.3700787401575);
#7930=VECTOR('',#13324,39.3700787401575);
#7931=VECTOR('',#13325,39.3700787401575);
#7932=VECTOR('',#13328,39.3700787401575);
#7933=VECTOR('',#13329,39.3700787401575);
#7934=VECTOR('',#13330,39.3700787401575);
#7935=VECTOR('',#13331,39.3700787401575);
#7936=VECTOR('',#13334,39.3700787401575);
#7937=VECTOR('',#13335,39.3700787401575);
#7938=VECTOR('',#13336,39.3700787401575);
#7939=VECTOR('',#13337,39.3700787401575);
#7940=VECTOR('',#13340,39.3700787401575);
#7941=VECTOR('',#13341,39.3700787401575);
#7942=VECTOR('',#13342,39.3700787401575);
#7943=VECTOR('',#13343,39.3700787401575);
#7944=VECTOR('',#13346,39.3700787401575);
#7945=VECTOR('',#13347,39.3700787401575);
#7946=VECTOR('',#13348,39.3700787401575);
#7947=VECTOR('',#13349,39.3700787401575);
#7948=VECTOR('',#13352,39.3700787401575);
#7949=VECTOR('',#13353,39.3700787401575);
#7950=VECTOR('',#13354,39.3700787401575);
#7951=VECTOR('',#13355,39.3700787401575);
#7952=VECTOR('',#13358,39.3700787401575);
#7953=VECTOR('',#13359,39.3700787401575);
#7954=VECTOR('',#13360,39.3700787401575);
#7955=VECTOR('',#13361,39.3700787401575);
#7956=VECTOR('',#13364,39.3700787401575);
#7957=VECTOR('',#13365,39.3700787401575);
#7958=VECTOR('',#13366,39.3700787401575);
#7959=VECTOR('',#13367,39.3700787401575);
#7960=VECTOR('',#13370,39.3700787401575);
#7961=VECTOR('',#13371,39.3700787401575);
#7962=VECTOR('',#13372,39.3700787401575);
#7963=VECTOR('',#13373,39.3700787401575);
#7964=VECTOR('',#13376,39.3700787401575);
#7965=VECTOR('',#13377,39.3700787401575);
#7966=VECTOR('',#13378,39.3700787401575);
#7967=VECTOR('',#13379,39.3700787401575);
#7968=VECTOR('',#13382,39.3700787401575);
#7969=VECTOR('',#13383,39.3700787401575);
#7970=VECTOR('',#13384,39.3700787401575);
#7971=VECTOR('',#13385,39.3700787401575);
#7972=VECTOR('',#13388,39.3700787401575);
#7973=VECTOR('',#13389,39.3700787401575);
#7974=VECTOR('',#13390,39.3700787401575);
#7975=VECTOR('',#13391,39.3700787401575);
#7976=VECTOR('',#13394,39.3700787401575);
#7977=VECTOR('',#13395,39.3700787401575);
#7978=VECTOR('',#13396,39.3700787401575);
#7979=VECTOR('',#13397,39.3700787401575);
#7980=VECTOR('',#13400,39.3700787401575);
#7981=VECTOR('',#13401,39.3700787401575);
#7982=VECTOR('',#13402,39.3700787401575);
#7983=VECTOR('',#13403,39.3700787401575);
#7984=VECTOR('',#13406,39.3700787401575);
#7985=VECTOR('',#13407,39.3700787401575);
#7986=VECTOR('',#13410,39.3700787401575);
#7987=VECTOR('',#13411,39.3700787401575);
#7988=VECTOR('',#13414,39.3700787401575);
#7989=VECTOR('',#13415,39.3700787401575);
#7990=VECTOR('',#13418,39.3700787401575);
#7991=VECTOR('',#13419,39.3700787401575);
#7992=VECTOR('',#13422,39.3700787401575);
#7993=VECTOR('',#13423,39.3700787401575);
#7994=VECTOR('',#13426,39.3700787401575);
#7995=VECTOR('',#13427,39.3700787401575);
#7996=VECTOR('',#13430,39.3700787401575);
#7997=VECTOR('',#13431,39.3700787401575);
#7998=VECTOR('',#13434,39.3700787401575);
#7999=VECTOR('',#13435,39.3700787401575);
#8000=VECTOR('',#13438,39.3700787401575);
#8001=VECTOR('',#13439,39.3700787401575);
#8002=VECTOR('',#13442,39.3700787401575);
#8003=VECTOR('',#13443,39.3700787401575);
#8004=VECTOR('',#13446,39.3700787401575);
#8005=VECTOR('',#13447,39.3700787401575);
#8006=VECTOR('',#13448,39.3700787401575);
#8007=VECTOR('',#13449,39.3700787401575);
#8008=VECTOR('',#13452,39.3700787401575);
#8009=VECTOR('',#13453,39.3700787401575);
#8010=VECTOR('',#13454,39.3700787401575);
#8011=VECTOR('',#13455,39.3700787401575);
#8012=VECTOR('',#13458,39.3700787401575);
#8013=VECTOR('',#13459,39.3700787401575);
#8014=VECTOR('',#13460,39.3700787401575);
#8015=VECTOR('',#13461,39.3700787401575);
#8016=VECTOR('',#13464,39.3700787401575);
#8017=VECTOR('',#13465,39.3700787401575);
#8018=VECTOR('',#13466,39.3700787401575);
#8019=VECTOR('',#13467,39.3700787401575);
#8020=VECTOR('',#13470,39.3700787401575);
#8021=VECTOR('',#13471,39.3700787401575);
#8022=VECTOR('',#13472,39.3700787401575);
#8023=VECTOR('',#13473,39.3700787401575);
#8024=VECTOR('',#13476,39.3700787401575);
#8025=VECTOR('',#13477,39.3700787401575);
#8026=VECTOR('',#13478,39.3700787401575);
#8027=VECTOR('',#13479,39.3700787401575);
#8028=VECTOR('',#13482,39.3700787401575);
#8029=VECTOR('',#13483,39.3700787401575);
#8030=VECTOR('',#13484,39.3700787401575);
#8031=VECTOR('',#13485,39.3700787401575);
#8032=VECTOR('',#13488,39.3700787401575);
#8033=VECTOR('',#13489,39.3700787401575);
#8034=VECTOR('',#13490,39.3700787401575);
#8035=VECTOR('',#13491,39.3700787401575);
#8036=VECTOR('',#13494,39.3700787401575);
#8037=VECTOR('',#13495,39.3700787401575);
#8038=VECTOR('',#13496,39.3700787401575);
#8039=VECTOR('',#13497,39.3700787401575);
#8040=VECTOR('',#13500,39.3700787401575);
#8041=VECTOR('',#13501,39.3700787401575);
#8042=VECTOR('',#13502,39.3700787401575);
#8043=VECTOR('',#13503,39.3700787401575);
#8044=VECTOR('',#13506,39.3700787401575);
#8045=VECTOR('',#13507,39.3700787401575);
#8046=VECTOR('',#13508,39.3700787401575);
#8047=VECTOR('',#13509,39.3700787401575);
#8048=VECTOR('',#13512,39.3700787401575);
#8049=VECTOR('',#13513,39.3700787401575);
#8050=VECTOR('',#13514,39.3700787401575);
#8051=VECTOR('',#13515,39.3700787401575);
#8052=VECTOR('',#13518,39.3700787401575);
#8053=VECTOR('',#13519,39.3700787401575);
#8054=VECTOR('',#13520,39.3700787401575);
#8055=VECTOR('',#13521,39.3700787401575);
#8056=VECTOR('',#13524,39.3700787401575);
#8057=VECTOR('',#13525,39.3700787401575);
#8058=VECTOR('',#13526,39.3700787401575);
#8059=VECTOR('',#13527,39.3700787401575);
#8060=VECTOR('',#13530,39.3700787401575);
#8061=VECTOR('',#13531,39.3700787401575);
#8062=VECTOR('',#13532,39.3700787401575);
#8063=VECTOR('',#13533,39.3700787401575);
#8064=VECTOR('',#13536,39.3700787401575);
#8065=VECTOR('',#13537,39.3700787401575);
#8066=VECTOR('',#13538,39.3700787401575);
#8067=VECTOR('',#13539,39.3700787401575);
#8068=VECTOR('',#13542,39.3700787401575);
#8069=VECTOR('',#13543,39.3700787401575);
#8070=VECTOR('',#13544,39.3700787401575);
#8071=VECTOR('',#13545,39.3700787401575);
#8072=VECTOR('',#13548,39.3700787401575);
#8073=VECTOR('',#13549,39.3700787401575);
#8074=VECTOR('',#13550,39.3700787401575);
#8075=VECTOR('',#13551,39.3700787401575);
#8076=VECTOR('',#13554,39.3700787401575);
#8077=VECTOR('',#13555,39.3700787401575);
#8078=VECTOR('',#13556,39.3700787401575);
#8079=VECTOR('',#13557,39.3700787401575);
#8080=VECTOR('',#13560,39.3700787401575);
#8081=VECTOR('',#13561,39.3700787401575);
#8082=VECTOR('',#13562,39.3700787401575);
#8083=VECTOR('',#13563,39.3700787401575);
#8084=VECTOR('',#13566,39.3700787401575);
#8085=VECTOR('',#13567,39.3700787401575);
#8086=VECTOR('',#13570,39.3700787401575);
#8087=VECTOR('',#13571,39.3700787401575);
#8088=VECTOR('',#13574,39.3700787401575);
#8089=VECTOR('',#13575,39.3700787401575);
#8090=VECTOR('',#13578,39.3700787401575);
#8091=VECTOR('',#13579,39.3700787401575);
#8092=VECTOR('',#13582,39.3700787401575);
#8093=VECTOR('',#13583,39.3700787401575);
#8094=VECTOR('',#13586,39.3700787401575);
#8095=VECTOR('',#13587,39.3700787401575);
#8096=VECTOR('',#13590,39.3700787401575);
#8097=VECTOR('',#13591,39.3700787401575);
#8098=VECTOR('',#13594,39.3700787401575);
#8099=VECTOR('',#13595,39.3700787401575);
#8100=VECTOR('',#13598,39.3700787401575);
#8101=VECTOR('',#13599,39.3700787401575);
#8102=VECTOR('',#13602,39.3700787401575);
#8103=VECTOR('',#13603,39.3700787401575);
#8104=VECTOR('',#13606,39.3700787401575);
#8105=VECTOR('',#13609,39.3700787401575);
#8106=VECTOR('',#13612,39.3700787401575);
#8107=VECTOR('',#13613,39.3700787401575);
#8108=VECTOR('',#13614,39.3700787401575);
#8109=VECTOR('',#13615,39.3700787401575);
#8110=VECTOR('',#13616,39.3700787401575);
#8111=VECTOR('',#13617,39.3700787401575);
#8112=VECTOR('',#13618,39.3700787401575);
#8113=VECTOR('',#13619,39.3700787401575);
#8114=VECTOR('',#13620,39.3700787401575);
#8115=VECTOR('',#13621,39.3700787401575);
#8116=VECTOR('',#13622,39.3700787401575);
#8117=VECTOR('',#13623,39.3700787401575);
#8118=VECTOR('',#13624,39.3700787401575);
#8119=VECTOR('',#13625,39.3700787401575);
#8120=VECTOR('',#13626,39.3700787401575);
#8121=VECTOR('',#13627,39.3700787401575);
#8122=VECTOR('',#13628,39.3700787401575);
#8123=VECTOR('',#13629,39.3700787401575);
#8124=VECTOR('',#13630,39.3700787401575);
#8125=VECTOR('',#13631,39.3700787401575);
#8126=VECTOR('',#13632,39.3700787401575);
#8127=VECTOR('',#13633,39.3700787401575);
#8128=VECTOR('',#13634,39.3700787401575);
#8129=VECTOR('',#13635,39.3700787401575);
#8130=VECTOR('',#13636,39.3700787401575);
#8131=VECTOR('',#13637,39.3700787401575);
#8132=VECTOR('',#13638,39.3700787401575);
#8133=VECTOR('',#13639,39.3700787401575);
#8134=VECTOR('',#13640,39.3700787401575);
#8135=VECTOR('',#13641,39.3700787401575);
#8136=VECTOR('',#13642,39.3700787401575);
#8137=VECTOR('',#13643,39.3700787401575);
#8138=VECTOR('',#13644,39.3700787401575);
#8139=VECTOR('',#13645,39.3700787401575);
#8140=VECTOR('',#13646,39.3700787401575);
#8141=VECTOR('',#13647,39.3700787401575);
#8142=VECTOR('',#13648,39.3700787401575);
#8143=VECTOR('',#13649,39.3700787401575);
#8144=EDGE_LOOP('',(#165,#166,#167,#168,#169,#170,#171,#172));
#8145=EDGE_LOOP('',(#173,#174,#175,#176,#177,#178,#179,#180));
#8146=EDGE_LOOP('',(#181,#182,#183,#184));
#8147=EDGE_LOOP('',(#185,#186,#187,#188,#189,#190,#191,#192));
#8148=EDGE_LOOP('',(#193,#194,#195,#196,#197,#198,#199,#200));
#8149=EDGE_LOOP('',(#201,#202,#203,#204));
#8150=EDGE_LOOP('',(#205,#206,#207,#208,#209,#210,#211,#212));
#8151=EDGE_LOOP('',(#213,#214,#215,#216));
#8152=EDGE_LOOP('',(#217,#218,#219,#220));
#8153=EDGE_LOOP('',(#221,#222,#223,#224,#225,#226));
#8154=EDGE_LOOP('',(#227,#228,#229,#230,#231,#232));
#8155=EDGE_LOOP('',(#233,#234,#235,#236));
#8156=EDGE_LOOP('',(#237,#238,#239,#240));
#8157=EDGE_LOOP('',(#241));
#8158=EDGE_LOOP('',(#242,#243,#244,#245));
#8159=EDGE_LOOP('',(#246,#247,#248,#249));
#8160=EDGE_LOOP('',(#250,#251,#252,#253));
#8161=EDGE_LOOP('',(#254,#255,#256,#257));
#8162=EDGE_LOOP('',(#258,#259,#260,#261,#262,#263));
#8163=EDGE_LOOP('',(#264,#265,#266,#267,#268,#269));
#8164=EDGE_LOOP('',(#270,#271,#272,#273,#274,#275));
#8165=EDGE_LOOP('',(#276,#277,#278,#279,#280,#281));
#8166=EDGE_LOOP('',(#282,#283,#284,#285));
#8167=EDGE_LOOP('',(#286,#287,#288,#289));
#8168=EDGE_LOOP('',(#290,#291,#292,#293,#294,#295));
#8169=EDGE_LOOP('',(#296,#297,#298,#299,#300,#301));
#8170=EDGE_LOOP('',(#302,#303,#304,#305,#306,#307));
#8171=EDGE_LOOP('',(#308,#309,#310,#311,#312,#313));
#8172=EDGE_LOOP('',(#314,#315,#316,#317));
#8173=EDGE_LOOP('',(#318,#319,#320,#321));
#8174=EDGE_LOOP('',(#322,#323,#324,#325,#326,#327));
#8175=EDGE_LOOP('',(#328,#329,#330,#331,#332,#333));
#8176=EDGE_LOOP('',(#334,#335,#336,#337,#338,#339));
#8177=EDGE_LOOP('',(#340,#341,#342,#343,#344,#345));
#8178=EDGE_LOOP('',(#346,#347,#348,#349));
#8179=EDGE_LOOP('',(#350,#351,#352,#353));
#8180=EDGE_LOOP('',(#354,#355,#356,#357,#358,#359));
#8181=EDGE_LOOP('',(#360,#361,#362,#363,#364,#365));
#8182=EDGE_LOOP('',(#366,#367,#368,#369,#370,#371));
#8183=EDGE_LOOP('',(#372,#373,#374,#375,#376,#377));
#8184=EDGE_LOOP('',(#378,#379,#380,#381));
#8185=EDGE_LOOP('',(#382,#383,#384,#385));
#8186=EDGE_LOOP('',(#386,#387,#388,#389,#390,#391));
#8187=EDGE_LOOP('',(#392,#393,#394,#395,#396,#397));
#8188=EDGE_LOOP('',(#398,#399,#400,#401));
#8189=EDGE_LOOP('',(#402,#403,#404,#405,#406,#407));
#8190=EDGE_LOOP('',(#408,#409,#410,#411,#412,#413));
#8191=EDGE_LOOP('',(#414,#415,#416,#417));
#8192=EDGE_LOOP('',(#418,#419,#420,#421,#422,#423));
#8193=EDGE_LOOP('',(#424,#425,#426,#427,#428,#429));
#8194=EDGE_LOOP('',(#430,#431,#432,#433,#434,#435));
#8195=EDGE_LOOP('',(#436,#437,#438,#439,#440,#441));
#8196=EDGE_LOOP('',(#442,#443,#444,#445));
#8197=EDGE_LOOP('',(#446,#447,#448,#449));
#8198=EDGE_LOOP('',(#450,#451,#452,#453,#454,#455));
#8199=EDGE_LOOP('',(#456,#457,#458,#459,#460,#461));
#8200=EDGE_LOOP('',(#462,#463,#464,#465,#466,#467));
#8201=EDGE_LOOP('',(#468,#469,#470,#471,#472,#473));
#8202=EDGE_LOOP('',(#474,#475,#476,#477));
#8203=EDGE_LOOP('',(#478,#479,#480,#481));
#8204=EDGE_LOOP('',(#482,#483,#484,#485));
#8205=EDGE_LOOP('',(#486,#487,#488,#489));
#8206=EDGE_LOOP('',(#490,#491,#492,#493));
#8207=EDGE_LOOP('',(#494,#495,#496,#497));
#8208=EDGE_LOOP('',(#498,#499,#500,#501));
#8209=EDGE_LOOP('',(#502,#503,#504,#505));
#8210=EDGE_LOOP('',(#506,#507,#508,#509));
#8211=EDGE_LOOP('',(#510,#511,#512,#513));
#8212=EDGE_LOOP('',(#514,#515,#516,#517));
#8213=EDGE_LOOP('',(#518,#519,#520,#521));
#8214=EDGE_LOOP('',(#522,#523,#524,#525));
#8215=EDGE_LOOP('',(#526,#527,#528,#529));
#8216=EDGE_LOOP('',(#530,#531,#532,#533));
#8217=EDGE_LOOP('',(#534,#535,#536,#537));
#8218=EDGE_LOOP('',(#538,#539,#540,#541));
#8219=EDGE_LOOP('',(#542,#543,#544,#545));
#8220=EDGE_LOOP('',(#546,#547,#548,#549));
#8221=EDGE_LOOP('',(#550,#551,#552,#553));
#8222=EDGE_LOOP('',(#554,#555,#556,#557));
#8223=EDGE_LOOP('',(#558,#559,#560,#561));
#8224=EDGE_LOOP('',(#562,#563,#564,#565));
#8225=EDGE_LOOP('',(#566,#567,#568,#569));
#8226=EDGE_LOOP('',(#570,#571,#572,#573));
#8227=EDGE_LOOP('',(#574,#575,#576,#577));
#8228=EDGE_LOOP('',(#578,#579,#580,#581,#582,#583,#584,#585,#586,#587,#588,
#589,#590,#591,#592,#593,#594,#595,#596,#597,#598,#599,#600,#601,#602,#603,
#604,#605,#606,#607,#608,#609,#610,#611,#612,#613,#614,#615,#616,#617,#618,
#619,#620,#621,#622,#623,#624,#625,#626,#627,#628,#629,#630,#631,#632,#633,
#634,#635,#636,#637,#638,#639,#640,#641,#642,#643,#644,#645,#646,#647,#648,
#649,#650,#651,#652,#653,#654,#655,#656,#657,#658,#659,#660,#661,#662,#663,
#664,#665,#666,#667,#668,#669,#670,#671,#672,#673));
#8229=EDGE_LOOP('',(#674,#675,#676,#677));
#8230=EDGE_LOOP('',(#678,#679,#680,#681));
#8231=EDGE_LOOP('',(#682,#683,#684,#685));
#8232=EDGE_LOOP('',(#686,#687,#688,#689));
#8233=EDGE_LOOP('',(#690,#691,#692,#693));
#8234=EDGE_LOOP('',(#694,#695,#696,#697));
#8235=EDGE_LOOP('',(#698,#699,#700,#701));
#8236=EDGE_LOOP('',(#702,#703,#704,#705));
#8237=EDGE_LOOP('',(#706,#707,#708,#709));
#8238=EDGE_LOOP('',(#710,#711,#712,#713));
#8239=EDGE_LOOP('',(#714,#715,#716,#717));
#8240=EDGE_LOOP('',(#718,#719,#720,#721));
#8241=EDGE_LOOP('',(#722,#723,#724,#725));
#8242=EDGE_LOOP('',(#726,#727,#728,#729));
#8243=EDGE_LOOP('',(#730,#731,#732,#733));
#8244=EDGE_LOOP('',(#734,#735,#736,#737));
#8245=EDGE_LOOP('',(#738,#739,#740,#741));
#8246=EDGE_LOOP('',(#742,#743,#744,#745));
#8247=EDGE_LOOP('',(#746,#747,#748,#749,#750,#751));
#8248=EDGE_LOOP('',(#752,#753,#754,#755,#756,#757));
#8249=EDGE_LOOP('',(#758,#759,#760,#761,#762));
#8250=EDGE_LOOP('',(#763,#764,#765,#766,#767));
#8251=EDGE_LOOP('',(#768,#769,#770,#771,#772,#773,#774,#775,#776,#777,#778,
#779,#780,#781,#782,#783,#784,#785,#786,#787,#788,#789,#790,#791,#792,#793,
#794,#795,#796,#797,#798,#799,#800,#801,#802,#803,#804,#805,#806,#807,#808,
#809,#810,#811,#812,#813,#814,#815,#816,#817,#818,#819,#820,#821,#822,#823,
#824,#825,#826,#827,#828,#829,#830,#831,#832,#833,#834,#835,#836,#837,#838,
#839,#840,#841,#842,#843,#844,#845,#846,#847,#848,#849,#850,#851));
#8252=EDGE_LOOP('',(#852,#853,#854,#855,#856,#857,#858,#859));
#8253=EDGE_LOOP('',(#860));
#8254=EDGE_LOOP('',(#861,#862,#863,#864,#865,#866,#867,#868));
#8255=EDGE_LOOP('',(#869,#870,#871,#872,#873,#874));
#8256=EDGE_LOOP('',(#875,#876,#877,#878));
#8257=EDGE_LOOP('',(#879,#880,#881,#882,#883,#884,#885));
#8258=EDGE_LOOP('',(#886,#887,#888,#889,#890,#891,#892));
#8259=EDGE_LOOP('',(#893,#894,#895,#896));
#8260=EDGE_LOOP('',(#897,#898,#899,#900,#901,#902));
#8261=EDGE_LOOP('',(#903,#904,#905,#906));
#8262=EDGE_LOOP('',(#907,#908,#909,#910));
#8263=EDGE_LOOP('',(#911,#912,#913,#914,#915,#916,#917,#918));
#8264=EDGE_LOOP('',(#919,#920,#921,#922));
#8265=EDGE_LOOP('',(#923,#924,#925,#926));
#8266=EDGE_LOOP('',(#927,#928,#929,#930));
#8267=EDGE_LOOP('',(#931,#932,#933,#934));
#8268=EDGE_LOOP('',(#935,#936,#937,#938));
#8269=EDGE_LOOP('',(#939));
#8270=EDGE_LOOP('',(#940));
#8271=EDGE_LOOP('',(#941));
#8272=EDGE_LOOP('',(#942));
#8273=EDGE_LOOP('',(#943,#944,#945,#946));
#8274=EDGE_LOOP('',(#947,#948,#949,#950));
#8275=EDGE_LOOP('',(#951,#952,#953,#954));
#8276=EDGE_LOOP('',(#955,#956,#957,#958));
#8277=EDGE_LOOP('',(#959,#960,#961,#962));
#8278=EDGE_LOOP('',(#963,#964,#965,#966));
#8279=EDGE_LOOP('',(#967,#968,#969,#970));
#8280=EDGE_LOOP('',(#971,#972,#973,#974));
#8281=EDGE_LOOP('',(#975,#976,#977,#978));
#8282=EDGE_LOOP('',(#979,#980,#981,#982));
#8283=EDGE_LOOP('',(#983,#984,#985,#986));
#8284=EDGE_LOOP('',(#987,#988,#989,#990));
#8285=EDGE_LOOP('',(#991,#992,#993,#994));
#8286=EDGE_LOOP('',(#995,#996,#997,#998));
#8287=EDGE_LOOP('',(#999,#1000,#1001,#1002));
#8288=EDGE_LOOP('',(#1003,#1004,#1005,#1006));
#8289=EDGE_LOOP('',(#1007,#1008,#1009,#1010));
#8290=EDGE_LOOP('',(#1011,#1012,#1013,#1014));
#8291=EDGE_LOOP('',(#1015,#1016,#1017,#1018));
#8292=EDGE_LOOP('',(#1019,#1020,#1021,#1022));
#8293=EDGE_LOOP('',(#1023,#1024,#1025,#1026));
#8294=EDGE_LOOP('',(#1027,#1028,#1029,#1030));
#8295=EDGE_LOOP('',(#1031,#1032,#1033,#1034));
#8296=EDGE_LOOP('',(#1035,#1036,#1037,#1038));
#8297=EDGE_LOOP('',(#1039,#1040,#1041,#1042));
#8298=EDGE_LOOP('',(#1043,#1044,#1045,#1046));
#8299=EDGE_LOOP('',(#1047,#1048,#1049,#1050));
#8300=EDGE_LOOP('',(#1051,#1052,#1053,#1054));
#8301=EDGE_LOOP('',(#1055,#1056,#1057,#1058));
#8302=EDGE_LOOP('',(#1059,#1060,#1061,#1062));
#8303=EDGE_LOOP('',(#1063,#1064,#1065,#1066));
#8304=EDGE_LOOP('',(#1067,#1068,#1069,#1070));
#8305=EDGE_LOOP('',(#1071,#1072,#1073,#1074));
#8306=EDGE_LOOP('',(#1075,#1076,#1077,#1078));
#8307=EDGE_LOOP('',(#1079,#1080,#1081,#1082));
#8308=EDGE_LOOP('',(#1083,#1084,#1085,#1086));
#8309=EDGE_LOOP('',(#1087,#1088,#1089,#1090));
#8310=EDGE_LOOP('',(#1091,#1092,#1093,#1094));
#8311=EDGE_LOOP('',(#1095,#1096,#1097,#1098));
#8312=EDGE_LOOP('',(#1099,#1100,#1101,#1102));
#8313=EDGE_LOOP('',(#1103,#1104,#1105,#1106));
#8314=EDGE_LOOP('',(#1107,#1108,#1109,#1110));
#8315=EDGE_LOOP('',(#1111,#1112,#1113,#1114));
#8316=EDGE_LOOP('',(#1115,#1116,#1117,#1118));
#8317=EDGE_LOOP('',(#1119,#1120,#1121,#1122));
#8318=EDGE_LOOP('',(#1123,#1124,#1125,#1126));
#8319=EDGE_LOOP('',(#1127,#1128,#1129,#1130));
#8320=EDGE_LOOP('',(#1131,#1132,#1133,#1134));
#8321=EDGE_LOOP('',(#1135,#1136,#1137,#1138));
#8322=EDGE_LOOP('',(#1139,#1140,#1141,#1142));
#8323=EDGE_LOOP('',(#1143,#1144,#1145,#1146));
#8324=EDGE_LOOP('',(#1147,#1148,#1149,#1150,#1151));
#8325=EDGE_LOOP('',(#1152,#1153,#1154,#1155));
#8326=EDGE_LOOP('',(#1156,#1157,#1158,#1159));
#8327=EDGE_LOOP('',(#1160,#1161,#1162,#1163));
#8328=EDGE_LOOP('',(#1164,#1165,#1166,#1167));
#8329=EDGE_LOOP('',(#1168,#1169,#1170,#1171));
#8330=EDGE_LOOP('',(#1172,#1173,#1174,#1175,#1176));
#8331=EDGE_LOOP('',(#1177,#1178,#1179,#1180));
#8332=EDGE_LOOP('',(#1181,#1182,#1183,#1184));
#8333=EDGE_LOOP('',(#1185,#1186,#1187,#1188));
#8334=EDGE_LOOP('',(#1189,#1190,#1191,#1192));
#8335=EDGE_LOOP('',(#1193,#1194,#1195,#1196));
#8336=EDGE_LOOP('',(#1197,#1198,#1199,#1200));
#8337=EDGE_LOOP('',(#1201,#1202,#1203,#1204,#1205,#1206));
#8338=EDGE_LOOP('',(#1207,#1208,#1209,#1210));
#8339=EDGE_LOOP('',(#1211,#1212,#1213,#1214));
#8340=EDGE_LOOP('',(#1215,#1216,#1217,#1218));
#8341=EDGE_LOOP('',(#1219,#1220,#1221,#1222));
#8342=EDGE_LOOP('',(#1223,#1224,#1225,#1226));
#8343=EDGE_LOOP('',(#1227,#1228,#1229,#1230));
#8344=EDGE_LOOP('',(#1231,#1232,#1233,#1234,#1235,#1236));
#8345=EDGE_LOOP('',(#1237,#1238,#1239,#1240));
#8346=EDGE_LOOP('',(#1241,#1242,#1243,#1244));
#8347=EDGE_LOOP('',(#1245,#1246,#1247,#1248));
#8348=EDGE_LOOP('',(#1249,#1250,#1251,#1252));
#8349=EDGE_LOOP('',(#1253,#1254,#1255,#1256));
#8350=EDGE_LOOP('',(#1257,#1258,#1259,#1260));
#8351=EDGE_LOOP('',(#1261,#1262,#1263,#1264));
#8352=EDGE_LOOP('',(#1265,#1266,#1267,#1268));
#8353=EDGE_LOOP('',(#1269,#1270,#1271,#1272));
#8354=EDGE_LOOP('',(#1273,#1274,#1275,#1276));
#8355=EDGE_LOOP('',(#1277,#1278,#1279,#1280));
#8356=EDGE_LOOP('',(#1281,#1282,#1283,#1284));
#8357=EDGE_LOOP('',(#1285,#1286,#1287,#1288));
#8358=EDGE_LOOP('',(#1289,#1290,#1291,#1292));
#8359=EDGE_LOOP('',(#1293,#1294,#1295,#1296));
#8360=EDGE_LOOP('',(#1297,#1298,#1299,#1300));
#8361=EDGE_LOOP('',(#1301,#1302,#1303,#1304));
#8362=EDGE_LOOP('',(#1305,#1306,#1307,#1308));
#8363=EDGE_LOOP('',(#1309,#1310,#1311,#1312));
#8364=EDGE_LOOP('',(#1313,#1314,#1315,#1316));
#8365=EDGE_LOOP('',(#1317,#1318,#1319,#1320));
#8366=EDGE_LOOP('',(#1321,#1322,#1323,#1324));
#8367=EDGE_LOOP('',(#1325,#1326,#1327,#1328));
#8368=EDGE_LOOP('',(#1329,#1330,#1331,#1332));
#8369=EDGE_LOOP('',(#1333,#1334,#1335,#1336));
#8370=EDGE_LOOP('',(#1337,#1338,#1339,#1340));
#8371=EDGE_LOOP('',(#1341,#1342,#1343,#1344));
#8372=EDGE_LOOP('',(#1345,#1346,#1347,#1348));
#8373=EDGE_LOOP('',(#1349,#1350,#1351,#1352));
#8374=EDGE_LOOP('',(#1353,#1354,#1355,#1356));
#8375=EDGE_LOOP('',(#1357,#1358,#1359,#1360));
#8376=EDGE_LOOP('',(#1361,#1362,#1363,#1364));
#8377=EDGE_LOOP('',(#1365,#1366,#1367,#1368));
#8378=EDGE_LOOP('',(#1369,#1370,#1371,#1372));
#8379=EDGE_LOOP('',(#1373,#1374,#1375,#1376));
#8380=EDGE_LOOP('',(#1377,#1378,#1379,#1380));
#8381=EDGE_LOOP('',(#1381,#1382,#1383,#1384));
#8382=EDGE_LOOP('',(#1385,#1386,#1387,#1388));
#8383=EDGE_LOOP('',(#1389,#1390,#1391,#1392));
#8384=EDGE_LOOP('',(#1393,#1394,#1395,#1396));
#8385=EDGE_LOOP('',(#1397,#1398,#1399,#1400));
#8386=EDGE_LOOP('',(#1401,#1402,#1403,#1404));
#8387=EDGE_LOOP('',(#1405,#1406,#1407,#1408));
#8388=EDGE_LOOP('',(#1409,#1410,#1411,#1412));
#8389=EDGE_LOOP('',(#1413,#1414,#1415,#1416));
#8390=EDGE_LOOP('',(#1417,#1418,#1419,#1420));
#8391=EDGE_LOOP('',(#1421,#1422,#1423,#1424));
#8392=EDGE_LOOP('',(#1425,#1426,#1427,#1428));
#8393=EDGE_LOOP('',(#1429,#1430,#1431,#1432));
#8394=EDGE_LOOP('',(#1433,#1434,#1435,#1436));
#8395=EDGE_LOOP('',(#1437,#1438,#1439,#1440));
#8396=EDGE_LOOP('',(#1441,#1442,#1443,#1444));
#8397=EDGE_LOOP('',(#1445,#1446,#1447,#1448));
#8398=EDGE_LOOP('',(#1449,#1450,#1451,#1452));
#8399=EDGE_LOOP('',(#1453,#1454,#1455,#1456));
#8400=EDGE_LOOP('',(#1457,#1458,#1459,#1460));
#8401=EDGE_LOOP('',(#1461,#1462,#1463,#1464));
#8402=EDGE_LOOP('',(#1465,#1466,#1467,#1468));
#8403=EDGE_LOOP('',(#1469,#1470,#1471,#1472));
#8404=EDGE_LOOP('',(#1473,#1474,#1475,#1476));
#8405=EDGE_LOOP('',(#1477,#1478,#1479,#1480));
#8406=EDGE_LOOP('',(#1481,#1482,#1483,#1484));
#8407=EDGE_LOOP('',(#1485,#1486,#1487,#1488));
#8408=EDGE_LOOP('',(#1489,#1490,#1491,#1492));
#8409=EDGE_LOOP('',(#1493,#1494,#1495,#1496));
#8410=EDGE_LOOP('',(#1497,#1498,#1499,#1500));
#8411=EDGE_LOOP('',(#1501,#1502,#1503,#1504));
#8412=EDGE_LOOP('',(#1505,#1506,#1507,#1508));
#8413=EDGE_LOOP('',(#1509,#1510,#1511,#1512));
#8414=EDGE_LOOP('',(#1513,#1514,#1515,#1516));
#8415=EDGE_LOOP('',(#1517,#1518,#1519,#1520));
#8416=EDGE_LOOP('',(#1521,#1522,#1523,#1524));
#8417=EDGE_LOOP('',(#1525,#1526,#1527,#1528));
#8418=EDGE_LOOP('',(#1529,#1530,#1531,#1532));
#8419=EDGE_LOOP('',(#1533,#1534,#1535,#1536));
#8420=EDGE_LOOP('',(#1537,#1538,#1539,#1540));
#8421=EDGE_LOOP('',(#1541,#1542,#1543,#1544));
#8422=EDGE_LOOP('',(#1545,#1546,#1547,#1548));
#8423=EDGE_LOOP('',(#1549,#1550,#1551,#1552));
#8424=EDGE_LOOP('',(#1553,#1554,#1555,#1556));
#8425=EDGE_LOOP('',(#1557,#1558,#1559,#1560));
#8426=EDGE_LOOP('',(#1561,#1562,#1563,#1564));
#8427=EDGE_LOOP('',(#1565,#1566,#1567,#1568));
#8428=EDGE_LOOP('',(#1569,#1570,#1571,#1572));
#8429=EDGE_LOOP('',(#1573,#1574,#1575,#1576));
#8430=EDGE_LOOP('',(#1577,#1578,#1579,#1580));
#8431=EDGE_LOOP('',(#1581,#1582,#1583,#1584));
#8432=EDGE_LOOP('',(#1585,#1586,#1587,#1588));
#8433=EDGE_LOOP('',(#1589,#1590,#1591,#1592));
#8434=EDGE_LOOP('',(#1593,#1594,#1595,#1596));
#8435=EDGE_LOOP('',(#1597,#1598,#1599,#1600));
#8436=EDGE_LOOP('',(#1601,#1602,#1603,#1604));
#8437=EDGE_LOOP('',(#1605,#1606,#1607,#1608));
#8438=EDGE_LOOP('',(#1609,#1610,#1611,#1612));
#8439=EDGE_LOOP('',(#1613,#1614,#1615,#1616));
#8440=EDGE_LOOP('',(#1617,#1618,#1619,#1620));
#8441=EDGE_LOOP('',(#1621,#1622,#1623,#1624));
#8442=EDGE_LOOP('',(#1625,#1626,#1627,#1628));
#8443=EDGE_LOOP('',(#1629,#1630,#1631,#1632));
#8444=EDGE_LOOP('',(#1633,#1634,#1635,#1636));
#8445=EDGE_LOOP('',(#1637,#1638,#1639,#1640));
#8446=EDGE_LOOP('',(#1641,#1642,#1643,#1644));
#8447=EDGE_LOOP('',(#1645,#1646,#1647,#1648));
#8448=EDGE_LOOP('',(#1649,#1650,#1651,#1652));
#8449=EDGE_LOOP('',(#1653,#1654,#1655,#1656));
#8450=EDGE_LOOP('',(#1657,#1658,#1659,#1660));
#8451=EDGE_LOOP('',(#1661,#1662,#1663,#1664));
#8452=EDGE_LOOP('',(#1665,#1666,#1667,#1668));
#8453=EDGE_LOOP('',(#1669,#1670,#1671,#1672));
#8454=EDGE_LOOP('',(#1673,#1674,#1675,#1676));
#8455=EDGE_LOOP('',(#1677,#1678,#1679,#1680));
#8456=EDGE_LOOP('',(#1681,#1682,#1683,#1684));
#8457=EDGE_LOOP('',(#1685,#1686,#1687,#1688));
#8458=EDGE_LOOP('',(#1689,#1690,#1691,#1692));
#8459=EDGE_LOOP('',(#1693,#1694,#1695,#1696));
#8460=EDGE_LOOP('',(#1697,#1698,#1699,#1700));
#8461=EDGE_LOOP('',(#1701,#1702,#1703,#1704));
#8462=EDGE_LOOP('',(#1705,#1706,#1707,#1708));
#8463=EDGE_LOOP('',(#1709,#1710,#1711,#1712));
#8464=EDGE_LOOP('',(#1713,#1714,#1715,#1716));
#8465=EDGE_LOOP('',(#1717,#1718,#1719,#1720));
#8466=EDGE_LOOP('',(#1721,#1722,#1723,#1724));
#8467=EDGE_LOOP('',(#1725,#1726,#1727,#1728));
#8468=EDGE_LOOP('',(#1729,#1730,#1731,#1732));
#8469=EDGE_LOOP('',(#1733,#1734,#1735,#1736));
#8470=EDGE_LOOP('',(#1737,#1738,#1739,#1740));
#8471=EDGE_LOOP('',(#1741,#1742,#1743,#1744));
#8472=EDGE_LOOP('',(#1745,#1746,#1747,#1748));
#8473=EDGE_LOOP('',(#1749,#1750,#1751,#1752));
#8474=EDGE_LOOP('',(#1753,#1754,#1755,#1756));
#8475=EDGE_LOOP('',(#1757,#1758,#1759,#1760));
#8476=EDGE_LOOP('',(#1761,#1762,#1763,#1764));
#8477=EDGE_LOOP('',(#1765,#1766,#1767,#1768));
#8478=EDGE_LOOP('',(#1769,#1770,#1771,#1772));
#8479=EDGE_LOOP('',(#1773,#1774,#1775,#1776));
#8480=EDGE_LOOP('',(#1777,#1778,#1779,#1780));
#8481=EDGE_LOOP('',(#1781,#1782,#1783,#1784));
#8482=EDGE_LOOP('',(#1785,#1786,#1787,#1788));
#8483=EDGE_LOOP('',(#1789,#1790,#1791,#1792));
#8484=EDGE_LOOP('',(#1793,#1794,#1795,#1796));
#8485=EDGE_LOOP('',(#1797,#1798,#1799,#1800));
#8486=EDGE_LOOP('',(#1801,#1802,#1803,#1804));
#8487=EDGE_LOOP('',(#1805,#1806,#1807,#1808));
#8488=EDGE_LOOP('',(#1809,#1810,#1811,#1812));
#8489=EDGE_LOOP('',(#1813,#1814,#1815,#1816));
#8490=EDGE_LOOP('',(#1817,#1818,#1819,#1820));
#8491=EDGE_LOOP('',(#1821,#1822,#1823,#1824));
#8492=EDGE_LOOP('',(#1825,#1826,#1827,#1828));
#8493=EDGE_LOOP('',(#1829,#1830,#1831,#1832));
#8494=EDGE_LOOP('',(#1833,#1834,#1835,#1836));
#8495=EDGE_LOOP('',(#1837,#1838,#1839,#1840));
#8496=EDGE_LOOP('',(#1841,#1842,#1843,#1844));
#8497=EDGE_LOOP('',(#1845,#1846,#1847,#1848));
#8498=EDGE_LOOP('',(#1849,#1850,#1851,#1852));
#8499=EDGE_LOOP('',(#1853,#1854,#1855,#1856));
#8500=EDGE_LOOP('',(#1857,#1858,#1859,#1860));
#8501=EDGE_LOOP('',(#1861,#1862,#1863,#1864));
#8502=EDGE_LOOP('',(#1865,#1866,#1867,#1868));
#8503=EDGE_LOOP('',(#1869,#1870,#1871,#1872));
#8504=EDGE_LOOP('',(#1873,#1874,#1875,#1876));
#8505=EDGE_LOOP('',(#1877,#1878,#1879,#1880));
#8506=EDGE_LOOP('',(#1881,#1882,#1883,#1884));
#8507=EDGE_LOOP('',(#1885,#1886,#1887,#1888));
#8508=EDGE_LOOP('',(#1889,#1890,#1891,#1892));
#8509=EDGE_LOOP('',(#1893,#1894,#1895,#1896));
#8510=EDGE_LOOP('',(#1897,#1898,#1899,#1900));
#8511=EDGE_LOOP('',(#1901,#1902,#1903,#1904));
#8512=EDGE_LOOP('',(#1905,#1906,#1907,#1908));
#8513=EDGE_LOOP('',(#1909,#1910,#1911,#1912));
#8514=EDGE_LOOP('',(#1913,#1914,#1915,#1916));
#8515=EDGE_LOOP('',(#1917,#1918,#1919,#1920));
#8516=EDGE_LOOP('',(#1921,#1922,#1923,#1924));
#8517=EDGE_LOOP('',(#1925,#1926,#1927,#1928));
#8518=EDGE_LOOP('',(#1929,#1930,#1931,#1932));
#8519=EDGE_LOOP('',(#1933,#1934,#1935,#1936));
#8520=EDGE_LOOP('',(#1937,#1938,#1939,#1940));
#8521=EDGE_LOOP('',(#1941,#1942,#1943,#1944));
#8522=EDGE_LOOP('',(#1945,#1946,#1947,#1948));
#8523=EDGE_LOOP('',(#1949,#1950,#1951,#1952));
#8524=EDGE_LOOP('',(#1953,#1954,#1955,#1956));
#8525=EDGE_LOOP('',(#1957,#1958,#1959,#1960));
#8526=EDGE_LOOP('',(#1961,#1962,#1963,#1964));
#8527=EDGE_LOOP('',(#1965,#1966,#1967,#1968));
#8528=EDGE_LOOP('',(#1969,#1970,#1971,#1972));
#8529=EDGE_LOOP('',(#1973,#1974,#1975,#1976));
#8530=EDGE_LOOP('',(#1977,#1978,#1979,#1980));
#8531=EDGE_LOOP('',(#1981,#1982,#1983,#1984));
#8532=EDGE_LOOP('',(#1985,#1986,#1987,#1988));
#8533=EDGE_LOOP('',(#1989,#1990,#1991,#1992));
#8534=EDGE_LOOP('',(#1993,#1994,#1995,#1996));
#8535=EDGE_LOOP('',(#1997,#1998,#1999,#2000));
#8536=EDGE_LOOP('',(#2001,#2002,#2003,#2004));
#8537=EDGE_LOOP('',(#2005,#2006,#2007,#2008));
#8538=EDGE_LOOP('',(#2009,#2010,#2011,#2012));
#8539=EDGE_LOOP('',(#2013,#2014,#2015,#2016));
#8540=EDGE_LOOP('',(#2017,#2018,#2019,#2020));
#8541=EDGE_LOOP('',(#2021,#2022,#2023,#2024));
#8542=EDGE_LOOP('',(#2025,#2026,#2027,#2028));
#8543=EDGE_LOOP('',(#2029,#2030,#2031,#2032));
#8544=EDGE_LOOP('',(#2033,#2034,#2035,#2036));
#8545=EDGE_LOOP('',(#2037,#2038,#2039,#2040));
#8546=EDGE_LOOP('',(#2041,#2042,#2043,#2044));
#8547=EDGE_LOOP('',(#2045,#2046,#2047,#2048));
#8548=EDGE_LOOP('',(#2049,#2050,#2051,#2052));
#8549=EDGE_LOOP('',(#2053,#2054,#2055,#2056));
#8550=EDGE_LOOP('',(#2057,#2058,#2059,#2060));
#8551=EDGE_LOOP('',(#2061,#2062,#2063,#2064));
#8552=EDGE_LOOP('',(#2065,#2066,#2067,#2068));
#8553=EDGE_LOOP('',(#2069,#2070,#2071,#2072));
#8554=EDGE_LOOP('',(#2073,#2074,#2075,#2076));
#8555=EDGE_LOOP('',(#2077,#2078,#2079,#2080));
#8556=EDGE_LOOP('',(#2081,#2082,#2083,#2084));
#8557=EDGE_LOOP('',(#2085,#2086,#2087,#2088));
#8558=EDGE_LOOP('',(#2089,#2090,#2091,#2092));
#8559=EDGE_LOOP('',(#2093,#2094,#2095,#2096));
#8560=EDGE_LOOP('',(#2097,#2098,#2099,#2100));
#8561=EDGE_LOOP('',(#2101,#2102,#2103,#2104));
#8562=EDGE_LOOP('',(#2105,#2106,#2107,#2108));
#8563=EDGE_LOOP('',(#2109,#2110,#2111,#2112));
#8564=EDGE_LOOP('',(#2113,#2114,#2115,#2116));
#8565=EDGE_LOOP('',(#2117,#2118,#2119,#2120));
#8566=EDGE_LOOP('',(#2121,#2122,#2123,#2124));
#8567=EDGE_LOOP('',(#2125,#2126,#2127,#2128));
#8568=EDGE_LOOP('',(#2129,#2130,#2131,#2132));
#8569=EDGE_LOOP('',(#2133,#2134,#2135,#2136));
#8570=EDGE_LOOP('',(#2137,#2138,#2139,#2140));
#8571=EDGE_LOOP('',(#2141,#2142,#2143,#2144));
#8572=EDGE_LOOP('',(#2145,#2146,#2147,#2148));
#8573=EDGE_LOOP('',(#2149,#2150,#2151,#2152));
#8574=EDGE_LOOP('',(#2153,#2154,#2155,#2156));
#8575=EDGE_LOOP('',(#2157,#2158,#2159,#2160));
#8576=EDGE_LOOP('',(#2161,#2162,#2163,#2164));
#8577=EDGE_LOOP('',(#2165,#2166,#2167,#2168));
#8578=EDGE_LOOP('',(#2169,#2170,#2171,#2172));
#8579=EDGE_LOOP('',(#2173,#2174,#2175,#2176));
#8580=EDGE_LOOP('',(#2177,#2178,#2179,#2180));
#8581=EDGE_LOOP('',(#2181,#2182,#2183,#2184));
#8582=EDGE_LOOP('',(#2185,#2186,#2187,#2188));
#8583=EDGE_LOOP('',(#2189,#2190,#2191,#2192));
#8584=EDGE_LOOP('',(#2193,#2194,#2195,#2196));
#8585=EDGE_LOOP('',(#2197,#2198,#2199,#2200));
#8586=EDGE_LOOP('',(#2201,#2202,#2203,#2204));
#8587=EDGE_LOOP('',(#2205,#2206,#2207,#2208));
#8588=EDGE_LOOP('',(#2209,#2210,#2211,#2212));
#8589=EDGE_LOOP('',(#2213,#2214,#2215,#2216));
#8590=EDGE_LOOP('',(#2217,#2218,#2219,#2220,#2221,#2222,#2223,#2224));
#8591=EDGE_LOOP('',(#2225,#2226,#2227,#2228,#2229,#2230,#2231,#2232));
#8592=EDGE_LOOP('',(#2233,#2234,#2235,#2236,#2237,#2238,#2239,#2240));
#8593=EDGE_LOOP('',(#2241,#2242,#2243,#2244,#2245,#2246,#2247,#2248));
#8594=EDGE_LOOP('',(#2249,#2250,#2251,#2252,#2253,#2254,#2255,#2256));
#8595=EDGE_LOOP('',(#2257,#2258,#2259,#2260,#2261,#2262,#2263,#2264));
#8596=EDGE_LOOP('',(#2265,#2266,#2267,#2268,#2269,#2270,#2271,#2272));
#8597=EDGE_LOOP('',(#2273,#2274,#2275,#2276,#2277,#2278,#2279,#2280));
#8598=EDGE_LOOP('',(#2281,#2282,#2283,#2284,#2285,#2286,#2287,#2288));
#8599=EDGE_LOOP('',(#2289,#2290,#2291,#2292,#2293,#2294,#2295,#2296));
#8600=EDGE_LOOP('',(#2297,#2298,#2299,#2300,#2301,#2302,#2303,#2304));
#8601=EDGE_LOOP('',(#2305,#2306,#2307,#2308,#2309,#2310,#2311,#2312));
#8602=EDGE_LOOP('',(#2313,#2314,#2315,#2316,#2317,#2318,#2319,#2320));
#8603=EDGE_LOOP('',(#2321,#2322,#2323,#2324,#2325,#2326,#2327,#2328));
#8604=EDGE_LOOP('',(#2329,#2330,#2331,#2332,#2333,#2334,#2335,#2336));
#8605=EDGE_LOOP('',(#2337,#2338,#2339,#2340,#2341,#2342,#2343,#2344));
#8606=EDGE_LOOP('',(#2345,#2346,#2347,#2348,#2349,#2350,#2351,#2352));
#8607=EDGE_LOOP('',(#2353,#2354,#2355,#2356,#2357,#2358,#2359,#2360));
#8608=EDGE_LOOP('',(#2361,#2362,#2363,#2364,#2365,#2366,#2367,#2368));
#8609=EDGE_LOOP('',(#2369,#2370,#2371,#2372,#2373,#2374,#2375,#2376));
#8610=EDGE_LOOP('',(#2377,#2378,#2379,#2380,#2381,#2382,#2383,#2384));
#8611=EDGE_LOOP('',(#2385,#2386,#2387,#2388,#2389,#2390,#2391,#2392));
#8612=EDGE_LOOP('',(#2393,#2394,#2395,#2396,#2397,#2398,#2399,#2400));
#8613=EDGE_LOOP('',(#2401,#2402,#2403,#2404,#2405,#2406,#2407,#2408));
#8614=EDGE_LOOP('',(#2409,#2410,#2411,#2412,#2413,#2414,#2415,#2416));
#8615=EDGE_LOOP('',(#2417,#2418,#2419,#2420,#2421,#2422,#2423,#2424));
#8616=EDGE_LOOP('',(#2425,#2426,#2427,#2428,#2429,#2430,#2431,#2432));
#8617=EDGE_LOOP('',(#2433,#2434,#2435,#2436,#2437,#2438,#2439,#2440));
#8618=EDGE_LOOP('',(#2441,#2442,#2443,#2444,#2445,#2446,#2447,#2448));
#8619=EDGE_LOOP('',(#2449,#2450,#2451,#2452,#2453,#2454,#2455,#2456));
#8620=EDGE_LOOP('',(#2457,#2458,#2459,#2460,#2461,#2462,#2463,#2464));
#8621=EDGE_LOOP('',(#2465,#2466,#2467,#2468,#2469,#2470,#2471,#2472));
#8622=EDGE_LOOP('',(#2473,#2474,#2475,#2476,#2477,#2478,#2479,#2480));
#8623=EDGE_LOOP('',(#2481,#2482,#2483,#2484,#2485,#2486,#2487,#2488));
#8624=EDGE_LOOP('',(#2489,#2490,#2491,#2492,#2493,#2494,#2495,#2496));
#8625=EDGE_LOOP('',(#2497,#2498,#2499,#2500,#2501,#2502,#2503,#2504));
#8626=EDGE_LOOP('',(#2505,#2506,#2507,#2508,#2509,#2510,#2511,#2512));
#8627=EDGE_LOOP('',(#2513,#2514,#2515,#2516,#2517,#2518,#2519,#2520));
#8628=EDGE_LOOP('',(#2521,#2522,#2523,#2524,#2525,#2526,#2527,#2528));
#8629=EDGE_LOOP('',(#2529,#2530,#2531,#2532,#2533,#2534,#2535,#2536));
#8630=EDGE_LOOP('',(#2537,#2538,#2539,#2540));
#8631=EDGE_LOOP('',(#2541,#2542,#2543,#2544));
#8632=EDGE_LOOP('',(#2545,#2546,#2547,#2548));
#8633=EDGE_LOOP('',(#2549,#2550,#2551,#2552));
#8634=EDGE_LOOP('',(#2553,#2554,#2555,#2556));
#8635=EDGE_LOOP('',(#2557,#2558,#2559,#2560));
#8636=EDGE_LOOP('',(#2561,#2562,#2563,#2564));
#8637=EDGE_LOOP('',(#2565,#2566,#2567,#2568));
#8638=EDGE_LOOP('',(#2569,#2570,#2571,#2572));
#8639=EDGE_LOOP('',(#2573,#2574,#2575,#2576));
#8640=EDGE_LOOP('',(#2577,#2578,#2579,#2580));
#8641=EDGE_LOOP('',(#2581,#2582,#2583,#2584));
#8642=EDGE_LOOP('',(#2585,#2586,#2587,#2588));
#8643=EDGE_LOOP('',(#2589,#2590,#2591,#2592));
#8644=EDGE_LOOP('',(#2593,#2594,#2595,#2596));
#8645=EDGE_LOOP('',(#2597,#2598,#2599,#2600));
#8646=EDGE_LOOP('',(#2601,#2602,#2603,#2604));
#8647=EDGE_LOOP('',(#2605,#2606,#2607,#2608));
#8648=EDGE_LOOP('',(#2609,#2610,#2611,#2612));
#8649=EDGE_LOOP('',(#2613,#2614,#2615,#2616));
#8650=EDGE_LOOP('',(#2617,#2618,#2619,#2620));
#8651=EDGE_LOOP('',(#2621,#2622,#2623,#2624));
#8652=EDGE_LOOP('',(#2625,#2626,#2627,#2628));
#8653=EDGE_LOOP('',(#2629,#2630,#2631,#2632));
#8654=EDGE_LOOP('',(#2633,#2634,#2635,#2636));
#8655=EDGE_LOOP('',(#2637,#2638,#2639,#2640));
#8656=EDGE_LOOP('',(#2641,#2642,#2643,#2644));
#8657=EDGE_LOOP('',(#2645,#2646,#2647,#2648));
#8658=EDGE_LOOP('',(#2649,#2650,#2651,#2652));
#8659=EDGE_LOOP('',(#2653,#2654,#2655,#2656));
#8660=EDGE_LOOP('',(#2657,#2658,#2659,#2660));
#8661=EDGE_LOOP('',(#2661,#2662,#2663,#2664));
#8662=EDGE_LOOP('',(#2665,#2666,#2667,#2668));
#8663=EDGE_LOOP('',(#2669,#2670,#2671,#2672));
#8664=EDGE_LOOP('',(#2673,#2674,#2675,#2676));
#8665=EDGE_LOOP('',(#2677,#2678,#2679,#2680));
#8666=EDGE_LOOP('',(#2681,#2682,#2683,#2684));
#8667=EDGE_LOOP('',(#2685,#2686,#2687,#2688));
#8668=EDGE_LOOP('',(#2689,#2690,#2691,#2692));
#8669=EDGE_LOOP('',(#2693,#2694,#2695,#2696));
#8670=EDGE_LOOP('',(#2697,#2698,#2699,#2700));
#8671=EDGE_LOOP('',(#2701,#2702,#2703,#2704));
#8672=EDGE_LOOP('',(#2705,#2706,#2707,#2708));
#8673=EDGE_LOOP('',(#2709,#2710,#2711,#2712));
#8674=EDGE_LOOP('',(#2713,#2714,#2715,#2716));
#8675=EDGE_LOOP('',(#2717,#2718,#2719,#2720));
#8676=EDGE_LOOP('',(#2721,#2722,#2723,#2724));
#8677=EDGE_LOOP('',(#2725,#2726,#2727,#2728));
#8678=EDGE_LOOP('',(#2729,#2730,#2731,#2732));
#8679=EDGE_LOOP('',(#2733,#2734,#2735,#2736));
#8680=EDGE_LOOP('',(#2737,#2738,#2739,#2740));
#8681=EDGE_LOOP('',(#2741,#2742,#2743,#2744));
#8682=EDGE_LOOP('',(#2745,#2746,#2747,#2748));
#8683=EDGE_LOOP('',(#2749,#2750,#2751,#2752));
#8684=EDGE_LOOP('',(#2753,#2754,#2755,#2756));
#8685=EDGE_LOOP('',(#2757,#2758,#2759,#2760));
#8686=EDGE_LOOP('',(#2761,#2762,#2763,#2764));
#8687=EDGE_LOOP('',(#2765,#2766,#2767,#2768));
#8688=EDGE_LOOP('',(#2769,#2770,#2771,#2772));
#8689=EDGE_LOOP('',(#2773,#2774,#2775,#2776));
#8690=EDGE_LOOP('',(#2777,#2778,#2779,#2780));
#8691=EDGE_LOOP('',(#2781,#2782,#2783,#2784));
#8692=EDGE_LOOP('',(#2785,#2786,#2787,#2788));
#8693=EDGE_LOOP('',(#2789,#2790,#2791,#2792));
#8694=EDGE_LOOP('',(#2793,#2794,#2795,#2796));
#8695=EDGE_LOOP('',(#2797,#2798,#2799,#2800));
#8696=EDGE_LOOP('',(#2801,#2802,#2803,#2804));
#8697=EDGE_LOOP('',(#2805,#2806,#2807,#2808));
#8698=EDGE_LOOP('',(#2809,#2810,#2811,#2812));
#8699=EDGE_LOOP('',(#2813,#2814,#2815,#2816));
#8700=EDGE_LOOP('',(#2817,#2818,#2819,#2820));
#8701=EDGE_LOOP('',(#2821,#2822,#2823,#2824));
#8702=EDGE_LOOP('',(#2825,#2826,#2827,#2828));
#8703=EDGE_LOOP('',(#2829,#2830,#2831,#2832));
#8704=EDGE_LOOP('',(#2833,#2834,#2835,#2836));
#8705=EDGE_LOOP('',(#2837,#2838,#2839,#2840));
#8706=EDGE_LOOP('',(#2841,#2842,#2843,#2844));
#8707=EDGE_LOOP('',(#2845,#2846,#2847,#2848));
#8708=EDGE_LOOP('',(#2849,#2850,#2851,#2852));
#8709=EDGE_LOOP('',(#2853,#2854,#2855,#2856));
#8710=EDGE_LOOP('',(#2857,#2858,#2859,#2860));
#8711=EDGE_LOOP('',(#2861,#2862,#2863,#2864));
#8712=EDGE_LOOP('',(#2865,#2866,#2867,#2868));
#8713=EDGE_LOOP('',(#2869,#2870,#2871,#2872));
#8714=EDGE_LOOP('',(#2873,#2874,#2875,#2876));
#8715=EDGE_LOOP('',(#2877,#2878,#2879,#2880));
#8716=EDGE_LOOP('',(#2881,#2882,#2883,#2884));
#8717=EDGE_LOOP('',(#2885,#2886,#2887,#2888));
#8718=EDGE_LOOP('',(#2889,#2890,#2891,#2892));
#8719=EDGE_LOOP('',(#2893,#2894,#2895,#2896));
#8720=EDGE_LOOP('',(#2897,#2898,#2899,#2900));
#8721=EDGE_LOOP('',(#2901,#2902,#2903,#2904));
#8722=EDGE_LOOP('',(#2905,#2906,#2907,#2908));
#8723=EDGE_LOOP('',(#2909,#2910,#2911,#2912));
#8724=EDGE_LOOP('',(#2913,#2914,#2915,#2916));
#8725=EDGE_LOOP('',(#2917,#2918,#2919,#2920));
#8726=EDGE_LOOP('',(#2921,#2922,#2923,#2924));
#8727=EDGE_LOOP('',(#2925,#2926,#2927,#2928));
#8728=EDGE_LOOP('',(#2929,#2930,#2931,#2932));
#8729=EDGE_LOOP('',(#2933,#2934,#2935,#2936));
#8730=EDGE_LOOP('',(#2937,#2938,#2939,#2940));
#8731=EDGE_LOOP('',(#2941,#2942,#2943,#2944));
#8732=EDGE_LOOP('',(#2945,#2946,#2947,#2948));
#8733=EDGE_LOOP('',(#2949,#2950,#2951,#2952));
#8734=EDGE_LOOP('',(#2953,#2954,#2955,#2956));
#8735=EDGE_LOOP('',(#2957,#2958,#2959,#2960));
#8736=EDGE_LOOP('',(#2961,#2962,#2963,#2964));
#8737=EDGE_LOOP('',(#2965,#2966,#2967,#2968));
#8738=EDGE_LOOP('',(#2969,#2970,#2971,#2972));
#8739=EDGE_LOOP('',(#2973,#2974,#2975,#2976));
#8740=EDGE_LOOP('',(#2977,#2978,#2979,#2980));
#8741=EDGE_LOOP('',(#2981,#2982,#2983,#2984));
#8742=EDGE_LOOP('',(#2985,#2986,#2987,#2988));
#8743=EDGE_LOOP('',(#2989,#2990,#2991,#2992));
#8744=EDGE_LOOP('',(#2993,#2994,#2995,#2996));
#8745=EDGE_LOOP('',(#2997,#2998,#2999,#3000));
#8746=EDGE_LOOP('',(#3001,#3002,#3003,#3004));
#8747=EDGE_LOOP('',(#3005,#3006,#3007,#3008));
#8748=EDGE_LOOP('',(#3009,#3010,#3011,#3012));
#8749=EDGE_LOOP('',(#3013,#3014,#3015,#3016));
#8750=EDGE_LOOP('',(#3017,#3018,#3019,#3020));
#8751=EDGE_LOOP('',(#3021,#3022,#3023,#3024));
#8752=EDGE_LOOP('',(#3025,#3026,#3027,#3028));
#8753=EDGE_LOOP('',(#3029,#3030,#3031,#3032));
#8754=EDGE_LOOP('',(#3033,#3034,#3035,#3036));
#8755=EDGE_LOOP('',(#3037,#3038,#3039,#3040));
#8756=EDGE_LOOP('',(#3041,#3042,#3043,#3044));
#8757=FACE_BOUND('',#8144,.T.);
#8758=FACE_BOUND('',#8145,.T.);
#8759=FACE_BOUND('',#8146,.T.);
#8760=FACE_BOUND('',#8147,.T.);
#8761=FACE_BOUND('',#8148,.T.);
#8762=FACE_BOUND('',#8149,.T.);
#8763=FACE_BOUND('',#8150,.T.);
#8764=FACE_BOUND('',#8151,.T.);
#8765=FACE_BOUND('',#8152,.T.);
#8766=FACE_BOUND('',#8153,.T.);
#8767=FACE_BOUND('',#8154,.T.);
#8768=FACE_BOUND('',#8155,.T.);
#8769=FACE_BOUND('',#8156,.T.);
#8770=FACE_BOUND('',#8157,.T.);
#8771=FACE_BOUND('',#8158,.T.);
#8772=FACE_BOUND('',#8159,.T.);
#8773=FACE_BOUND('',#8160,.T.);
#8774=FACE_BOUND('',#8161,.T.);
#8775=FACE_BOUND('',#8162,.T.);
#8776=FACE_BOUND('',#8163,.T.);
#8777=FACE_BOUND('',#8164,.T.);
#8778=FACE_BOUND('',#8165,.T.);
#8779=FACE_BOUND('',#8166,.T.);
#8780=FACE_BOUND('',#8167,.T.);
#8781=FACE_BOUND('',#8168,.T.);
#8782=FACE_BOUND('',#8169,.T.);
#8783=FACE_BOUND('',#8170,.T.);
#8784=FACE_BOUND('',#8171,.T.);
#8785=FACE_BOUND('',#8172,.T.);
#8786=FACE_BOUND('',#8173,.T.);
#8787=FACE_BOUND('',#8174,.T.);
#8788=FACE_BOUND('',#8175,.T.);
#8789=FACE_BOUND('',#8176,.T.);
#8790=FACE_BOUND('',#8177,.T.);
#8791=FACE_BOUND('',#8178,.T.);
#8792=FACE_BOUND('',#8179,.T.);
#8793=FACE_BOUND('',#8180,.T.);
#8794=FACE_BOUND('',#8181,.T.);
#8795=FACE_BOUND('',#8182,.T.);
#8796=FACE_BOUND('',#8183,.T.);
#8797=FACE_BOUND('',#8184,.T.);
#8798=FACE_BOUND('',#8185,.T.);
#8799=FACE_BOUND('',#8186,.T.);
#8800=FACE_BOUND('',#8187,.T.);
#8801=FACE_BOUND('',#8188,.T.);
#8802=FACE_BOUND('',#8189,.T.);
#8803=FACE_BOUND('',#8190,.T.);
#8804=FACE_BOUND('',#8191,.T.);
#8805=FACE_BOUND('',#8192,.T.);
#8806=FACE_BOUND('',#8193,.T.);
#8807=FACE_BOUND('',#8194,.T.);
#8808=FACE_BOUND('',#8195,.T.);
#8809=FACE_BOUND('',#8196,.T.);
#8810=FACE_BOUND('',#8197,.T.);
#8811=FACE_BOUND('',#8198,.T.);
#8812=FACE_BOUND('',#8199,.T.);
#8813=FACE_BOUND('',#8200,.T.);
#8814=FACE_BOUND('',#8201,.T.);
#8815=FACE_BOUND('',#8202,.T.);
#8816=FACE_BOUND('',#8203,.T.);
#8817=FACE_BOUND('',#8204,.T.);
#8818=FACE_BOUND('',#8205,.T.);
#8819=FACE_BOUND('',#8206,.T.);
#8820=FACE_BOUND('',#8207,.T.);
#8821=FACE_BOUND('',#8208,.T.);
#8822=FACE_BOUND('',#8209,.T.);
#8823=FACE_BOUND('',#8210,.T.);
#8824=FACE_BOUND('',#8211,.T.);
#8825=FACE_BOUND('',#8212,.T.);
#8826=FACE_BOUND('',#8213,.T.);
#8827=FACE_BOUND('',#8214,.T.);
#8828=FACE_BOUND('',#8215,.T.);
#8829=FACE_BOUND('',#8216,.T.);
#8830=FACE_BOUND('',#8217,.T.);
#8831=FACE_BOUND('',#8218,.T.);
#8832=FACE_BOUND('',#8219,.T.);
#8833=FACE_BOUND('',#8220,.T.);
#8834=FACE_BOUND('',#8221,.T.);
#8835=FACE_BOUND('',#8222,.T.);
#8836=FACE_BOUND('',#8223,.T.);
#8837=FACE_BOUND('',#8224,.T.);
#8838=FACE_BOUND('',#8225,.T.);
#8839=FACE_BOUND('',#8226,.T.);
#8840=FACE_BOUND('',#8227,.T.);
#8841=FACE_BOUND('',#8228,.T.);
#8842=FACE_BOUND('',#8229,.T.);
#8843=FACE_BOUND('',#8230,.T.);
#8844=FACE_BOUND('',#8231,.T.);
#8845=FACE_BOUND('',#8232,.T.);
#8846=FACE_BOUND('',#8233,.T.);
#8847=FACE_BOUND('',#8234,.T.);
#8848=FACE_BOUND('',#8235,.T.);
#8849=FACE_BOUND('',#8236,.T.);
#8850=FACE_BOUND('',#8237,.T.);
#8851=FACE_BOUND('',#8238,.T.);
#8852=FACE_BOUND('',#8239,.T.);
#8853=FACE_BOUND('',#8240,.T.);
#8854=FACE_BOUND('',#8241,.T.);
#8855=FACE_BOUND('',#8242,.T.);
#8856=FACE_BOUND('',#8243,.T.);
#8857=FACE_BOUND('',#8244,.T.);
#8858=FACE_BOUND('',#8245,.T.);
#8859=FACE_BOUND('',#8246,.T.);
#8860=FACE_BOUND('',#8247,.T.);
#8861=FACE_BOUND('',#8248,.T.);
#8862=FACE_BOUND('',#8249,.T.);
#8863=FACE_BOUND('',#8250,.T.);
#8864=FACE_BOUND('',#8251,.T.);
#8865=FACE_BOUND('',#8252,.T.);
#8866=FACE_BOUND('',#8253,.T.);
#8867=FACE_BOUND('',#8254,.T.);
#8868=FACE_BOUND('',#8255,.T.);
#8869=FACE_BOUND('',#8256,.T.);
#8870=FACE_BOUND('',#8257,.T.);
#8871=FACE_BOUND('',#8258,.T.);
#8872=FACE_BOUND('',#8259,.T.);
#8873=FACE_BOUND('',#8260,.T.);
#8874=FACE_BOUND('',#8261,.T.);
#8875=FACE_BOUND('',#8262,.T.);
#8876=FACE_BOUND('',#8263,.T.);
#8877=FACE_BOUND('',#8264,.T.);
#8878=FACE_BOUND('',#8265,.T.);
#8879=FACE_BOUND('',#8266,.T.);
#8880=FACE_BOUND('',#8267,.T.);
#8881=FACE_BOUND('',#8268,.T.);
#8882=FACE_BOUND('',#8269,.T.);
#8883=FACE_BOUND('',#8270,.T.);
#8884=FACE_BOUND('',#8271,.T.);
#8885=FACE_BOUND('',#8272,.T.);
#8886=FACE_BOUND('',#8273,.T.);
#8887=FACE_BOUND('',#8274,.T.);
#8888=FACE_BOUND('',#8275,.T.);
#8889=FACE_BOUND('',#8276,.T.);
#8890=FACE_BOUND('',#8277,.T.);
#8891=FACE_BOUND('',#8278,.T.);
#8892=FACE_BOUND('',#8279,.T.);
#8893=FACE_BOUND('',#8280,.T.);
#8894=FACE_BOUND('',#8281,.T.);
#8895=FACE_BOUND('',#8282,.T.);
#8896=FACE_BOUND('',#8283,.T.);
#8897=FACE_BOUND('',#8284,.T.);
#8898=FACE_BOUND('',#8285,.T.);
#8899=FACE_BOUND('',#8286,.T.);
#8900=FACE_BOUND('',#8287,.T.);
#8901=FACE_BOUND('',#8288,.T.);
#8902=FACE_BOUND('',#8289,.T.);
#8903=FACE_BOUND('',#8290,.T.);
#8904=FACE_BOUND('',#8291,.T.);
#8905=FACE_BOUND('',#8292,.T.);
#8906=FACE_BOUND('',#8293,.T.);
#8907=FACE_BOUND('',#8294,.T.);
#8908=FACE_BOUND('',#8295,.T.);
#8909=FACE_BOUND('',#8296,.T.);
#8910=FACE_BOUND('',#8297,.T.);
#8911=FACE_BOUND('',#8298,.T.);
#8912=FACE_BOUND('',#8299,.T.);
#8913=FACE_BOUND('',#8300,.T.);
#8914=FACE_BOUND('',#8301,.T.);
#8915=FACE_BOUND('',#8302,.T.);
#8916=FACE_BOUND('',#8303,.T.);
#8917=FACE_BOUND('',#8304,.T.);
#8918=FACE_BOUND('',#8305,.T.);
#8919=FACE_BOUND('',#8306,.T.);
#8920=FACE_BOUND('',#8307,.T.);
#8921=FACE_BOUND('',#8308,.T.);
#8922=FACE_BOUND('',#8309,.T.);
#8923=FACE_BOUND('',#8310,.T.);
#8924=FACE_BOUND('',#8311,.T.);
#8925=FACE_BOUND('',#8312,.T.);
#8926=FACE_BOUND('',#8313,.T.);
#8927=FACE_BOUND('',#8314,.T.);
#8928=FACE_BOUND('',#8315,.T.);
#8929=FACE_BOUND('',#8316,.T.);
#8930=FACE_BOUND('',#8317,.T.);
#8931=FACE_BOUND('',#8318,.T.);
#8932=FACE_BOUND('',#8319,.T.);
#8933=FACE_BOUND('',#8320,.T.);
#8934=FACE_BOUND('',#8321,.T.);
#8935=FACE_BOUND('',#8322,.T.);
#8936=FACE_BOUND('',#8323,.T.);
#8937=FACE_BOUND('',#8324,.T.);
#8938=FACE_BOUND('',#8325,.T.);
#8939=FACE_BOUND('',#8326,.T.);
#8940=FACE_BOUND('',#8327,.T.);
#8941=FACE_BOUND('',#8328,.T.);
#8942=FACE_BOUND('',#8329,.T.);
#8943=FACE_BOUND('',#8330,.T.);
#8944=FACE_BOUND('',#8331,.T.);
#8945=FACE_BOUND('',#8332,.T.);
#8946=FACE_BOUND('',#8333,.T.);
#8947=FACE_BOUND('',#8334,.T.);
#8948=FACE_BOUND('',#8335,.T.);
#8949=FACE_BOUND('',#8336,.T.);
#8950=FACE_BOUND('',#8337,.T.);
#8951=FACE_BOUND('',#8338,.T.);
#8952=FACE_BOUND('',#8339,.T.);
#8953=FACE_BOUND('',#8340,.T.);
#8954=FACE_BOUND('',#8341,.T.);
#8955=FACE_BOUND('',#8342,.T.);
#8956=FACE_BOUND('',#8343,.T.);
#8957=FACE_BOUND('',#8344,.T.);
#8958=FACE_BOUND('',#8345,.T.);
#8959=FACE_BOUND('',#8346,.T.);
#8960=FACE_BOUND('',#8347,.T.);
#8961=FACE_BOUND('',#8348,.T.);
#8962=FACE_BOUND('',#8349,.T.);
#8963=FACE_BOUND('',#8350,.T.);
#8964=FACE_BOUND('',#8351,.T.);
#8965=FACE_BOUND('',#8352,.T.);
#8966=FACE_BOUND('',#8353,.T.);
#8967=FACE_BOUND('',#8354,.T.);
#8968=FACE_BOUND('',#8355,.T.);
#8969=FACE_BOUND('',#8356,.T.);
#8970=FACE_BOUND('',#8357,.T.);
#8971=FACE_BOUND('',#8358,.T.);
#8972=FACE_BOUND('',#8359,.T.);
#8973=FACE_BOUND('',#8360,.T.);
#8974=FACE_BOUND('',#8361,.T.);
#8975=FACE_BOUND('',#8362,.T.);
#8976=FACE_BOUND('',#8363,.T.);
#8977=FACE_BOUND('',#8364,.T.);
#8978=FACE_BOUND('',#8365,.T.);
#8979=FACE_BOUND('',#8366,.T.);
#8980=FACE_BOUND('',#8367,.T.);
#8981=FACE_BOUND('',#8368,.T.);
#8982=FACE_BOUND('',#8369,.T.);
#8983=FACE_BOUND('',#8370,.T.);
#8984=FACE_BOUND('',#8371,.T.);
#8985=FACE_BOUND('',#8372,.T.);
#8986=FACE_BOUND('',#8373,.T.);
#8987=FACE_BOUND('',#8374,.T.);
#8988=FACE_BOUND('',#8375,.T.);
#8989=FACE_BOUND('',#8376,.T.);
#8990=FACE_BOUND('',#8377,.T.);
#8991=FACE_BOUND('',#8378,.T.);
#8992=FACE_BOUND('',#8379,.T.);
#8993=FACE_BOUND('',#8380,.T.);
#8994=FACE_BOUND('',#8381,.T.);
#8995=FACE_BOUND('',#8382,.T.);
#8996=FACE_BOUND('',#8383,.T.);
#8997=FACE_BOUND('',#8384,.T.);
#8998=FACE_BOUND('',#8385,.T.);
#8999=FACE_BOUND('',#8386,.T.);
#9000=FACE_BOUND('',#8387,.T.);
#9001=FACE_BOUND('',#8388,.T.);
#9002=FACE_BOUND('',#8389,.T.);
#9003=FACE_BOUND('',#8390,.T.);
#9004=FACE_BOUND('',#8391,.T.);
#9005=FACE_BOUND('',#8392,.T.);
#9006=FACE_BOUND('',#8393,.T.);
#9007=FACE_BOUND('',#8394,.T.);
#9008=FACE_BOUND('',#8395,.T.);
#9009=FACE_BOUND('',#8396,.T.);
#9010=FACE_BOUND('',#8397,.T.);
#9011=FACE_BOUND('',#8398,.T.);
#9012=FACE_BOUND('',#8399,.T.);
#9013=FACE_BOUND('',#8400,.T.);
#9014=FACE_BOUND('',#8401,.T.);
#9015=FACE_BOUND('',#8402,.T.);
#9016=FACE_BOUND('',#8403,.T.);
#9017=FACE_BOUND('',#8404,.T.);
#9018=FACE_BOUND('',#8405,.T.);
#9019=FACE_BOUND('',#8406,.T.);
#9020=FACE_BOUND('',#8407,.T.);
#9021=FACE_BOUND('',#8408,.T.);
#9022=FACE_BOUND('',#8409,.T.);
#9023=FACE_BOUND('',#8410,.T.);
#9024=FACE_BOUND('',#8411,.T.);
#9025=FACE_BOUND('',#8412,.T.);
#9026=FACE_BOUND('',#8413,.T.);
#9027=FACE_BOUND('',#8414,.T.);
#9028=FACE_BOUND('',#8415,.T.);
#9029=FACE_BOUND('',#8416,.T.);
#9030=FACE_BOUND('',#8417,.T.);
#9031=FACE_BOUND('',#8418,.T.);
#9032=FACE_BOUND('',#8419,.T.);
#9033=FACE_BOUND('',#8420,.T.);
#9034=FACE_BOUND('',#8421,.T.);
#9035=FACE_BOUND('',#8422,.T.);
#9036=FACE_BOUND('',#8423,.T.);
#9037=FACE_BOUND('',#8424,.T.);
#9038=FACE_BOUND('',#8425,.T.);
#9039=FACE_BOUND('',#8426,.T.);
#9040=FACE_BOUND('',#8427,.T.);
#9041=FACE_BOUND('',#8428,.T.);
#9042=FACE_BOUND('',#8429,.T.);
#9043=FACE_BOUND('',#8430,.T.);
#9044=FACE_BOUND('',#8431,.T.);
#9045=FACE_BOUND('',#8432,.T.);
#9046=FACE_BOUND('',#8433,.T.);
#9047=FACE_BOUND('',#8434,.T.);
#9048=FACE_BOUND('',#8435,.T.);
#9049=FACE_BOUND('',#8436,.T.);
#9050=FACE_BOUND('',#8437,.T.);
#9051=FACE_BOUND('',#8438,.T.);
#9052=FACE_BOUND('',#8439,.T.);
#9053=FACE_BOUND('',#8440,.T.);
#9054=FACE_BOUND('',#8441,.T.);
#9055=FACE_BOUND('',#8442,.T.);
#9056=FACE_BOUND('',#8443,.T.);
#9057=FACE_BOUND('',#8444,.T.);
#9058=FACE_BOUND('',#8445,.T.);
#9059=FACE_BOUND('',#8446,.T.);
#9060=FACE_BOUND('',#8447,.T.);
#9061=FACE_BOUND('',#8448,.T.);
#9062=FACE_BOUND('',#8449,.T.);
#9063=FACE_BOUND('',#8450,.T.);
#9064=FACE_BOUND('',#8451,.T.);
#9065=FACE_BOUND('',#8452,.T.);
#9066=FACE_BOUND('',#8453,.T.);
#9067=FACE_BOUND('',#8454,.T.);
#9068=FACE_BOUND('',#8455,.T.);
#9069=FACE_BOUND('',#8456,.T.);
#9070=FACE_BOUND('',#8457,.T.);
#9071=FACE_BOUND('',#8458,.T.);
#9072=FACE_BOUND('',#8459,.T.);
#9073=FACE_BOUND('',#8460,.T.);
#9074=FACE_BOUND('',#8461,.T.);
#9075=FACE_BOUND('',#8462,.T.);
#9076=FACE_BOUND('',#8463,.T.);
#9077=FACE_BOUND('',#8464,.T.);
#9078=FACE_BOUND('',#8465,.T.);
#9079=FACE_BOUND('',#8466,.T.);
#9080=FACE_BOUND('',#8467,.T.);
#9081=FACE_BOUND('',#8468,.T.);
#9082=FACE_BOUND('',#8469,.T.);
#9083=FACE_BOUND('',#8470,.T.);
#9084=FACE_BOUND('',#8471,.T.);
#9085=FACE_BOUND('',#8472,.T.);
#9086=FACE_BOUND('',#8473,.T.);
#9087=FACE_BOUND('',#8474,.T.);
#9088=FACE_BOUND('',#8475,.T.);
#9089=FACE_BOUND('',#8476,.T.);
#9090=FACE_BOUND('',#8477,.T.);
#9091=FACE_BOUND('',#8478,.T.);
#9092=FACE_BOUND('',#8479,.T.);
#9093=FACE_BOUND('',#8480,.T.);
#9094=FACE_BOUND('',#8481,.T.);
#9095=FACE_BOUND('',#8482,.T.);
#9096=FACE_BOUND('',#8483,.T.);
#9097=FACE_BOUND('',#8484,.T.);
#9098=FACE_BOUND('',#8485,.T.);
#9099=FACE_BOUND('',#8486,.T.);
#9100=FACE_BOUND('',#8487,.T.);
#9101=FACE_BOUND('',#8488,.T.);
#9102=FACE_BOUND('',#8489,.T.);
#9103=FACE_BOUND('',#8490,.T.);
#9104=FACE_BOUND('',#8491,.T.);
#9105=FACE_BOUND('',#8492,.T.);
#9106=FACE_BOUND('',#8493,.T.);
#9107=FACE_BOUND('',#8494,.T.);
#9108=FACE_BOUND('',#8495,.T.);
#9109=FACE_BOUND('',#8496,.T.);
#9110=FACE_BOUND('',#8497,.T.);
#9111=FACE_BOUND('',#8498,.T.);
#9112=FACE_BOUND('',#8499,.T.);
#9113=FACE_BOUND('',#8500,.T.);
#9114=FACE_BOUND('',#8501,.T.);
#9115=FACE_BOUND('',#8502,.T.);
#9116=FACE_BOUND('',#8503,.T.);
#9117=FACE_BOUND('',#8504,.T.);
#9118=FACE_BOUND('',#8505,.T.);
#9119=FACE_BOUND('',#8506,.T.);
#9120=FACE_BOUND('',#8507,.T.);
#9121=FACE_BOUND('',#8508,.T.);
#9122=FACE_BOUND('',#8509,.T.);
#9123=FACE_BOUND('',#8510,.T.);
#9124=FACE_BOUND('',#8511,.T.);
#9125=FACE_BOUND('',#8512,.T.);
#9126=FACE_BOUND('',#8513,.T.);
#9127=FACE_BOUND('',#8514,.T.);
#9128=FACE_BOUND('',#8515,.T.);
#9129=FACE_BOUND('',#8516,.T.);
#9130=FACE_BOUND('',#8517,.T.);
#9131=FACE_BOUND('',#8518,.T.);
#9132=FACE_BOUND('',#8519,.T.);
#9133=FACE_BOUND('',#8520,.T.);
#9134=FACE_BOUND('',#8521,.T.);
#9135=FACE_BOUND('',#8522,.T.);
#9136=FACE_BOUND('',#8523,.T.);
#9137=FACE_BOUND('',#8524,.T.);
#9138=FACE_BOUND('',#8525,.T.);
#9139=FACE_BOUND('',#8526,.T.);
#9140=FACE_BOUND('',#8527,.T.);
#9141=FACE_BOUND('',#8528,.T.);
#9142=FACE_BOUND('',#8529,.T.);
#9143=FACE_BOUND('',#8530,.T.);
#9144=FACE_BOUND('',#8531,.T.);
#9145=FACE_BOUND('',#8532,.T.);
#9146=FACE_BOUND('',#8533,.T.);
#9147=FACE_BOUND('',#8534,.T.);
#9148=FACE_BOUND('',#8535,.T.);
#9149=FACE_BOUND('',#8536,.T.);
#9150=FACE_BOUND('',#8537,.T.);
#9151=FACE_BOUND('',#8538,.T.);
#9152=FACE_BOUND('',#8539,.T.);
#9153=FACE_BOUND('',#8540,.T.);
#9154=FACE_BOUND('',#8541,.T.);
#9155=FACE_BOUND('',#8542,.T.);
#9156=FACE_BOUND('',#8543,.T.);
#9157=FACE_BOUND('',#8544,.T.);
#9158=FACE_BOUND('',#8545,.T.);
#9159=FACE_BOUND('',#8546,.T.);
#9160=FACE_BOUND('',#8547,.T.);
#9161=FACE_BOUND('',#8548,.T.);
#9162=FACE_BOUND('',#8549,.T.);
#9163=FACE_BOUND('',#8550,.T.);
#9164=FACE_BOUND('',#8551,.T.);
#9165=FACE_BOUND('',#8552,.T.);
#9166=FACE_BOUND('',#8553,.T.);
#9167=FACE_BOUND('',#8554,.T.);
#9168=FACE_BOUND('',#8555,.T.);
#9169=FACE_BOUND('',#8556,.T.);
#9170=FACE_BOUND('',#8557,.T.);
#9171=FACE_BOUND('',#8558,.T.);
#9172=FACE_BOUND('',#8559,.T.);
#9173=FACE_BOUND('',#8560,.T.);
#9174=FACE_BOUND('',#8561,.T.);
#9175=FACE_BOUND('',#8562,.T.);
#9176=FACE_BOUND('',#8563,.T.);
#9177=FACE_BOUND('',#8564,.T.);
#9178=FACE_BOUND('',#8565,.T.);
#9179=FACE_BOUND('',#8566,.T.);
#9180=FACE_BOUND('',#8567,.T.);
#9181=FACE_BOUND('',#8568,.T.);
#9182=FACE_BOUND('',#8569,.T.);
#9183=FACE_BOUND('',#8570,.T.);
#9184=FACE_BOUND('',#8571,.T.);
#9185=FACE_BOUND('',#8572,.T.);
#9186=FACE_BOUND('',#8573,.T.);
#9187=FACE_BOUND('',#8574,.T.);
#9188=FACE_BOUND('',#8575,.T.);
#9189=FACE_BOUND('',#8576,.T.);
#9190=FACE_BOUND('',#8577,.T.);
#9191=FACE_BOUND('',#8578,.T.);
#9192=FACE_BOUND('',#8579,.T.);
#9193=FACE_BOUND('',#8580,.T.);
#9194=FACE_BOUND('',#8581,.T.);
#9195=FACE_BOUND('',#8582,.T.);
#9196=FACE_BOUND('',#8583,.T.);
#9197=FACE_BOUND('',#8584,.T.);
#9198=FACE_BOUND('',#8585,.T.);
#9199=FACE_BOUND('',#8586,.T.);
#9200=FACE_BOUND('',#8587,.T.);
#9201=FACE_BOUND('',#8588,.T.);
#9202=FACE_BOUND('',#8589,.T.);
#9203=FACE_BOUND('',#8590,.T.);
#9204=FACE_BOUND('',#8591,.T.);
#9205=FACE_BOUND('',#8592,.T.);
#9206=FACE_BOUND('',#8593,.T.);
#9207=FACE_BOUND('',#8594,.T.);
#9208=FACE_BOUND('',#8595,.T.);
#9209=FACE_BOUND('',#8596,.T.);
#9210=FACE_BOUND('',#8597,.T.);
#9211=FACE_BOUND('',#8598,.T.);
#9212=FACE_BOUND('',#8599,.T.);
#9213=FACE_BOUND('',#8600,.T.);
#9214=FACE_BOUND('',#8601,.T.);
#9215=FACE_BOUND('',#8602,.T.);
#9216=FACE_BOUND('',#8603,.T.);
#9217=FACE_BOUND('',#8604,.T.);
#9218=FACE_BOUND('',#8605,.T.);
#9219=FACE_BOUND('',#8606,.T.);
#9220=FACE_BOUND('',#8607,.T.);
#9221=FACE_BOUND('',#8608,.T.);
#9222=FACE_BOUND('',#8609,.T.);
#9223=FACE_BOUND('',#8610,.T.);
#9224=FACE_BOUND('',#8611,.T.);
#9225=FACE_BOUND('',#8612,.T.);
#9226=FACE_BOUND('',#8613,.T.);
#9227=FACE_BOUND('',#8614,.T.);
#9228=FACE_BOUND('',#8615,.T.);
#9229=FACE_BOUND('',#8616,.T.);
#9230=FACE_BOUND('',#8617,.T.);
#9231=FACE_BOUND('',#8618,.T.);
#9232=FACE_BOUND('',#8619,.T.);
#9233=FACE_BOUND('',#8620,.T.);
#9234=FACE_BOUND('',#8621,.T.);
#9235=FACE_BOUND('',#8622,.T.);
#9236=FACE_BOUND('',#8623,.T.);
#9237=FACE_BOUND('',#8624,.T.);
#9238=FACE_BOUND('',#8625,.T.);
#9239=FACE_BOUND('',#8626,.T.);
#9240=FACE_BOUND('',#8627,.T.);
#9241=FACE_BOUND('',#8628,.T.);
#9242=FACE_BOUND('',#8629,.T.);
#9243=FACE_BOUND('',#8630,.T.);
#9244=FACE_BOUND('',#8631,.T.);
#9245=FACE_BOUND('',#8632,.T.);
#9246=FACE_BOUND('',#8633,.T.);
#9247=FACE_BOUND('',#8634,.T.);
#9248=FACE_BOUND('',#8635,.T.);
#9249=FACE_BOUND('',#8636,.T.);
#9250=FACE_BOUND('',#8637,.T.);
#9251=FACE_BOUND('',#8638,.T.);
#9252=FACE_BOUND('',#8639,.T.);
#9253=FACE_BOUND('',#8640,.T.);
#9254=FACE_BOUND('',#8641,.T.);
#9255=FACE_BOUND('',#8642,.T.);
#9256=FACE_BOUND('',#8643,.T.);
#9257=FACE_BOUND('',#8644,.T.);
#9258=FACE_BOUND('',#8645,.T.);
#9259=FACE_BOUND('',#8646,.T.);
#9260=FACE_BOUND('',#8647,.T.);
#9261=FACE_BOUND('',#8648,.T.);
#9262=FACE_BOUND('',#8649,.T.);
#9263=FACE_BOUND('',#8650,.T.);
#9264=FACE_BOUND('',#8651,.T.);
#9265=FACE_BOUND('',#8652,.T.);
#9266=FACE_BOUND('',#8653,.T.);
#9267=FACE_BOUND('',#8654,.T.);
#9268=FACE_BOUND('',#8655,.T.);
#9269=FACE_BOUND('',#8656,.T.);
#9270=FACE_BOUND('',#8657,.T.);
#9271=FACE_BOUND('',#8658,.T.);
#9272=FACE_BOUND('',#8659,.T.);
#9273=FACE_BOUND('',#8660,.T.);
#9274=FACE_BOUND('',#8661,.T.);
#9275=FACE_BOUND('',#8662,.T.);
#9276=FACE_BOUND('',#8663,.T.);
#9277=FACE_BOUND('',#8664,.T.);
#9278=FACE_BOUND('',#8665,.T.);
#9279=FACE_BOUND('',#8666,.T.);
#9280=FACE_BOUND('',#8667,.T.);
#9281=FACE_BOUND('',#8668,.T.);
#9282=FACE_BOUND('',#8669,.T.);
#9283=FACE_BOUND('',#8670,.T.);
#9284=FACE_BOUND('',#8671,.T.);
#9285=FACE_BOUND('',#8672,.T.);
#9286=FACE_BOUND('',#8673,.T.);
#9287=FACE_BOUND('',#8674,.T.);
#9288=FACE_BOUND('',#8675,.T.);
#9289=FACE_BOUND('',#8676,.T.);
#9290=FACE_BOUND('',#8677,.T.);
#9291=FACE_BOUND('',#8678,.T.);
#9292=FACE_BOUND('',#8679,.T.);
#9293=FACE_BOUND('',#8680,.T.);
#9294=FACE_BOUND('',#8681,.T.);
#9295=FACE_BOUND('',#8682,.T.);
#9296=FACE_BOUND('',#8683,.T.);
#9297=FACE_BOUND('',#8684,.T.);
#9298=FACE_BOUND('',#8685,.T.);
#9299=FACE_BOUND('',#8686,.T.);
#9300=FACE_BOUND('',#8687,.T.);
#9301=FACE_BOUND('',#8688,.T.);
#9302=FACE_BOUND('',#8689,.T.);
#9303=FACE_BOUND('',#8690,.T.);
#9304=FACE_BOUND('',#8691,.T.);
#9305=FACE_BOUND('',#8692,.T.);
#9306=FACE_BOUND('',#8693,.T.);
#9307=FACE_BOUND('',#8694,.T.);
#9308=FACE_BOUND('',#8695,.T.);
#9309=FACE_BOUND('',#8696,.T.);
#9310=FACE_BOUND('',#8697,.T.);
#9311=FACE_BOUND('',#8698,.T.);
#9312=FACE_BOUND('',#8699,.T.);
#9313=FACE_BOUND('',#8700,.T.);
#9314=FACE_BOUND('',#8701,.T.);
#9315=FACE_BOUND('',#8702,.T.);
#9316=FACE_BOUND('',#8703,.T.);
#9317=FACE_BOUND('',#8704,.T.);
#9318=FACE_BOUND('',#8705,.T.);
#9319=FACE_BOUND('',#8706,.T.);
#9320=FACE_BOUND('',#8707,.T.);
#9321=FACE_BOUND('',#8708,.T.);
#9322=FACE_BOUND('',#8709,.T.);
#9323=FACE_BOUND('',#8710,.T.);
#9324=FACE_BOUND('',#8711,.T.);
#9325=FACE_BOUND('',#8712,.T.);
#9326=FACE_BOUND('',#8713,.T.);
#9327=FACE_BOUND('',#8714,.T.);
#9328=FACE_BOUND('',#8715,.T.);
#9329=FACE_BOUND('',#8716,.T.);
#9330=FACE_BOUND('',#8717,.T.);
#9331=FACE_BOUND('',#8718,.T.);
#9332=FACE_BOUND('',#8719,.T.);
#9333=FACE_BOUND('',#8720,.T.);
#9334=FACE_BOUND('',#8721,.T.);
#9335=FACE_BOUND('',#8722,.T.);
#9336=FACE_BOUND('',#8723,.T.);
#9337=FACE_BOUND('',#8724,.T.);
#9338=FACE_BOUND('',#8725,.T.);
#9339=FACE_BOUND('',#8726,.T.);
#9340=FACE_BOUND('',#8727,.T.);
#9341=FACE_BOUND('',#8728,.T.);
#9342=FACE_BOUND('',#8729,.T.);
#9343=FACE_BOUND('',#8730,.T.);
#9344=FACE_BOUND('',#8731,.T.);
#9345=FACE_BOUND('',#8732,.T.);
#9346=FACE_BOUND('',#8733,.T.);
#9347=FACE_BOUND('',#8734,.T.);
#9348=FACE_BOUND('',#8735,.T.);
#9349=FACE_BOUND('',#8736,.T.);
#9350=FACE_BOUND('',#8737,.T.);
#9351=FACE_BOUND('',#8738,.T.);
#9352=FACE_BOUND('',#8739,.T.);
#9353=FACE_BOUND('',#8740,.T.);
#9354=FACE_BOUND('',#8741,.T.);
#9355=FACE_BOUND('',#8742,.T.);
#9356=FACE_BOUND('',#8743,.T.);
#9357=FACE_BOUND('',#8744,.T.);
#9358=FACE_BOUND('',#8745,.T.);
#9359=FACE_BOUND('',#8746,.T.);
#9360=FACE_BOUND('',#8747,.T.);
#9361=FACE_BOUND('',#8748,.T.);
#9362=FACE_BOUND('',#8749,.T.);
#9363=FACE_BOUND('',#8750,.T.);
#9364=FACE_BOUND('',#8751,.T.);
#9365=FACE_BOUND('',#8752,.T.);
#9366=FACE_BOUND('',#8753,.T.);
#9367=FACE_BOUND('',#8754,.T.);
#9368=FACE_BOUND('',#8755,.T.);
#9369=FACE_BOUND('',#8756,.T.);
#9370=PLANE('',#10456);
#9371=PLANE('',#10457);
#9372=PLANE('',#10458);
#9373=PLANE('',#10459);
#9374=PLANE('',#10460);
#9375=PLANE('',#10461);
#9376=PLANE('',#10462);
#9377=PLANE('',#10467);
#9378=PLANE('',#10468);
#9379=PLANE('',#10469);
#9380=PLANE('',#10470);
#9381=PLANE('',#10471);
#9382=PLANE('',#10472);
#9383=PLANE('',#10474);
#9384=PLANE('',#10475);
#9385=PLANE('',#10476);
#9386=PLANE('',#10477);
#9387=PLANE('',#10478);
#9388=PLANE('',#10479);
#9389=PLANE('',#10480);
#9390=PLANE('',#10481);
#9391=PLANE('',#10482);
#9392=PLANE('',#10483);
#9393=PLANE('',#10484);
#9394=PLANE('',#10485);
#9395=PLANE('',#10486);
#9396=PLANE('',#10487);
#9397=PLANE('',#10488);
#9398=PLANE('',#10489);
#9399=PLANE('',#10490);
#9400=PLANE('',#10491);
#9401=PLANE('',#10492);
#9402=PLANE('',#10493);
#9403=PLANE('',#10494);
#9404=PLANE('',#10495);
#9405=PLANE('',#10496);
#9406=PLANE('',#10497);
#9407=PLANE('',#10498);
#9408=PLANE('',#10499);
#9409=PLANE('',#10500);
#9410=PLANE('',#10501);
#9411=PLANE('',#10502);
#9412=PLANE('',#10503);
#9413=PLANE('',#10504);
#9414=PLANE('',#10505);
#9415=PLANE('',#10506);
#9416=PLANE('',#10507);
#9417=PLANE('',#10508);
#9418=PLANE('',#10509);
#9419=PLANE('',#10510);
#9420=PLANE('',#10511);
#9421=PLANE('',#10512);
#9422=PLANE('',#10513);
#9423=PLANE('',#10514);
#9424=PLANE('',#10515);
#9425=PLANE('',#10516);
#9426=PLANE('',#10517);
#9427=PLANE('',#10518);
#9428=PLANE('',#10519);
#9429=PLANE('',#10520);
#9430=PLANE('',#10521);
#9431=PLANE('',#10522);
#9432=PLANE('',#10523);
#9433=PLANE('',#10524);
#9434=PLANE('',#10525);
#9435=PLANE('',#10526);
#9436=PLANE('',#10527);
#9437=PLANE('',#10528);
#9438=PLANE('',#10529);
#9439=PLANE('',#10530);
#9440=PLANE('',#10531);
#9441=PLANE('',#10532);
#9442=PLANE('',#10533);
#9443=PLANE('',#10534);
#9444=PLANE('',#10535);
#9445=PLANE('',#10536);
#9446=PLANE('',#10537);
#9447=PLANE('',#10538);
#9448=PLANE('',#10539);
#9449=PLANE('',#10540);
#9450=PLANE('',#10541);
#9451=PLANE('',#10542);
#9452=PLANE('',#10543);
#9453=PLANE('',#10544);
#9454=PLANE('',#10545);
#9455=PLANE('',#10546);
#9456=PLANE('',#10552);
#9457=PLANE('',#10553);
#9458=PLANE('',#10554);
#9459=PLANE('',#10555);
#9460=PLANE('',#10556);
#9461=PLANE('',#10557);
#9462=PLANE('',#10558);
#9463=PLANE('',#10559);
#9464=PLANE('',#10560);
#9465=PLANE('',#10561);
#9466=PLANE('',#10562);
#9467=PLANE('',#10563);
#9468=PLANE('',#10564);
#9469=PLANE('',#10565);
#9470=PLANE('',#10566);
#9471=PLANE('',#10571);
#9472=PLANE('',#10573);
#9473=PLANE('',#10575);
#9474=PLANE('',#10577);
#9475=PLANE('',#10578);
#9476=PLANE('',#10579);
#9477=PLANE('',#10580);
#9478=PLANE('',#10581);
#9479=PLANE('',#10582);
#9480=PLANE('',#10583);
#9481=PLANE('',#10584);
#9482=PLANE('',#10585);
#9483=PLANE('',#10586);
#9484=PLANE('',#10587);
#9485=PLANE('',#10588);
#9486=PLANE('',#10589);
#9487=PLANE('',#10590);
#9488=PLANE('',#10591);
#9489=PLANE('',#10592);
#9490=PLANE('',#10593);
#9491=PLANE('',#10594);
#9492=PLANE('',#10595);
#9493=PLANE('',#10596);
#9494=PLANE('',#10597);
#9495=PLANE('',#10598);
#9496=PLANE('',#10599);
#9497=PLANE('',#10600);
#9498=PLANE('',#10601);
#9499=PLANE('',#10602);
#9500=PLANE('',#10603);
#9501=PLANE('',#10604);
#9502=PLANE('',#10605);
#9503=PLANE('',#10606);
#9504=PLANE('',#10607);
#9505=PLANE('',#10608);
#9506=PLANE('',#10609);
#9507=PLANE('',#10610);
#9508=PLANE('',#10611);
#9509=PLANE('',#10612);
#9510=PLANE('',#10613);
#9511=PLANE('',#10614);
#9512=PLANE('',#10615);
#9513=PLANE('',#10616);
#9514=PLANE('',#10617);
#9515=PLANE('',#10618);
#9516=PLANE('',#10619);
#9517=PLANE('',#10620);
#9518=PLANE('',#10621);
#9519=PLANE('',#10622);
#9520=PLANE('',#10623);
#9521=PLANE('',#10624);
#9522=PLANE('',#10625);
#9523=PLANE('',#10626);
#9524=PLANE('',#10627);
#9525=PLANE('',#10628);
#9526=PLANE('',#10629);
#9527=PLANE('',#10630);
#9528=PLANE('',#10631);
#9529=PLANE('',#10632);
#9530=PLANE('',#10633);
#9531=PLANE('',#10634);
#9532=PLANE('',#10635);
#9533=PLANE('',#10636);
#9534=PLANE('',#10637);
#9535=PLANE('',#10638);
#9536=PLANE('',#10639);
#9537=PLANE('',#10640);
#9538=PLANE('',#10641);
#9539=PLANE('',#10642);
#9540=PLANE('',#10643);
#9541=PLANE('',#10644);
#9542=PLANE('',#10645);
#9543=PLANE('',#10646);
#9544=PLANE('',#10647);
#9545=PLANE('',#10648);
#9546=PLANE('',#10649);
#9547=PLANE('',#10650);
#9548=PLANE('',#10651);
#9549=PLANE('',#10652);
#9550=PLANE('',#10653);
#9551=PLANE('',#10654);
#9552=PLANE('',#10655);
#9553=PLANE('',#10656);
#9554=PLANE('',#10657);
#9555=PLANE('',#10658);
#9556=PLANE('',#10659);
#9557=PLANE('',#10660);
#9558=PLANE('',#10661);
#9559=PLANE('',#10662);
#9560=PLANE('',#10663);
#9561=PLANE('',#10664);
#9562=PLANE('',#10665);
#9563=PLANE('',#10666);
#9564=PLANE('',#10667);
#9565=PLANE('',#10668);
#9566=PLANE('',#10669);
#9567=PLANE('',#10670);
#9568=PLANE('',#10671);
#9569=PLANE('',#10672);
#9570=PLANE('',#10673);
#9571=PLANE('',#10674);
#9572=PLANE('',#10675);
#9573=PLANE('',#10676);
#9574=PLANE('',#10677);
#9575=PLANE('',#10678);
#9576=PLANE('',#10679);
#9577=PLANE('',#10680);
#9578=PLANE('',#10681);
#9579=PLANE('',#10682);
#9580=PLANE('',#10683);
#9581=PLANE('',#10684);
#9582=PLANE('',#10685);
#9583=PLANE('',#10686);
#9584=PLANE('',#10687);
#9585=PLANE('',#10688);
#9586=PLANE('',#10689);
#9587=PLANE('',#10690);
#9588=PLANE('',#10691);
#9589=PLANE('',#10692);
#9590=PLANE('',#10693);
#9591=PLANE('',#10694);
#9592=PLANE('',#10695);
#9593=PLANE('',#10696);
#9594=PLANE('',#10697);
#9595=PLANE('',#10698);
#9596=PLANE('',#10699);
#9597=PLANE('',#10700);
#9598=PLANE('',#10701);
#9599=PLANE('',#10702);
#9600=PLANE('',#10703);
#9601=PLANE('',#10704);
#9602=PLANE('',#10705);
#9603=PLANE('',#10706);
#9604=PLANE('',#10707);
#9605=PLANE('',#10708);
#9606=PLANE('',#10709);
#9607=PLANE('',#10710);
#9608=PLANE('',#10711);
#9609=PLANE('',#10712);
#9610=PLANE('',#10713);
#9611=PLANE('',#10714);
#9612=PLANE('',#10715);
#9613=PLANE('',#10716);
#9614=PLANE('',#10717);
#9615=PLANE('',#10718);
#9616=PLANE('',#10719);
#9617=PLANE('',#10720);
#9618=PLANE('',#10721);
#9619=PLANE('',#10723);
#9620=PLANE('',#10724);
#9621=PLANE('',#10725);
#9622=PLANE('',#10726);
#9623=PLANE('',#10757);
#9624=PLANE('',#10758);
#9625=PLANE('',#10759);
#9626=PLANE('',#10760);
#9627=PLANE('',#10761);
#9628=PLANE('',#10762);
#9629=PLANE('',#10763);
#9630=PLANE('',#10764);
#9631=PLANE('',#10765);
#9632=PLANE('',#10766);
#9633=PLANE('',#10767);
#9634=PLANE('',#10768);
#9635=PLANE('',#10769);
#9636=PLANE('',#10770);
#9637=PLANE('',#10771);
#9638=PLANE('',#10772);
#9639=PLANE('',#10773);
#9640=PLANE('',#10774);
#9641=PLANE('',#10775);
#9642=PLANE('',#10776);
#9643=PLANE('',#10777);
#9644=PLANE('',#10778);
#9645=PLANE('',#10779);
#9646=PLANE('',#10780);
#9647=PLANE('',#10781);
#9648=PLANE('',#10782);
#9649=PLANE('',#10783);
#9650=PLANE('',#10784);
#9651=PLANE('',#10785);
#9652=PLANE('',#10786);
#9653=PLANE('',#10817);
#9654=PLANE('',#10818);
#9655=PLANE('',#10819);
#9656=PLANE('',#10820);
#9657=PLANE('',#10821);
#9658=PLANE('',#10822);
#9659=PLANE('',#10823);
#9660=PLANE('',#10824);
#9661=PLANE('',#10825);
#9662=PLANE('',#10826);
#9663=PLANE('',#10827);
#9664=PLANE('',#10828);
#9665=PLANE('',#10829);
#9666=PLANE('',#10830);
#9667=PLANE('',#10831);
#9668=PLANE('',#10832);
#9669=PLANE('',#10833);
#9670=PLANE('',#10834);
#9671=PLANE('',#10835);
#9672=PLANE('',#10836);
#9673=PLANE('',#10867);
#9674=PLANE('',#10868);
#9675=PLANE('',#10869);
#9676=PLANE('',#10870);
#9677=PLANE('',#10871);
#9678=PLANE('',#10872);
#9679=PLANE('',#10873);
#9680=PLANE('',#10874);
#9681=PLANE('',#10875);
#9682=PLANE('',#10876);
#9683=PLANE('',#10877);
#9684=PLANE('',#10878);
#9685=PLANE('',#10879);
#9686=PLANE('',#10880);
#9687=PLANE('',#10881);
#9688=PLANE('',#10882);
#9689=PLANE('',#10883);
#9690=PLANE('',#10884);
#9691=PLANE('',#10885);
#9692=PLANE('',#10886);
#9693=PLANE('',#10887);
#9694=PLANE('',#10888);
#9695=PLANE('',#10889);
#9696=PLANE('',#10890);
#9697=PLANE('',#10891);
#9698=PLANE('',#10892);
#9699=PLANE('',#10893);
#9700=PLANE('',#10894);
#9701=PLANE('',#10895);
#9702=PLANE('',#10896);
#9703=PLANE('',#10927);
#9704=PLANE('',#10928);
#9705=PLANE('',#10929);
#9706=PLANE('',#10930);
#9707=PLANE('',#10931);
#9708=PLANE('',#10932);
#9709=PLANE('',#10933);
#9710=PLANE('',#10934);
#9711=PLANE('',#10935);
#9712=PLANE('',#10936);
#9713=PLANE('',#10937);
#9714=PLANE('',#10938);
#9715=PLANE('',#10939);
#9716=PLANE('',#10940);
#9717=PLANE('',#10941);
#9718=PLANE('',#10942);
#9719=PLANE('',#10943);
#9720=PLANE('',#10944);
#9721=PLANE('',#10945);
#9722=PLANE('',#10946);
#9723=PLANE('',#10947);
#9724=PLANE('',#10948);
#9725=PLANE('',#10949);
#9726=PLANE('',#10950);
#9727=PLANE('',#10951);
#9728=PLANE('',#10952);
#9729=PLANE('',#10953);
#9730=PLANE('',#10954);
#9731=PLANE('',#10955);
#9732=PLANE('',#10956);
#9733=PLANE('',#10957);
#9734=PLANE('',#10958);
#9735=PLANE('',#10959);
#9736=PLANE('',#10960);
#9737=PLANE('',#10961);
#9738=PLANE('',#10962);
#9739=PLANE('',#10963);
#9740=PLANE('',#10964);
#9741=PLANE('',#10965);
#9742=PLANE('',#10966);
#9743=PLANE('',#10967);
#9744=PLANE('',#10968);
#9745=PLANE('',#10969);
#9746=PLANE('',#10970);
#9747=PLANE('',#10971);
#9748=PLANE('',#10972);
#9749=PLANE('',#10973);
#9750=PLANE('',#10974);
#9751=PLANE('',#10975);
#9752=PLANE('',#10976);
#9753=PLANE('',#10977);
#9754=PLANE('',#10978);
#9755=PLANE('',#10979);
#9756=PLANE('',#10980);
#9757=PLANE('',#10981);
#9758=PLANE('',#10982);
#9759=PLANE('',#10983);
#9760=PLANE('',#10984);
#9761=PLANE('',#10985);
#9762=PLANE('',#10986);
#9763=PLANE('',#10987);
#9764=PLANE('',#10988);
#9765=PLANE('',#10990);
#9766=PLANE('',#10991);
#9767=PLANE('',#10992);
#9768=PLANE('',#10993);
#9769=PLANE('',#10994);
#9770=PLANE('',#10995);
#9771=PLANE('',#10996);
#9772=PLANE('',#10997);
#9773=PLANE('',#10998);
#9774=PLANE('',#10999);
#9775=PLANE('',#11000);
#9776=PLANE('',#11001);
#9777=PLANE('',#11002);
#9778=PLANE('',#11003);
#9779=PLANE('',#11004);
#9780=PLANE('',#11005);
#9781=PLANE('',#11006);
#9782=PLANE('',#11007);
#9783=PLANE('',#11008);
#9784=PLANE('',#11009);
#9785=PLANE('',#11010);
#9786=PLANE('',#11011);
#9787=PLANE('',#11012);
#9788=PLANE('',#11013);
#9789=PLANE('',#11014);
#9790=PLANE('',#11015);
#9791=PLANE('',#11016);
#9792=PLANE('',#11017);
#9793=PLANE('',#11018);
#9794=PLANE('',#11019);
#9795=PLANE('',#11020);
#9796=PLANE('',#11021);
#9797=PLANE('',#11022);
#9798=PLANE('',#11023);
#9799=PLANE('',#11024);
#9800=PLANE('',#11025);
#9801=PLANE('',#11026);
#9802=PLANE('',#11027);
#9803=PLANE('',#11028);
#9804=PLANE('',#11029);
#9805=PLANE('',#11030);
#9806=PLANE('',#11031);
#9807=PLANE('',#11032);
#9808=PLANE('',#11033);
#9809=PLANE('',#11034);
#9810=PLANE('',#11035);
#9811=PLANE('',#11036);
#9812=PLANE('',#11037);
#9813=PLANE('',#11038);
#9814=PLANE('',#11039);
#9815=PLANE('',#11040);
#9816=PLANE('',#11041);
#9817=PLANE('',#11042);
#9818=PLANE('',#11043);
#9819=PLANE('',#11044);
#9820=PLANE('',#11045);
#9821=PLANE('',#11046);
#9822=PLANE('',#11047);
#9823=PLANE('',#11048);
#9824=PLANE('',#11049);
#9825=PLANE('',#11050);
#9826=PLANE('',#11051);
#9827=PLANE('',#11052);
#9828=PLANE('',#11053);
#9829=PLANE('',#11054);
#9830=PLANE('',#11055);
#9831=PLANE('',#11056);
#9832=PLANE('',#11057);
#9833=PLANE('',#11058);
#9834=PLANE('',#11059);
#9835=PLANE('',#11060);
#9836=PLANE('',#11061);
#9837=PLANE('',#11062);
#9838=PLANE('',#11063);
#9839=PLANE('',#11064);
#9840=PLANE('',#11065);
#9841=PLANE('',#11066);
#9842=PLANE('',#11067);
#9843=PLANE('',#11068);
#9844=PLANE('',#11069);
#9845=PLANE('',#11070);
#9846=PLANE('',#11071);
#9847=PLANE('',#11072);
#9848=PLANE('',#11073);
#9849=PLANE('',#11074);
#9850=PLANE('',#11075);
#9851=PLANE('',#11076);
#9852=PLANE('',#11077);
#9853=PLANE('',#11078);
#9854=PLANE('',#11079);
#9855=PLANE('',#11080);
#9856=PLANE('',#11081);
#9857=PLANE('',#11082);
#9858=PLANE('',#11083);
#9859=PLANE('',#11084);
#9860=PLANE('',#11085);
#9861=PLANE('',#11086);
#9862=PLANE('',#11087);
#9863=PLANE('',#11088);
#9864=PLANE('',#11089);
#9865=PLANE('',#11090);
#9866=PLANE('',#11091);
#9867=PLANE('',#11092);
#9868=PLANE('',#11093);
#9869=PLANE('',#11094);
#9870=PLANE('',#11095);
#9871=ADVANCED_FACE('',(#8757),#9370,.F.);
#9872=ADVANCED_FACE('',(#8758),#9371,.F.);
#9873=ADVANCED_FACE('',(#8759),#9372,.F.);
#9874=ADVANCED_FACE('',(#8760),#9373,.F.);
#9875=ADVANCED_FACE('',(#8761),#9374,.F.);
#9876=ADVANCED_FACE('',(#8762),#9375,.F.);
#9877=ADVANCED_FACE('',(#8763,#8764),#9376,.F.);
#9878=ADVANCED_FACE('',(#8765),#9377,.F.);
#9879=ADVANCED_FACE('',(#8766),#9378,.F.);
#9880=ADVANCED_FACE('',(#8767),#9379,.F.);
#9881=ADVANCED_FACE('',(#8768),#9380,.F.);
#9882=ADVANCED_FACE('',(#8769),#9381,.F.);
#9883=ADVANCED_FACE('',(#8770,#8771),#9382,.F.);
#9884=ADVANCED_FACE('',(#8772),#9383,.F.);
#9885=ADVANCED_FACE('',(#8773),#9384,.F.);
#9886=ADVANCED_FACE('',(#8774),#9385,.F.);
#9887=ADVANCED_FACE('',(#8775),#9386,.F.);
#9888=ADVANCED_FACE('',(#8776),#9387,.F.);
#9889=ADVANCED_FACE('',(#8777),#9388,.F.);
#9890=ADVANCED_FACE('',(#8778),#9389,.F.);
#9891=ADVANCED_FACE('',(#8779),#9390,.F.);
#9892=ADVANCED_FACE('',(#8780),#9391,.F.);
#9893=ADVANCED_FACE('',(#8781),#9392,.F.);
#9894=ADVANCED_FACE('',(#8782),#9393,.F.);
#9895=ADVANCED_FACE('',(#8783),#9394,.F.);
#9896=ADVANCED_FACE('',(#8784),#9395,.F.);
#9897=ADVANCED_FACE('',(#8785),#9396,.F.);
#9898=ADVANCED_FACE('',(#8786),#9397,.F.);
#9899=ADVANCED_FACE('',(#8787),#9398,.F.);
#9900=ADVANCED_FACE('',(#8788),#9399,.F.);
#9901=ADVANCED_FACE('',(#8789),#9400,.F.);
#9902=ADVANCED_FACE('',(#8790),#9401,.F.);
#9903=ADVANCED_FACE('',(#8791),#9402,.F.);
#9904=ADVANCED_FACE('',(#8792),#9403,.F.);
#9905=ADVANCED_FACE('',(#8793),#9404,.F.);
#9906=ADVANCED_FACE('',(#8794),#9405,.F.);
#9907=ADVANCED_FACE('',(#8795),#9406,.F.);
#9908=ADVANCED_FACE('',(#8796),#9407,.F.);
#9909=ADVANCED_FACE('',(#8797),#9408,.F.);
#9910=ADVANCED_FACE('',(#8798),#9409,.F.);
#9911=ADVANCED_FACE('',(#8799),#9410,.F.);
#9912=ADVANCED_FACE('',(#8800),#9411,.F.);
#9913=ADVANCED_FACE('',(#8801),#9412,.F.);
#9914=ADVANCED_FACE('',(#8802),#9413,.F.);
#9915=ADVANCED_FACE('',(#8803),#9414,.F.);
#9916=ADVANCED_FACE('',(#8804),#9415,.F.);
#9917=ADVANCED_FACE('',(#8805),#9416,.F.);
#9918=ADVANCED_FACE('',(#8806),#9417,.F.);
#9919=ADVANCED_FACE('',(#8807),#9418,.F.);
#9920=ADVANCED_FACE('',(#8808),#9419,.F.);
#9921=ADVANCED_FACE('',(#8809),#9420,.F.);
#9922=ADVANCED_FACE('',(#8810),#9421,.F.);
#9923=ADVANCED_FACE('',(#8811),#9422,.F.);
#9924=ADVANCED_FACE('',(#8812),#9423,.F.);
#9925=ADVANCED_FACE('',(#8813),#9424,.F.);
#9926=ADVANCED_FACE('',(#8814),#9425,.F.);
#9927=ADVANCED_FACE('',(#8815),#9426,.F.);
#9928=ADVANCED_FACE('',(#8816),#9427,.F.);
#9929=ADVANCED_FACE('',(#8817),#9428,.F.);
#9930=ADVANCED_FACE('',(#8818),#9429,.F.);
#9931=ADVANCED_FACE('',(#8819),#9430,.F.);
#9932=ADVANCED_FACE('',(#8820),#9431,.F.);
#9933=ADVANCED_FACE('',(#8821),#9432,.F.);
#9934=ADVANCED_FACE('',(#8822),#9433,.F.);
#9935=ADVANCED_FACE('',(#8823),#9434,.F.);
#9936=ADVANCED_FACE('',(#8824),#9435,.F.);
#9937=ADVANCED_FACE('',(#8825),#9436,.F.);
#9938=ADVANCED_FACE('',(#8826),#9437,.F.);
#9939=ADVANCED_FACE('',(#8827),#9438,.F.);
#9940=ADVANCED_FACE('',(#8828),#9439,.F.);
#9941=ADVANCED_FACE('',(#8829),#9440,.F.);
#9942=ADVANCED_FACE('',(#8830),#9441,.F.);
#9943=ADVANCED_FACE('',(#8831),#9442,.F.);
#9944=ADVANCED_FACE('',(#8832),#9443,.F.);
#9945=ADVANCED_FACE('',(#8833),#9444,.F.);
#9946=ADVANCED_FACE('',(#8834),#9445,.F.);
#9947=ADVANCED_FACE('',(#8835),#9446,.F.);
#9948=ADVANCED_FACE('',(#8836),#9447,.F.);
#9949=ADVANCED_FACE('',(#8837),#9448,.F.);
#9950=ADVANCED_FACE('',(#8838),#9449,.F.);
#9951=ADVANCED_FACE('',(#8839),#9450,.F.);
#9952=ADVANCED_FACE('',(#8840),#9451,.F.);
#9953=ADVANCED_FACE('',(#8841),#9452,.F.);
#9954=ADVANCED_FACE('',(#8842),#9453,.F.);
#9955=ADVANCED_FACE('',(#8843),#9454,.F.);
#9956=ADVANCED_FACE('',(#8844,#8845,#8846,#8847,#8848,#8849,#8850,#8851,
#8852,#8853,#8854,#8855,#8856,#8857,#8858,#8859,#8860,#8861,#8862,#8863,
#8864,#8865,#8866),#9455,.T.);
#9957=ADVANCED_FACE('',(#8867),#9456,.F.);
#9958=ADVANCED_FACE('',(#8868),#9457,.F.);
#9959=ADVANCED_FACE('',(#8869),#9458,.F.);
#9960=ADVANCED_FACE('',(#8870),#9459,.F.);
#9961=ADVANCED_FACE('',(#8871),#9460,.F.);
#9962=ADVANCED_FACE('',(#8872),#9461,.F.);
#9963=ADVANCED_FACE('',(#8873),#9462,.F.);
#9964=ADVANCED_FACE('',(#8874),#9463,.F.);
#9965=ADVANCED_FACE('',(#8875),#9464,.F.);
#9966=ADVANCED_FACE('',(#8876),#9465,.F.);
#9967=ADVANCED_FACE('',(#8877),#9466,.F.);
#9968=ADVANCED_FACE('',(#8878),#9467,.F.);
#9969=ADVANCED_FACE('',(#8879),#9468,.F.);
#9970=ADVANCED_FACE('',(#8880),#9469,.F.);
#9971=ADVANCED_FACE('',(#8881),#9470,.F.);
#9972=ADVANCED_FACE('',(#8882,#8883),#73,.F.);
#9973=ADVANCED_FACE('',(#8884,#8885),#28,.F.);
#9974=ADVANCED_FACE('',(#8886),#29,.F.);
#9975=ADVANCED_FACE('',(#8887),#9471,.T.);
#9976=ADVANCED_FACE('',(#8888),#30,.F.);
#9977=ADVANCED_FACE('',(#8889),#9472,.T.);
#9978=ADVANCED_FACE('',(#8890),#31,.F.);
#9979=ADVANCED_FACE('',(#8891),#9473,.T.);
#9980=ADVANCED_FACE('',(#8892),#32,.F.);
#9981=ADVANCED_FACE('',(#8893),#9474,.T.);
#9982=ADVANCED_FACE('',(#8894),#9475,.F.);
#9983=ADVANCED_FACE('',(#8895),#9476,.F.);
#9984=ADVANCED_FACE('',(#8896),#9477,.F.);
#9985=ADVANCED_FACE('',(#8897),#9478,.F.);
#9986=ADVANCED_FACE('',(#8898),#9479,.F.);
#9987=ADVANCED_FACE('',(#8899),#9480,.F.);
#9988=ADVANCED_FACE('',(#8900),#9481,.F.);
#9989=ADVANCED_FACE('',(#8901),#9482,.F.);
#9990=ADVANCED_FACE('',(#8902),#9483,.F.);
#9991=ADVANCED_FACE('',(#8903),#9484,.F.);
#9992=ADVANCED_FACE('',(#8904),#9485,.F.);
#9993=ADVANCED_FACE('',(#8905),#9486,.F.);
#9994=ADVANCED_FACE('',(#8906),#9487,.F.);
#9995=ADVANCED_FACE('',(#8907),#9488,.F.);
#9996=ADVANCED_FACE('',(#8908),#9489,.T.);
#9997=ADVANCED_FACE('',(#8909),#9490,.T.);
#9998=ADVANCED_FACE('',(#8910),#9491,.T.);
#9999=ADVANCED_FACE('',(#8911),#9492,.T.);
#10000=ADVANCED_FACE('',(#8912),#9493,.T.);
#10001=ADVANCED_FACE('',(#8913),#9494,.T.);
#10002=ADVANCED_FACE('',(#8914),#9495,.T.);
#10003=ADVANCED_FACE('',(#8915),#9496,.T.);
#10004=ADVANCED_FACE('',(#8916),#9497,.T.);
#10005=ADVANCED_FACE('',(#8917),#9498,.T.);
#10006=ADVANCED_FACE('',(#8918),#9499,.T.);
#10007=ADVANCED_FACE('',(#8919),#9500,.T.);
#10008=ADVANCED_FACE('',(#8920),#9501,.T.);
#10009=ADVANCED_FACE('',(#8921),#9502,.T.);
#10010=ADVANCED_FACE('',(#8922),#9503,.T.);
#10011=ADVANCED_FACE('',(#8923),#9504,.T.);
#10012=ADVANCED_FACE('',(#8924),#9505,.T.);
#10013=ADVANCED_FACE('',(#8925),#9506,.T.);
#10014=ADVANCED_FACE('',(#8926),#9507,.T.);
#10015=ADVANCED_FACE('',(#8927),#9508,.T.);
#10016=ADVANCED_FACE('',(#8928),#9509,.T.);
#10017=ADVANCED_FACE('',(#8929),#9510,.T.);
#10018=ADVANCED_FACE('',(#8930),#9511,.T.);
#10019=ADVANCED_FACE('',(#8931),#9512,.T.);
#10020=ADVANCED_FACE('',(#8932),#9513,.F.);
#10021=ADVANCED_FACE('',(#8933),#9514,.F.);
#10022=ADVANCED_FACE('',(#8934),#9515,.F.);
#10023=ADVANCED_FACE('',(#8935),#9516,.F.);
#10024=ADVANCED_FACE('',(#8936),#9517,.F.);
#10025=ADVANCED_FACE('',(#8937),#9518,.T.);
#10026=ADVANCED_FACE('',(#8938),#9519,.F.);
#10027=ADVANCED_FACE('',(#8939),#9520,.F.);
#10028=ADVANCED_FACE('',(#8940),#9521,.F.);
#10029=ADVANCED_FACE('',(#8941),#9522,.F.);
#10030=ADVANCED_FACE('',(#8942),#9523,.F.);
#10031=ADVANCED_FACE('',(#8943),#9524,.T.);
#10032=ADVANCED_FACE('',(#8944),#9525,.F.);
#10033=ADVANCED_FACE('',(#8945),#9526,.F.);
#10034=ADVANCED_FACE('',(#8946),#9527,.F.);
#10035=ADVANCED_FACE('',(#8947),#9528,.F.);
#10036=ADVANCED_FACE('',(#8948),#9529,.F.);
#10037=ADVANCED_FACE('',(#8949),#9530,.F.);
#10038=ADVANCED_FACE('',(#8950),#9531,.T.);
#10039=ADVANCED_FACE('',(#8951),#9532,.F.);
#10040=ADVANCED_FACE('',(#8952),#9533,.F.);
#10041=ADVANCED_FACE('',(#8953),#9534,.F.);
#10042=ADVANCED_FACE('',(#8954),#9535,.F.);
#10043=ADVANCED_FACE('',(#8955),#9536,.F.);
#10044=ADVANCED_FACE('',(#8956),#9537,.F.);
#10045=ADVANCED_FACE('',(#8957),#9538,.T.);
#10046=ADVANCED_FACE('',(#8958),#9539,.F.);
#10047=ADVANCED_FACE('',(#8959),#9540,.F.);
#10048=ADVANCED_FACE('',(#8960),#9541,.F.);
#10049=ADVANCED_FACE('',(#8961),#9542,.F.);
#10050=ADVANCED_FACE('',(#8962),#9543,.T.);
#10051=ADVANCED_FACE('',(#8963),#9544,.F.);
#10052=ADVANCED_FACE('',(#8964),#9545,.F.);
#10053=ADVANCED_FACE('',(#8965),#9546,.F.);
#10054=ADVANCED_FACE('',(#8966),#9547,.F.);
#10055=ADVANCED_FACE('',(#8967),#9548,.T.);
#10056=ADVANCED_FACE('',(#8968),#9549,.F.);
#10057=ADVANCED_FACE('',(#8969),#9550,.F.);
#10058=ADVANCED_FACE('',(#8970),#9551,.F.);
#10059=ADVANCED_FACE('',(#8971),#9552,.F.);
#10060=ADVANCED_FACE('',(#8972),#9553,.T.);
#10061=ADVANCED_FACE('',(#8973),#9554,.F.);
#10062=ADVANCED_FACE('',(#8974),#9555,.F.);
#10063=ADVANCED_FACE('',(#8975),#9556,.F.);
#10064=ADVANCED_FACE('',(#8976),#9557,.F.);
#10065=ADVANCED_FACE('',(#8977),#9558,.T.);
#10066=ADVANCED_FACE('',(#8978),#9559,.F.);
#10067=ADVANCED_FACE('',(#8979),#9560,.F.);
#10068=ADVANCED_FACE('',(#8980),#9561,.F.);
#10069=ADVANCED_FACE('',(#8981),#9562,.F.);
#10070=ADVANCED_FACE('',(#8982),#9563,.T.);
#10071=ADVANCED_FACE('',(#8983),#9564,.F.);
#10072=ADVANCED_FACE('',(#8984),#9565,.F.);
#10073=ADVANCED_FACE('',(#8985),#9566,.F.);
#10074=ADVANCED_FACE('',(#8986),#9567,.F.);
#10075=ADVANCED_FACE('',(#8987),#9568,.T.);
#10076=ADVANCED_FACE('',(#8988),#9569,.F.);
#10077=ADVANCED_FACE('',(#8989),#9570,.F.);
#10078=ADVANCED_FACE('',(#8990),#9571,.F.);
#10079=ADVANCED_FACE('',(#8991),#9572,.F.);
#10080=ADVANCED_FACE('',(#8992),#9573,.T.);
#10081=ADVANCED_FACE('',(#8993),#9574,.F.);
#10082=ADVANCED_FACE('',(#8994),#9575,.F.);
#10083=ADVANCED_FACE('',(#8995),#9576,.F.);
#10084=ADVANCED_FACE('',(#8996),#9577,.F.);
#10085=ADVANCED_FACE('',(#8997),#9578,.T.);
#10086=ADVANCED_FACE('',(#8998),#9579,.F.);
#10087=ADVANCED_FACE('',(#8999),#9580,.F.);
#10088=ADVANCED_FACE('',(#9000),#9581,.F.);
#10089=ADVANCED_FACE('',(#9001),#9582,.F.);
#10090=ADVANCED_FACE('',(#9002),#9583,.T.);
#10091=ADVANCED_FACE('',(#9003),#9584,.F.);
#10092=ADVANCED_FACE('',(#9004),#9585,.F.);
#10093=ADVANCED_FACE('',(#9005),#9586,.F.);
#10094=ADVANCED_FACE('',(#9006),#9587,.F.);
#10095=ADVANCED_FACE('',(#9007),#9588,.T.);
#10096=ADVANCED_FACE('',(#9008),#9589,.F.);
#10097=ADVANCED_FACE('',(#9009),#9590,.F.);
#10098=ADVANCED_FACE('',(#9010),#9591,.F.);
#10099=ADVANCED_FACE('',(#9011),#9592,.F.);
#10100=ADVANCED_FACE('',(#9012),#9593,.T.);
#10101=ADVANCED_FACE('',(#9013),#9594,.F.);
#10102=ADVANCED_FACE('',(#9014),#9595,.F.);
#10103=ADVANCED_FACE('',(#9015),#9596,.F.);
#10104=ADVANCED_FACE('',(#9016),#9597,.F.);
#10105=ADVANCED_FACE('',(#9017),#9598,.T.);
#10106=ADVANCED_FACE('',(#9018),#9599,.F.);
#10107=ADVANCED_FACE('',(#9019),#9600,.F.);
#10108=ADVANCED_FACE('',(#9020),#9601,.F.);
#10109=ADVANCED_FACE('',(#9021),#9602,.F.);
#10110=ADVANCED_FACE('',(#9022),#9603,.T.);
#10111=ADVANCED_FACE('',(#9023),#9604,.F.);
#10112=ADVANCED_FACE('',(#9024),#9605,.F.);
#10113=ADVANCED_FACE('',(#9025),#9606,.F.);
#10114=ADVANCED_FACE('',(#9026),#9607,.F.);
#10115=ADVANCED_FACE('',(#9027),#9608,.T.);
#10116=ADVANCED_FACE('',(#9028),#9609,.F.);
#10117=ADVANCED_FACE('',(#9029),#9610,.F.);
#10118=ADVANCED_FACE('',(#9030),#9611,.F.);
#10119=ADVANCED_FACE('',(#9031),#9612,.F.);
#10120=ADVANCED_FACE('',(#9032),#9613,.T.);
#10121=ADVANCED_FACE('',(#9033),#9614,.F.);
#10122=ADVANCED_FACE('',(#9034),#9615,.F.);
#10123=ADVANCED_FACE('',(#9035),#9616,.F.);
#10124=ADVANCED_FACE('',(#9036),#9617,.F.);
#10125=ADVANCED_FACE('',(#9037),#9618,.T.);
#10126=ADVANCED_FACE('',(#9038),#9619,.F.);
#10127=ADVANCED_FACE('',(#9039),#9620,.F.);
#10128=ADVANCED_FACE('',(#9040),#9621,.T.);
#10129=ADVANCED_FACE('',(#9041),#9622,.F.);
#10130=ADVANCED_FACE('',(#9042),#33,.T.);
#10131=ADVANCED_FACE('',(#9043),#34,.T.);
#10132=ADVANCED_FACE('',(#9044),#35,.T.);
#10133=ADVANCED_FACE('',(#9045),#36,.T.);
#10134=ADVANCED_FACE('',(#9046),#37,.T.);
#10135=ADVANCED_FACE('',(#9047),#38,.T.);
#10136=ADVANCED_FACE('',(#9048),#39,.T.);
#10137=ADVANCED_FACE('',(#9049),#40,.T.);
#10138=ADVANCED_FACE('',(#9050),#41,.T.);
#10139=ADVANCED_FACE('',(#9051),#42,.T.);
#10140=ADVANCED_FACE('',(#9052),#9623,.F.);
#10141=ADVANCED_FACE('',(#9053),#9624,.F.);
#10142=ADVANCED_FACE('',(#9054),#9625,.F.);
#10143=ADVANCED_FACE('',(#9055),#9626,.F.);
#10144=ADVANCED_FACE('',(#9056),#9627,.F.);
#10145=ADVANCED_FACE('',(#9057),#9628,.F.);
#10146=ADVANCED_FACE('',(#9058),#9629,.F.);
#10147=ADVANCED_FACE('',(#9059),#9630,.F.);
#10148=ADVANCED_FACE('',(#9060),#9631,.F.);
#10149=ADVANCED_FACE('',(#9061),#9632,.F.);
#10150=ADVANCED_FACE('',(#9062),#9633,.F.);
#10151=ADVANCED_FACE('',(#9063),#9634,.F.);
#10152=ADVANCED_FACE('',(#9064),#9635,.F.);
#10153=ADVANCED_FACE('',(#9065),#9636,.F.);
#10154=ADVANCED_FACE('',(#9066),#9637,.F.);
#10155=ADVANCED_FACE('',(#9067),#9638,.F.);
#10156=ADVANCED_FACE('',(#9068),#9639,.F.);
#10157=ADVANCED_FACE('',(#9069),#9640,.F.);
#10158=ADVANCED_FACE('',(#9070),#9641,.F.);
#10159=ADVANCED_FACE('',(#9071),#9642,.F.);
#10160=ADVANCED_FACE('',(#9072),#9643,.F.);
#10161=ADVANCED_FACE('',(#9073),#9644,.F.);
#10162=ADVANCED_FACE('',(#9074),#9645,.F.);
#10163=ADVANCED_FACE('',(#9075),#9646,.F.);
#10164=ADVANCED_FACE('',(#9076),#9647,.F.);
#10165=ADVANCED_FACE('',(#9077),#9648,.F.);
#10166=ADVANCED_FACE('',(#9078),#9649,.F.);
#10167=ADVANCED_FACE('',(#9079),#9650,.F.);
#10168=ADVANCED_FACE('',(#9080),#9651,.F.);
#10169=ADVANCED_FACE('',(#9081),#9652,.F.);
#10170=ADVANCED_FACE('',(#9082),#43,.F.);
#10171=ADVANCED_FACE('',(#9083),#44,.F.);
#10172=ADVANCED_FACE('',(#9084),#45,.F.);
#10173=ADVANCED_FACE('',(#9085),#46,.F.);
#10174=ADVANCED_FACE('',(#9086),#47,.F.);
#10175=ADVANCED_FACE('',(#9087),#48,.F.);
#10176=ADVANCED_FACE('',(#9088),#49,.F.);
#10177=ADVANCED_FACE('',(#9089),#50,.F.);
#10178=ADVANCED_FACE('',(#9090),#51,.F.);
#10179=ADVANCED_FACE('',(#9091),#52,.F.);
#10180=ADVANCED_FACE('',(#9092),#9653,.F.);
#10181=ADVANCED_FACE('',(#9093),#9654,.F.);
#10182=ADVANCED_FACE('',(#9094),#9655,.F.);
#10183=ADVANCED_FACE('',(#9095),#9656,.F.);
#10184=ADVANCED_FACE('',(#9096),#9657,.F.);
#10185=ADVANCED_FACE('',(#9097),#9658,.F.);
#10186=ADVANCED_FACE('',(#9098),#9659,.F.);
#10187=ADVANCED_FACE('',(#9099),#9660,.F.);
#10188=ADVANCED_FACE('',(#9100),#9661,.F.);
#10189=ADVANCED_FACE('',(#9101),#9662,.F.);
#10190=ADVANCED_FACE('',(#9102),#9663,.F.);
#10191=ADVANCED_FACE('',(#9103),#9664,.F.);
#10192=ADVANCED_FACE('',(#9104),#9665,.F.);
#10193=ADVANCED_FACE('',(#9105),#9666,.F.);
#10194=ADVANCED_FACE('',(#9106),#9667,.F.);
#10195=ADVANCED_FACE('',(#9107),#9668,.F.);
#10196=ADVANCED_FACE('',(#9108),#9669,.F.);
#10197=ADVANCED_FACE('',(#9109),#9670,.F.);
#10198=ADVANCED_FACE('',(#9110),#9671,.F.);
#10199=ADVANCED_FACE('',(#9111),#9672,.F.);
#10200=ADVANCED_FACE('',(#9112),#53,.T.);
#10201=ADVANCED_FACE('',(#9113),#54,.T.);
#10202=ADVANCED_FACE('',(#9114),#55,.T.);
#10203=ADVANCED_FACE('',(#9115),#56,.T.);
#10204=ADVANCED_FACE('',(#9116),#57,.T.);
#10205=ADVANCED_FACE('',(#9117),#58,.T.);
#10206=ADVANCED_FACE('',(#9118),#59,.T.);
#10207=ADVANCED_FACE('',(#9119),#60,.T.);
#10208=ADVANCED_FACE('',(#9120),#61,.T.);
#10209=ADVANCED_FACE('',(#9121),#62,.T.);
#10210=ADVANCED_FACE('',(#9122),#9673,.F.);
#10211=ADVANCED_FACE('',(#9123),#9674,.F.);
#10212=ADVANCED_FACE('',(#9124),#9675,.F.);
#10213=ADVANCED_FACE('',(#9125),#9676,.F.);
#10214=ADVANCED_FACE('',(#9126),#9677,.F.);
#10215=ADVANCED_FACE('',(#9127),#9678,.F.);
#10216=ADVANCED_FACE('',(#9128),#9679,.F.);
#10217=ADVANCED_FACE('',(#9129),#9680,.F.);
#10218=ADVANCED_FACE('',(#9130),#9681,.F.);
#10219=ADVANCED_FACE('',(#9131),#9682,.F.);
#10220=ADVANCED_FACE('',(#9132),#9683,.F.);
#10221=ADVANCED_FACE('',(#9133),#9684,.F.);
#10222=ADVANCED_FACE('',(#9134),#9685,.F.);
#10223=ADVANCED_FACE('',(#9135),#9686,.F.);
#10224=ADVANCED_FACE('',(#9136),#9687,.F.);
#10225=ADVANCED_FACE('',(#9137),#9688,.F.);
#10226=ADVANCED_FACE('',(#9138),#9689,.F.);
#10227=ADVANCED_FACE('',(#9139),#9690,.F.);
#10228=ADVANCED_FACE('',(#9140),#9691,.F.);
#10229=ADVANCED_FACE('',(#9141),#9692,.F.);
#10230=ADVANCED_FACE('',(#9142),#9693,.F.);
#10231=ADVANCED_FACE('',(#9143),#9694,.F.);
#10232=ADVANCED_FACE('',(#9144),#9695,.F.);
#10233=ADVANCED_FACE('',(#9145),#9696,.F.);
#10234=ADVANCED_FACE('',(#9146),#9697,.F.);
#10235=ADVANCED_FACE('',(#9147),#9698,.F.);
#10236=ADVANCED_FACE('',(#9148),#9699,.F.);
#10237=ADVANCED_FACE('',(#9149),#9700,.F.);
#10238=ADVANCED_FACE('',(#9150),#9701,.F.);
#10239=ADVANCED_FACE('',(#9151),#9702,.F.);
#10240=ADVANCED_FACE('',(#9152),#63,.F.);
#10241=ADVANCED_FACE('',(#9153),#64,.F.);
#10242=ADVANCED_FACE('',(#9154),#65,.F.);
#10243=ADVANCED_FACE('',(#9155),#66,.F.);
#10244=ADVANCED_FACE('',(#9156),#67,.F.);
#10245=ADVANCED_FACE('',(#9157),#68,.F.);
#10246=ADVANCED_FACE('',(#9158),#69,.F.);
#10247=ADVANCED_FACE('',(#9159),#70,.F.);
#10248=ADVANCED_FACE('',(#9160),#71,.F.);
#10249=ADVANCED_FACE('',(#9161),#72,.F.);
#10250=ADVANCED_FACE('',(#9162),#9703,.F.);
#10251=ADVANCED_FACE('',(#9163),#9704,.F.);
#10252=ADVANCED_FACE('',(#9164),#9705,.F.);
#10253=ADVANCED_FACE('',(#9165),#9706,.F.);
#10254=ADVANCED_FACE('',(#9166),#9707,.F.);
#10255=ADVANCED_FACE('',(#9167),#9708,.F.);
#10256=ADVANCED_FACE('',(#9168),#9709,.F.);
#10257=ADVANCED_FACE('',(#9169),#9710,.F.);
#10258=ADVANCED_FACE('',(#9170),#9711,.F.);
#10259=ADVANCED_FACE('',(#9171),#9712,.F.);
#10260=ADVANCED_FACE('',(#9172),#9713,.F.);
#10261=ADVANCED_FACE('',(#9173),#9714,.F.);
#10262=ADVANCED_FACE('',(#9174),#9715,.F.);
#10263=ADVANCED_FACE('',(#9175),#9716,.F.);
#10264=ADVANCED_FACE('',(#9176),#9717,.F.);
#10265=ADVANCED_FACE('',(#9177),#9718,.F.);
#10266=ADVANCED_FACE('',(#9178),#9719,.F.);
#10267=ADVANCED_FACE('',(#9179),#9720,.F.);
#10268=ADVANCED_FACE('',(#9180),#9721,.F.);
#10269=ADVANCED_FACE('',(#9181),#9722,.F.);
#10270=ADVANCED_FACE('',(#9182,#9183,#9184,#9185,#9186,#9187,#9188,#9189,
#9190,#9191,#9192,#9193,#9194,#9195,#9196,#9197,#9198,#9199,#9200,#9201,
#9202),#9723,.F.);
#10271=ADVANCED_FACE('',(#9203),#9724,.F.);
#10272=ADVANCED_FACE('',(#9204),#9725,.T.);
#10273=ADVANCED_FACE('',(#9205),#9726,.T.);
#10274=ADVANCED_FACE('',(#9206),#9727,.F.);
#10275=ADVANCED_FACE('',(#9207),#9728,.T.);
#10276=ADVANCED_FACE('',(#9208),#9729,.T.);
#10277=ADVANCED_FACE('',(#9209),#9730,.T.);
#10278=ADVANCED_FACE('',(#9210),#9731,.T.);
#10279=ADVANCED_FACE('',(#9211),#9732,.T.);
#10280=ADVANCED_FACE('',(#9212),#9733,.T.);
#10281=ADVANCED_FACE('',(#9213),#9734,.T.);
#10282=ADVANCED_FACE('',(#9214),#9735,.T.);
#10283=ADVANCED_FACE('',(#9215),#9736,.T.);
#10284=ADVANCED_FACE('',(#9216),#9737,.T.);
#10285=ADVANCED_FACE('',(#9217),#9738,.T.);
#10286=ADVANCED_FACE('',(#9218),#9739,.T.);
#10287=ADVANCED_FACE('',(#9219),#9740,.T.);
#10288=ADVANCED_FACE('',(#9220),#9741,.T.);
#10289=ADVANCED_FACE('',(#9221),#9742,.T.);
#10290=ADVANCED_FACE('',(#9222),#9743,.T.);
#10291=ADVANCED_FACE('',(#9223),#9744,.T.);
#10292=ADVANCED_FACE('',(#9224),#9745,.T.);
#10293=ADVANCED_FACE('',(#9225),#9746,.T.);
#10294=ADVANCED_FACE('',(#9226),#9747,.T.);
#10295=ADVANCED_FACE('',(#9227),#9748,.T.);
#10296=ADVANCED_FACE('',(#9228),#9749,.T.);
#10297=ADVANCED_FACE('',(#9229),#9750,.T.);
#10298=ADVANCED_FACE('',(#9230),#9751,.T.);
#10299=ADVANCED_FACE('',(#9231),#9752,.T.);
#10300=ADVANCED_FACE('',(#9232),#9753,.T.);
#10301=ADVANCED_FACE('',(#9233),#9754,.T.);
#10302=ADVANCED_FACE('',(#9234),#9755,.T.);
#10303=ADVANCED_FACE('',(#9235),#9756,.T.);
#10304=ADVANCED_FACE('',(#9236),#9757,.T.);
#10305=ADVANCED_FACE('',(#9237),#9758,.T.);
#10306=ADVANCED_FACE('',(#9238),#9759,.T.);
#10307=ADVANCED_FACE('',(#9239),#9760,.T.);
#10308=ADVANCED_FACE('',(#9240),#9761,.T.);
#10309=ADVANCED_FACE('',(#9241),#9762,.T.);
#10310=ADVANCED_FACE('',(#9242),#9763,.T.);
#10311=ADVANCED_FACE('',(#9243),#9764,.T.);
#10312=ADVANCED_FACE('',(#9244),#9765,.F.);
#10313=ADVANCED_FACE('',(#9245),#9766,.F.);
#10314=ADVANCED_FACE('',(#9246),#9767,.T.);
#10315=ADVANCED_FACE('',(#9247),#9768,.F.);
#10316=ADVANCED_FACE('',(#9248),#9769,.F.);
#10317=ADVANCED_FACE('',(#9249),#9770,.F.);
#10318=ADVANCED_FACE('',(#9250),#9771,.F.);
#10319=ADVANCED_FACE('',(#9251),#9772,.F.);
#10320=ADVANCED_FACE('',(#9252),#9773,.F.);
#10321=ADVANCED_FACE('',(#9253),#9774,.F.);
#10322=ADVANCED_FACE('',(#9254),#9775,.F.);
#10323=ADVANCED_FACE('',(#9255),#9776,.F.);
#10324=ADVANCED_FACE('',(#9256),#9777,.F.);
#10325=ADVANCED_FACE('',(#9257),#9778,.F.);
#10326=ADVANCED_FACE('',(#9258),#9779,.F.);
#10327=ADVANCED_FACE('',(#9259),#9780,.F.);
#10328=ADVANCED_FACE('',(#9260),#9781,.F.);
#10329=ADVANCED_FACE('',(#9261),#9782,.F.);
#10330=ADVANCED_FACE('',(#9262),#9783,.F.);
#10331=ADVANCED_FACE('',(#9263),#9784,.F.);
#10332=ADVANCED_FACE('',(#9264),#9785,.F.);
#10333=ADVANCED_FACE('',(#9265),#9786,.F.);
#10334=ADVANCED_FACE('',(#9266),#9787,.F.);
#10335=ADVANCED_FACE('',(#9267),#9788,.F.);
#10336=ADVANCED_FACE('',(#9268),#9789,.F.);
#10337=ADVANCED_FACE('',(#9269),#9790,.F.);
#10338=ADVANCED_FACE('',(#9270),#9791,.F.);
#10339=ADVANCED_FACE('',(#9271),#9792,.F.);
#10340=ADVANCED_FACE('',(#9272),#9793,.F.);
#10341=ADVANCED_FACE('',(#9273),#9794,.F.);
#10342=ADVANCED_FACE('',(#9274),#9795,.F.);
#10343=ADVANCED_FACE('',(#9275),#9796,.F.);
#10344=ADVANCED_FACE('',(#9276),#9797,.F.);
#10345=ADVANCED_FACE('',(#9277),#9798,.F.);
#10346=ADVANCED_FACE('',(#9278),#9799,.F.);
#10347=ADVANCED_FACE('',(#9279),#9800,.F.);
#10348=ADVANCED_FACE('',(#9280),#9801,.F.);
#10349=ADVANCED_FACE('',(#9281),#9802,.F.);
#10350=ADVANCED_FACE('',(#9282),#9803,.F.);
#10351=ADVANCED_FACE('',(#9283),#9804,.F.);
#10352=ADVANCED_FACE('',(#9284),#9805,.F.);
#10353=ADVANCED_FACE('',(#9285),#9806,.F.);
#10354=ADVANCED_FACE('',(#9286),#9807,.F.);
#10355=ADVANCED_FACE('',(#9287),#9808,.F.);
#10356=ADVANCED_FACE('',(#9288),#9809,.F.);
#10357=ADVANCED_FACE('',(#9289),#9810,.F.);
#10358=ADVANCED_FACE('',(#9290),#9811,.F.);
#10359=ADVANCED_FACE('',(#9291),#9812,.F.);
#10360=ADVANCED_FACE('',(#9292),#9813,.F.);
#10361=ADVANCED_FACE('',(#9293),#9814,.F.);
#10362=ADVANCED_FACE('',(#9294),#9815,.F.);
#10363=ADVANCED_FACE('',(#9295),#9816,.F.);
#10364=ADVANCED_FACE('',(#9296),#9817,.F.);
#10365=ADVANCED_FACE('',(#9297),#9818,.F.);
#10366=ADVANCED_FACE('',(#9298),#9819,.F.);
#10367=ADVANCED_FACE('',(#9299),#9820,.F.);
#10368=ADVANCED_FACE('',(#9300),#9821,.F.);
#10369=ADVANCED_FACE('',(#9301),#9822,.F.);
#10370=ADVANCED_FACE('',(#9302),#9823,.F.);
#10371=ADVANCED_FACE('',(#9303),#9824,.F.);
#10372=ADVANCED_FACE('',(#9304),#9825,.F.);
#10373=ADVANCED_FACE('',(#9305),#9826,.F.);
#10374=ADVANCED_FACE('',(#9306),#9827,.F.);
#10375=ADVANCED_FACE('',(#9307),#9828,.F.);
#10376=ADVANCED_FACE('',(#9308),#9829,.T.);
#10377=ADVANCED_FACE('',(#9309),#9830,.F.);
#10378=ADVANCED_FACE('',(#9310,#9311,#9312,#9313,#9314,#9315,#9316,#9317,
#9318,#9319,#9320,#9321,#9322,#9323,#9324,#9325,#9326,#9327,#9328,#9329,
#9330),#9831,.F.);
#10379=ADVANCED_FACE('',(#9331),#9832,.T.);
#10380=ADVANCED_FACE('',(#9332),#9833,.F.);
#10381=ADVANCED_FACE('',(#9333),#9834,.T.);
#10382=ADVANCED_FACE('',(#9334),#9835,.T.);
#10383=ADVANCED_FACE('',(#9335),#9836,.T.);
#10384=ADVANCED_FACE('',(#9336),#9837,.T.);
#10385=ADVANCED_FACE('',(#9337),#9838,.T.);
#10386=ADVANCED_FACE('',(#9338),#9839,.T.);
#10387=ADVANCED_FACE('',(#9339),#9840,.T.);
#10388=ADVANCED_FACE('',(#9340),#9841,.T.);
#10389=ADVANCED_FACE('',(#9341),#9842,.T.);
#10390=ADVANCED_FACE('',(#9342),#9843,.T.);
#10391=ADVANCED_FACE('',(#9343),#9844,.T.);
#10392=ADVANCED_FACE('',(#9344),#9845,.T.);
#10393=ADVANCED_FACE('',(#9345),#9846,.T.);
#10394=ADVANCED_FACE('',(#9346),#9847,.T.);
#10395=ADVANCED_FACE('',(#9347),#9848,.T.);
#10396=ADVANCED_FACE('',(#9348),#9849,.T.);
#10397=ADVANCED_FACE('',(#9349),#9850,.T.);
#10398=ADVANCED_FACE('',(#9350),#9851,.T.);
#10399=ADVANCED_FACE('',(#9351),#9852,.T.);
#10400=ADVANCED_FACE('',(#9352),#9853,.T.);
#10401=ADVANCED_FACE('',(#9353),#9854,.T.);
#10402=ADVANCED_FACE('',(#9354),#9855,.T.);
#10403=ADVANCED_FACE('',(#9355),#9856,.T.);
#10404=ADVANCED_FACE('',(#9356),#9857,.T.);
#10405=ADVANCED_FACE('',(#9357),#9858,.T.);
#10406=ADVANCED_FACE('',(#9358),#9859,.T.);
#10407=ADVANCED_FACE('',(#9359),#9860,.T.);
#10408=ADVANCED_FACE('',(#9360),#9861,.T.);
#10409=ADVANCED_FACE('',(#9361),#9862,.T.);
#10410=ADVANCED_FACE('',(#9362),#9863,.T.);
#10411=ADVANCED_FACE('',(#9363),#9864,.T.);
#10412=ADVANCED_FACE('',(#9364),#9865,.T.);
#10413=ADVANCED_FACE('',(#9365),#9866,.T.);
#10414=ADVANCED_FACE('',(#9366),#9867,.T.);
#10415=ADVANCED_FACE('',(#9367),#9868,.T.);
#10416=ADVANCED_FACE('',(#9368),#9869,.T.);
#10417=ADVANCED_FACE('',(#9369),#9870,.T.);
#10418=CLOSED_SHELL('',(#9871,#9872,#9873,#9874,#9875,#9876,#9877,#9878,
#9879,#9880,#9881,#9882,#9883,#9884,#9885,#9886,#9887,#9888,#9889,#9890,
#9891,#9892,#9893,#9894,#9895,#9896,#9897,#9898,#9899,#9900,#9901,#9902,
#9903,#9904,#9905,#9906,#9907,#9908,#9909,#9910,#9911,#9912,#9913,#9914,
#9915,#9916,#9917,#9918,#9919,#9920,#9921,#9922,#9923,#9924,#9925,#9926,
#9927,#9928,#9929,#9930,#9931,#9932,#9933,#9934,#9935,#9936,#9937,#9938,
#9939,#9940,#9941,#9942,#9943,#9944,#9945,#9946,#9947,#9948,#9949,#9950,
#9951,#9952,#9953,#9954,#9955,#9956,#9957,#9958,#9959,#9960,#9961,#9962,
#9963,#9964,#9965,#9966,#9967,#9968,#9969,#9970,#9971,#9972,#9973,#9974,
#9975,#9976,#9977,#9978,#9979,#9980,#9981,#9982,#9983,#9984,#9985,#9986,
#9987,#9988,#9989,#9990,#9991,#9992,#9993,#9994,#9995,#9996,#9997,#9998,
#9999,#10000,#10001,#10002,#10003,#10004,#10005,#10006,#10007,#10008,#10009,
#10010,#10011,#10012,#10013,#10014,#10015,#10016,#10017,#10018,#10019,#10020,
#10021,#10022,#10023,#10024,#10025,#10026,#10027,#10028,#10029,#10030,#10031,
#10032,#10033,#10034,#10035,#10036,#10037,#10038,#10039,#10040,#10041,#10042,
#10043,#10044,#10045,#10046,#10047,#10048,#10049,#10050,#10051,#10052,#10053,
#10054,#10055,#10056,#10057,#10058,#10059,#10060,#10061,#10062,#10063,#10064,
#10065,#10066,#10067,#10068,#10069,#10070,#10071,#10072,#10073,#10074,#10075,
#10076,#10077,#10078,#10079,#10080,#10081,#10082,#10083,#10084,#10085,#10086,
#10087,#10088,#10089,#10090,#10091,#10092,#10093,#10094,#10095,#10096,#10097,
#10098,#10099,#10100,#10101,#10102,#10103,#10104,#10105,#10106,#10107,#10108,
#10109,#10110,#10111,#10112,#10113,#10114,#10115,#10116,#10117,#10118,#10119,
#10120,#10121,#10122,#10123,#10124,#10125));
#10419=CLOSED_SHELL('',(#10126,#10127,#10128,#10129,#10130,#10131,#10132,
#10133,#10134,#10135,#10136,#10137,#10138,#10139,#10140,#10141,#10142,#10143,
#10144,#10145,#10146,#10147,#10148,#10149,#10150,#10151,#10152,#10153,#10154,
#10155,#10156,#10157,#10158,#10159,#10160,#10161,#10162,#10163,#10164,#10165,
#10166,#10167,#10168,#10169,#10170,#10171,#10172,#10173,#10174,#10175,#10176,
#10177,#10178,#10179,#10180,#10181,#10182,#10183,#10184,#10185,#10186,#10187,
#10188,#10189,#10190,#10191,#10192,#10193,#10194,#10195,#10196,#10197,#10198,
#10199,#10200,#10201,#10202,#10203,#10204,#10205,#10206,#10207,#10208,#10209,
#10210,#10211,#10212,#10213,#10214,#10215,#10216,#10217,#10218,#10219,#10220,
#10221,#10222,#10223,#10224,#10225,#10226,#10227,#10228,#10229,#10230,#10231,
#10232,#10233,#10234,#10235,#10236,#10237,#10238,#10239,#10240,#10241,#10242,
#10243,#10244,#10245,#10246,#10247,#10248,#10249,#10250,#10251,#10252,#10253,
#10254,#10255,#10256,#10257,#10258,#10259,#10260,#10261,#10262,#10263,#10264,
#10265,#10266,#10267,#10268,#10269,#10270,#10271,#10272,#10273,#10274,#10275,
#10276,#10277,#10278,#10279,#10280,#10281,#10282,#10283,#10284,#10285,#10286,
#10287,#10288,#10289,#10290,#10291,#10292,#10293,#10294,#10295,#10296,#10297,
#10298,#10299,#10300,#10301,#10302,#10303,#10304,#10305,#10306,#10307,#10308,
#10309,#10310,#10311));
#10420=CLOSED_SHELL('',(#10312,#10313,#10314,#10315,#10316,#10317,#10318,
#10319,#10320,#10321,#10322,#10323,#10324,#10325,#10326,#10327,#10328,#10329,
#10330,#10331,#10332,#10333,#10334,#10335,#10336,#10337,#10338,#10339,#10340,
#10341,#10342,#10343,#10344,#10345,#10346,#10347,#10348,#10349,#10350,#10351,
#10352,#10353,#10354,#10355,#10356,#10357,#10358,#10359,#10360,#10361,#10362,
#10363,#10364,#10365,#10366,#10367,#10368,#10369,#10370,#10371,#10372,#10373,
#10374,#10375,#10376,#10377,#10378,#10379,#10380,#10381,#10382,#10383,#10384,
#10385,#10386,#10387,#10388,#10389,#10390,#10391,#10392,#10393,#10394,#10395,
#10396,#10397,#10398,#10399,#10400,#10401,#10402,#10403,#10404,#10405,#10406,
#10407,#10408,#10409,#10410,#10411,#10412,#10413,#10414,#10415,#10416,#10417));
#10421=STYLED_ITEM('',(#10424),#10444);
#10422=STYLED_ITEM('',(#10425),#10445);
#10423=STYLED_ITEM('',(#10426),#10446);
#10424=PRESENTATION_STYLE_ASSIGNMENT((#10427));
#10425=PRESENTATION_STYLE_ASSIGNMENT((#10428));
#10426=PRESENTATION_STYLE_ASSIGNMENT((#10429));
#10427=SURFACE_STYLE_USAGE(.BOTH.,#10430);
#10428=SURFACE_STYLE_USAGE(.BOTH.,#10431);
#10429=SURFACE_STYLE_USAGE(.BOTH.,#10432);
#10430=SURFACE_SIDE_STYLE('',(#10433));
#10431=SURFACE_SIDE_STYLE('',(#10434));
#10432=SURFACE_SIDE_STYLE('',(#10435));
#10433=SURFACE_STYLE_FILL_AREA(#10436);
#10434=SURFACE_STYLE_FILL_AREA(#10437);
#10435=SURFACE_STYLE_FILL_AREA(#10438);
#10436=FILL_AREA_STYLE('',(#10439));
#10437=FILL_AREA_STYLE('',(#10440));
#10438=FILL_AREA_STYLE('',(#10441));
#10439=FILL_AREA_STYLE_COLOUR('',#10442);
#10440=FILL_AREA_STYLE_COLOUR('',#10443);
#10441=FILL_AREA_STYLE_COLOUR('',#10443);
#10442=COLOUR_RGB('',0.689999997615814,0.689999997615814,0.689999997615814);
#10443=COLOUR_RGB('',0.769999980926514,0.769999980926514,0.769999980926514);
#10444=MANIFOLD_SOLID_BREP('IPBT-110-H1-T-D-RA-GP_terminal',#10418);
#10445=MANIFOLD_SOLID_BREP('IPBT-110-H1-D-T-RA-GP_pin',#10419);
#10446=MANIFOLD_SOLID_BREP('IPBT-110-H1-D-T-RA-GP2_pin',#10420);
#10447=SHAPE_DEFINITION_REPRESENTATION(#16697,#10451);
#10448=SHAPE_DEFINITION_REPRESENTATION(#16698,#10452);
#10449=SHAPE_DEFINITION_REPRESENTATION(#16700,#10453);
#10450=SHAPE_DEFINITION_REPRESENTATION(#16702,#10454);
#10451=SHAPE_REPRESENTATION('IPBT-110-H1-T-D-RA-GP',(#10455,#10722,#10989,
#11096),#16683);
#10452=SHAPE_REPRESENTATION('IPBT-110-H1-T-D-RA-GP_terminal',(#10455),#16684);
#10453=SHAPE_REPRESENTATION('IPBT-110-H1-D-T-RA-GP_pin',(#10455),#16685);
#10454=SHAPE_REPRESENTATION('IPBT-110-H1-D-T-RA-GP2_pin',(#10455),#16686);
#10455=AXIS2_PLACEMENT_3D('',#13730,#11097,#11098);
#10456=AXIS2_PLACEMENT_3D('',#13731,#11099,#11100);
#10457=AXIS2_PLACEMENT_3D('',#13748,#11109,#11110);
#10458=AXIS2_PLACEMENT_3D('',#13765,#11119,#11120);
#10459=AXIS2_PLACEMENT_3D('',#13768,#11123,#11124);
#10460=AXIS2_PLACEMENT_3D('',#13785,#11133,#11134);
#10461=AXIS2_PLACEMENT_3D('',#13802,#11143,#11144);
#10462=AXIS2_PLACEMENT_3D('',#13805,#11147,#11148);
#10463=AXIS2_PLACEMENT_3D('',#13806,#11149,#11150);
#10464=AXIS2_PLACEMENT_3D('',#13811,#11152,#11153);
#10465=AXIS2_PLACEMENT_3D('',#13815,#11155,#11156);
#10466=AXIS2_PLACEMENT_3D('',#13819,#11158,#11159);
#10467=AXIS2_PLACEMENT_3D('',#13830,#11165,#11166);
#10468=AXIS2_PLACEMENT_3D('',#13839,#11171,#11172);
#10469=AXIS2_PLACEMENT_3D('',#13849,#11178,#11179);
#10470=AXIS2_PLACEMENT_3D('',#13859,#11185,#11186);
#10471=AXIS2_PLACEMENT_3D('',#13865,#11190,#11191);
#10472=AXIS2_PLACEMENT_3D('',#13874,#11196,#11197);
#10473=AXIS2_PLACEMENT_3D('',#13875,#11198,#11199);
#10474=AXIS2_PLACEMENT_3D('',#13879,#11202,#11203);
#10475=AXIS2_PLACEMENT_3D('',#13885,#11207,#11208);
#10476=AXIS2_PLACEMENT_3D('',#13888,#11211,#11212);
#10477=AXIS2_PLACEMENT_3D('',#13891,#11215,#11216);
#10478=AXIS2_PLACEMENT_3D('',#13904,#11223,#11224);
#10479=AXIS2_PLACEMENT_3D('',#13917,#11231,#11232);
#10480=AXIS2_PLACEMENT_3D('',#13930,#11239,#11240);
#10481=AXIS2_PLACEMENT_3D('',#13943,#11247,#11248);
#10482=AXIS2_PLACEMENT_3D('',#13946,#11251,#11252);
#10483=AXIS2_PLACEMENT_3D('',#13949,#11255,#11256);
#10484=AXIS2_PLACEMENT_3D('',#13962,#11263,#11264);
#10485=AXIS2_PLACEMENT_3D('',#13975,#11271,#11272);
#10486=AXIS2_PLACEMENT_3D('',#13988,#11279,#11280);
#10487=AXIS2_PLACEMENT_3D('',#14001,#11287,#11288);
#10488=AXIS2_PLACEMENT_3D('',#14004,#11291,#11292);
#10489=AXIS2_PLACEMENT_3D('',#14007,#11295,#11296);
#10490=AXIS2_PLACEMENT_3D('',#14020,#11303,#11304);
#10491=AXIS2_PLACEMENT_3D('',#14033,#11311,#11312);
#10492=AXIS2_PLACEMENT_3D('',#14046,#11319,#11320);
#10493=AXIS2_PLACEMENT_3D('',#14059,#11327,#11328);
#10494=AXIS2_PLACEMENT_3D('',#14062,#11331,#11332);
#10495=AXIS2_PLACEMENT_3D('',#14065,#11335,#11336);
#10496=AXIS2_PLACEMENT_3D('',#14078,#11343,#11344);
#10497=AXIS2_PLACEMENT_3D('',#14091,#11351,#11352);
#10498=AXIS2_PLACEMENT_3D('',#14104,#11359,#11360);
#10499=AXIS2_PLACEMENT_3D('',#14117,#11367,#11368);
#10500=AXIS2_PLACEMENT_3D('',#14120,#11371,#11372);
#10501=AXIS2_PLACEMENT_3D('',#14123,#11375,#11376);
#10502=AXIS2_PLACEMENT_3D('',#14136,#11383,#11384);
#10503=AXIS2_PLACEMENT_3D('',#14149,#11391,#11392);
#10504=AXIS2_PLACEMENT_3D('',#14152,#11395,#11396);
#10505=AXIS2_PLACEMENT_3D('',#14165,#11403,#11404);
#10506=AXIS2_PLACEMENT_3D('',#14178,#11411,#11412);
#10507=AXIS2_PLACEMENT_3D('',#14181,#11415,#11416);
#10508=AXIS2_PLACEMENT_3D('',#14194,#11423,#11424);
#10509=AXIS2_PLACEMENT_3D('',#14207,#11431,#11432);
#10510=AXIS2_PLACEMENT_3D('',#14220,#11439,#11440);
#10511=AXIS2_PLACEMENT_3D('',#14233,#11447,#11448);
#10512=AXIS2_PLACEMENT_3D('',#14236,#11451,#11452);
#10513=AXIS2_PLACEMENT_3D('',#14239,#11455,#11456);
#10514=AXIS2_PLACEMENT_3D('',#14252,#11463,#11464);
#10515=AXIS2_PLACEMENT_3D('',#14265,#11471,#11472);
#10516=AXIS2_PLACEMENT_3D('',#14278,#11479,#11480);
#10517=AXIS2_PLACEMENT_3D('',#14291,#11487,#11488);
#10518=AXIS2_PLACEMENT_3D('',#14294,#11491,#11492);
#10519=AXIS2_PLACEMENT_3D('',#14297,#11495,#11496);
#10520=AXIS2_PLACEMENT_3D('',#14306,#11501,#11502);
#10521=AXIS2_PLACEMENT_3D('',#14315,#11507,#11508);
#10522=AXIS2_PLACEMENT_3D('',#14324,#11513,#11514);
#10523=AXIS2_PLACEMENT_3D('',#14333,#11519,#11520);
#10524=AXIS2_PLACEMENT_3D('',#14336,#11523,#11524);
#10525=AXIS2_PLACEMENT_3D('',#14339,#11527,#11528);
#10526=AXIS2_PLACEMENT_3D('',#14342,#11531,#11532);
#10527=AXIS2_PLACEMENT_3D('',#14345,#11535,#11536);
#10528=AXIS2_PLACEMENT_3D('',#14348,#11539,#11540);
#10529=AXIS2_PLACEMENT_3D('',#14354,#11544,#11545);
#10530=AXIS2_PLACEMENT_3D('',#14357,#11548,#11549);
#10531=AXIS2_PLACEMENT_3D('',#14360,#11552,#11553);
#10532=AXIS2_PLACEMENT_3D('',#14363,#11556,#11557);
#10533=AXIS2_PLACEMENT_3D('',#14369,#11561,#11562);
#10534=AXIS2_PLACEMENT_3D('',#14375,#11566,#11567);
#10535=AXIS2_PLACEMENT_3D('',#14378,#11570,#11571);
#10536=AXIS2_PLACEMENT_3D('',#14381,#11574,#11575);
#10537=AXIS2_PLACEMENT_3D('',#14384,#11578,#11579);
#10538=AXIS2_PLACEMENT_3D('',#14390,#11583,#11584);
#10539=AXIS2_PLACEMENT_3D('',#14396,#11588,#11589);
#10540=AXIS2_PLACEMENT_3D('',#14399,#11592,#11593);
#10541=AXIS2_PLACEMENT_3D('',#14402,#11596,#11597);
#10542=AXIS2_PLACEMENT_3D('',#14405,#11600,#11601);
#10543=AXIS2_PLACEMENT_3D('',#14411,#11605,#11606);
#10544=AXIS2_PLACEMENT_3D('',#14456,#11643,#11644);
#10545=AXIS2_PLACEMENT_3D('',#14460,#11647,#11648);
#10546=AXIS2_PLACEMENT_3D('',#14464,#11651,#11652);
#10547=AXIS2_PLACEMENT_3D('',#14672,#11766,#11767);
#10548=AXIS2_PLACEMENT_3D('',#14676,#11769,#11770);
#10549=AXIS2_PLACEMENT_3D('',#14680,#11772,#11773);
#10550=AXIS2_PLACEMENT_3D('',#14684,#11775,#11776);
#10551=AXIS2_PLACEMENT_3D('',#14685,#11777,#11778);
#10552=AXIS2_PLACEMENT_3D('',#14687,#11779,#11780);
#10553=AXIS2_PLACEMENT_3D('',#14693,#11784,#11785);
#10554=AXIS2_PLACEMENT_3D('',#14695,#11787,#11788);
#10555=AXIS2_PLACEMENT_3D('',#14696,#11789,#11790);
#10556=AXIS2_PLACEMENT_3D('',#14702,#11794,#11795);
#10557=AXIS2_PLACEMENT_3D('',#14708,#11799,#11800);
#10558=AXIS2_PLACEMENT_3D('',#14710,#11802,#11803);
#10559=AXIS2_PLACEMENT_3D('',#14711,#11804,#11805);
#10560=AXIS2_PLACEMENT_3D('',#14712,#11806,#11807);
#10561=AXIS2_PLACEMENT_3D('',#14714,#11809,#11810);
#10562=AXIS2_PLACEMENT_3D('',#14716,#11812,#11813);
#10563=AXIS2_PLACEMENT_3D('',#14717,#11814,#11815);
#10564=AXIS2_PLACEMENT_3D('',#14718,#11816,#11817);
#10565=AXIS2_PLACEMENT_3D('',#14720,#11819,#11820);
#10566=AXIS2_PLACEMENT_3D('',#14722,#11822,#11823);
#10567=AXIS2_PLACEMENT_3D('',#14723,#11824,#11825);
#10568=AXIS2_PLACEMENT_3D('',#14724,#11826,#11827);
#10569=AXIS2_PLACEMENT_3D('',#14726,#11828,#11829);
#10570=AXIS2_PLACEMENT_3D('',#14727,#11830,#11831);
#10571=AXIS2_PLACEMENT_3D('',#14730,#11834,#11835);
#10572=AXIS2_PLACEMENT_3D('',#14732,#11837,#11838);
#10573=AXIS2_PLACEMENT_3D('',#14734,#11840,#11841);
#10574=AXIS2_PLACEMENT_3D('',#14736,#11843,#11844);
#10575=AXIS2_PLACEMENT_3D('',#14738,#11846,#11847);
#10576=AXIS2_PLACEMENT_3D('',#14740,#11849,#11850);
#10577=AXIS2_PLACEMENT_3D('',#14742,#11852,#11853);
#10578=AXIS2_PLACEMENT_3D('',#14743,#11854,#11855);
#10579=AXIS2_PLACEMENT_3D('',#14744,#11856,#11857);
#10580=AXIS2_PLACEMENT_3D('',#14745,#11858,#11859);
#10581=AXIS2_PLACEMENT_3D('',#14746,#11860,#11861);
#10582=AXIS2_PLACEMENT_3D('',#14747,#11862,#11863);
#10583=AXIS2_PLACEMENT_3D('',#14748,#11864,#11865);
#10584=AXIS2_PLACEMENT_3D('',#14749,#11866,#11867);
#10585=AXIS2_PLACEMENT_3D('',#14750,#11868,#11869);
#10586=AXIS2_PLACEMENT_3D('',#14751,#11870,#11871);
#10587=AXIS2_PLACEMENT_3D('',#14752,#11872,#11873);
#10588=AXIS2_PLACEMENT_3D('',#14753,#11874,#11875);
#10589=AXIS2_PLACEMENT_3D('',#14754,#11876,#11877);
#10590=AXIS2_PLACEMENT_3D('',#14755,#11878,#11879);
#10591=AXIS2_PLACEMENT_3D('',#14756,#11880,#11881);
#10592=AXIS2_PLACEMENT_3D('',#14757,#11882,#11883);
#10593=AXIS2_PLACEMENT_3D('',#14758,#11884,#11885);
#10594=AXIS2_PLACEMENT_3D('',#14759,#11886,#11887);
#10595=AXIS2_PLACEMENT_3D('',#14760,#11888,#11889);
#10596=AXIS2_PLACEMENT_3D('',#14761,#11890,#11891);
#10597=AXIS2_PLACEMENT_3D('',#14762,#11892,#11893);
#10598=AXIS2_PLACEMENT_3D('',#14763,#11894,#11895);
#10599=AXIS2_PLACEMENT_3D('',#14764,#11896,#11897);
#10600=AXIS2_PLACEMENT_3D('',#14765,#11898,#11899);
#10601=AXIS2_PLACEMENT_3D('',#14766,#11900,#11901);
#10602=AXIS2_PLACEMENT_3D('',#14767,#11902,#11903);
#10603=AXIS2_PLACEMENT_3D('',#14768,#11904,#11905);
#10604=AXIS2_PLACEMENT_3D('',#14769,#11906,#11907);
#10605=AXIS2_PLACEMENT_3D('',#14770,#11908,#11909);
#10606=AXIS2_PLACEMENT_3D('',#14771,#11910,#11911);
#10607=AXIS2_PLACEMENT_3D('',#14772,#11912,#11913);
#10608=AXIS2_PLACEMENT_3D('',#14773,#11914,#11915);
#10609=AXIS2_PLACEMENT_3D('',#14774,#11916,#11917);
#10610=AXIS2_PLACEMENT_3D('',#14775,#11918,#11919);
#10611=AXIS2_PLACEMENT_3D('',#14777,#11921,#11922);
#10612=AXIS2_PLACEMENT_3D('',#14778,#11923,#11924);
#10613=AXIS2_PLACEMENT_3D('',#14780,#11926,#11927);
#10614=AXIS2_PLACEMENT_3D('',#14781,#11928,#11929);
#10615=AXIS2_PLACEMENT_3D('',#14782,#11930,#11931);
#10616=AXIS2_PLACEMENT_3D('',#14783,#11932,#11933);
#10617=AXIS2_PLACEMENT_3D('',#14789,#11937,#11938);
#10618=AXIS2_PLACEMENT_3D('',#14793,#11941,#11942);
#10619=AXIS2_PLACEMENT_3D('',#14797,#11945,#11946);
#10620=AXIS2_PLACEMENT_3D('',#14801,#11949,#11950);
#10621=AXIS2_PLACEMENT_3D('',#14803,#11952,#11953);
#10622=AXIS2_PLACEMENT_3D('',#14804,#11954,#11955);
#10623=AXIS2_PLACEMENT_3D('',#14810,#11959,#11960);
#10624=AXIS2_PLACEMENT_3D('',#14814,#11963,#11964);
#10625=AXIS2_PLACEMENT_3D('',#14818,#11967,#11968);
#10626=AXIS2_PLACEMENT_3D('',#14822,#11971,#11972);
#10627=AXIS2_PLACEMENT_3D('',#14824,#11974,#11975);
#10628=AXIS2_PLACEMENT_3D('',#14825,#11976,#11977);
#10629=AXIS2_PLACEMENT_3D('',#14831,#11981,#11982);
#10630=AXIS2_PLACEMENT_3D('',#14835,#11985,#11986);
#10631=AXIS2_PLACEMENT_3D('',#14839,#11989,#11990);
#10632=AXIS2_PLACEMENT_3D('',#14843,#11993,#11994);
#10633=AXIS2_PLACEMENT_3D('',#14847,#11997,#11998);
#10634=AXIS2_PLACEMENT_3D('',#14849,#12000,#12001);
#10635=AXIS2_PLACEMENT_3D('',#14850,#12002,#12003);
#10636=AXIS2_PLACEMENT_3D('',#14856,#12007,#12008);
#10637=AXIS2_PLACEMENT_3D('',#14860,#12011,#12012);
#10638=AXIS2_PLACEMENT_3D('',#14864,#12015,#12016);
#10639=AXIS2_PLACEMENT_3D('',#14868,#12019,#12020);
#10640=AXIS2_PLACEMENT_3D('',#14872,#12023,#12024);
#10641=AXIS2_PLACEMENT_3D('',#14874,#12026,#12027);
#10642=AXIS2_PLACEMENT_3D('',#14875,#12028,#12029);
#10643=AXIS2_PLACEMENT_3D('',#14881,#12033,#12034);
#10644=AXIS2_PLACEMENT_3D('',#14885,#12037,#12038);
#10645=AXIS2_PLACEMENT_3D('',#14889,#12041,#12042);
#10646=AXIS2_PLACEMENT_3D('',#14891,#12044,#12045);
#10647=AXIS2_PLACEMENT_3D('',#14892,#12046,#12047);
#10648=AXIS2_PLACEMENT_3D('',#14898,#12051,#12052);
#10649=AXIS2_PLACEMENT_3D('',#14902,#12055,#12056);
#10650=AXIS2_PLACEMENT_3D('',#14906,#12059,#12060);
#10651=AXIS2_PLACEMENT_3D('',#14908,#12062,#12063);
#10652=AXIS2_PLACEMENT_3D('',#14909,#12064,#12065);
#10653=AXIS2_PLACEMENT_3D('',#14915,#12069,#12070);
#10654=AXIS2_PLACEMENT_3D('',#14919,#12073,#12074);
#10655=AXIS2_PLACEMENT_3D('',#14923,#12077,#12078);
#10656=AXIS2_PLACEMENT_3D('',#14925,#12080,#12081);
#10657=AXIS2_PLACEMENT_3D('',#14926,#12082,#12083);
#10658=AXIS2_PLACEMENT_3D('',#14932,#12087,#12088);
#10659=AXIS2_PLACEMENT_3D('',#14936,#12091,#12092);
#10660=AXIS2_PLACEMENT_3D('',#14940,#12095,#12096);
#10661=AXIS2_PLACEMENT_3D('',#14942,#12098,#12099);
#10662=AXIS2_PLACEMENT_3D('',#14943,#12100,#12101);
#10663=AXIS2_PLACEMENT_3D('',#14949,#12105,#12106);
#10664=AXIS2_PLACEMENT_3D('',#14953,#12109,#12110);
#10665=AXIS2_PLACEMENT_3D('',#14957,#12113,#12114);
#10666=AXIS2_PLACEMENT_3D('',#14959,#12116,#12117);
#10667=AXIS2_PLACEMENT_3D('',#14960,#12118,#12119);
#10668=AXIS2_PLACEMENT_3D('',#14966,#12123,#12124);
#10669=AXIS2_PLACEMENT_3D('',#14970,#12127,#12128);
#10670=AXIS2_PLACEMENT_3D('',#14974,#12131,#12132);
#10671=AXIS2_PLACEMENT_3D('',#14976,#12134,#12135);
#10672=AXIS2_PLACEMENT_3D('',#14977,#12136,#12137);
#10673=AXIS2_PLACEMENT_3D('',#14983,#12141,#12142);
#10674=AXIS2_PLACEMENT_3D('',#14987,#12145,#12146);
#10675=AXIS2_PLACEMENT_3D('',#14991,#12149,#12150);
#10676=AXIS2_PLACEMENT_3D('',#14993,#12152,#12153);
#10677=AXIS2_PLACEMENT_3D('',#14994,#12154,#12155);
#10678=AXIS2_PLACEMENT_3D('',#15000,#12159,#12160);
#10679=AXIS2_PLACEMENT_3D('',#15004,#12163,#12164);
#10680=AXIS2_PLACEMENT_3D('',#15008,#12167,#12168);
#10681=AXIS2_PLACEMENT_3D('',#15010,#12170,#12171);
#10682=AXIS2_PLACEMENT_3D('',#15011,#12172,#12173);
#10683=AXIS2_PLACEMENT_3D('',#15017,#12177,#12178);
#10684=AXIS2_PLACEMENT_3D('',#15021,#12181,#12182);
#10685=AXIS2_PLACEMENT_3D('',#15025,#12185,#12186);
#10686=AXIS2_PLACEMENT_3D('',#15027,#12188,#12189);
#10687=AXIS2_PLACEMENT_3D('',#15028,#12190,#12191);
#10688=AXIS2_PLACEMENT_3D('',#15034,#12195,#12196);
#10689=AXIS2_PLACEMENT_3D('',#15038,#12199,#12200);
#10690=AXIS2_PLACEMENT_3D('',#15042,#12203,#12204);
#10691=AXIS2_PLACEMENT_3D('',#15044,#12206,#12207);
#10692=AXIS2_PLACEMENT_3D('',#15045,#12208,#12209);
#10693=AXIS2_PLACEMENT_3D('',#15051,#12213,#12214);
#10694=AXIS2_PLACEMENT_3D('',#15055,#12217,#12218);
#10695=AXIS2_PLACEMENT_3D('',#15059,#12221,#12222);
#10696=AXIS2_PLACEMENT_3D('',#15061,#12224,#12225);
#10697=AXIS2_PLACEMENT_3D('',#15062,#12226,#12227);
#10698=AXIS2_PLACEMENT_3D('',#15068,#12231,#12232);
#10699=AXIS2_PLACEMENT_3D('',#15072,#12235,#12236);
#10700=AXIS2_PLACEMENT_3D('',#15076,#12239,#12240);
#10701=AXIS2_PLACEMENT_3D('',#15078,#12242,#12243);
#10702=AXIS2_PLACEMENT_3D('',#15079,#12244,#12245);
#10703=AXIS2_PLACEMENT_3D('',#15085,#12249,#12250);
#10704=AXIS2_PLACEMENT_3D('',#15089,#12253,#12254);
#10705=AXIS2_PLACEMENT_3D('',#15093,#12257,#12258);
#10706=AXIS2_PLACEMENT_3D('',#15095,#12260,#12261);
#10707=AXIS2_PLACEMENT_3D('',#15096,#12262,#12263);
#10708=AXIS2_PLACEMENT_3D('',#15102,#12267,#12268);
#10709=AXIS2_PLACEMENT_3D('',#15106,#12271,#12272);
#10710=AXIS2_PLACEMENT_3D('',#15110,#12275,#12276);
#10711=AXIS2_PLACEMENT_3D('',#15112,#12278,#12279);
#10712=AXIS2_PLACEMENT_3D('',#15113,#12280,#12281);
#10713=AXIS2_PLACEMENT_3D('',#15119,#12285,#12286);
#10714=AXIS2_PLACEMENT_3D('',#15123,#12289,#12290);
#10715=AXIS2_PLACEMENT_3D('',#15127,#12293,#12294);
#10716=AXIS2_PLACEMENT_3D('',#15129,#12296,#12297);
#10717=AXIS2_PLACEMENT_3D('',#15130,#12298,#12299);
#10718=AXIS2_PLACEMENT_3D('',#15136,#12303,#12304);
#10719=AXIS2_PLACEMENT_3D('',#15140,#12307,#12308);
#10720=AXIS2_PLACEMENT_3D('',#15144,#12311,#12312);
#10721=AXIS2_PLACEMENT_3D('',#15146,#12314,#12315);
#10722=AXIS2_PLACEMENT_3D('',#15147,#12316,#12317);
#10723=AXIS2_PLACEMENT_3D('',#15148,#12318,#12319);
#10724=AXIS2_PLACEMENT_3D('',#15157,#12324,#12325);
#10725=AXIS2_PLACEMENT_3D('',#15166,#12330,#12331);
#10726=AXIS2_PLACEMENT_3D('',#15169,#12334,#12335);
#10727=AXIS2_PLACEMENT_3D('',#15172,#12338,#12339);
#10728=AXIS2_PLACEMENT_3D('',#15173,#12340,#12341);
#10729=AXIS2_PLACEMENT_3D('',#15178,#12343,#12344);
#10730=AXIS2_PLACEMENT_3D('',#15181,#12346,#12347);
#10731=AXIS2_PLACEMENT_3D('',#15182,#12348,#12349);
#10732=AXIS2_PLACEMENT_3D('',#15187,#12351,#12352);
#10733=AXIS2_PLACEMENT_3D('',#15190,#12354,#12355);
#10734=AXIS2_PLACEMENT_3D('',#15191,#12356,#12357);
#10735=AXIS2_PLACEMENT_3D('',#15196,#12359,#12360);
#10736=AXIS2_PLACEMENT_3D('',#15199,#12362,#12363);
#10737=AXIS2_PLACEMENT_3D('',#15200,#12364,#12365);
#10738=AXIS2_PLACEMENT_3D('',#15205,#12367,#12368);
#10739=AXIS2_PLACEMENT_3D('',#15208,#12370,#12371);
#10740=AXIS2_PLACEMENT_3D('',#15209,#12372,#12373);
#10741=AXIS2_PLACEMENT_3D('',#15214,#12375,#12376);
#10742=AXIS2_PLACEMENT_3D('',#15217,#12378,#12379);
#10743=AXIS2_PLACEMENT_3D('',#15218,#12380,#12381);
#10744=AXIS2_PLACEMENT_3D('',#15223,#12383,#12384);
#10745=AXIS2_PLACEMENT_3D('',#15226,#12386,#12387);
#10746=AXIS2_PLACEMENT_3D('',#15227,#12388,#12389);
#10747=AXIS2_PLACEMENT_3D('',#15232,#12391,#12392);
#10748=AXIS2_PLACEMENT_3D('',#15235,#12394,#12395);
#10749=AXIS2_PLACEMENT_3D('',#15236,#12396,#12397);
#10750=AXIS2_PLACEMENT_3D('',#15241,#12399,#12400);
#10751=AXIS2_PLACEMENT_3D('',#15244,#12402,#12403);
#10752=AXIS2_PLACEMENT_3D('',#15245,#12404,#12405);
#10753=AXIS2_PLACEMENT_3D('',#15250,#12407,#12408);
#10754=AXIS2_PLACEMENT_3D('',#15253,#12410,#12411);
#10755=AXIS2_PLACEMENT_3D('',#15254,#12412,#12413);
#10756=AXIS2_PLACEMENT_3D('',#15259,#12415,#12416);
#10757=AXIS2_PLACEMENT_3D('',#15262,#12418,#12419);
#10758=AXIS2_PLACEMENT_3D('',#15268,#12423,#12424);
#10759=AXIS2_PLACEMENT_3D('',#15274,#12428,#12429);
#10760=AXIS2_PLACEMENT_3D('',#15280,#12433,#12434);
#10761=AXIS2_PLACEMENT_3D('',#15286,#12438,#12439);
#10762=AXIS2_PLACEMENT_3D('',#15292,#12443,#12444);
#10763=AXIS2_PLACEMENT_3D('',#15298,#12448,#12449);
#10764=AXIS2_PLACEMENT_3D('',#15304,#12453,#12454);
#10765=AXIS2_PLACEMENT_3D('',#15310,#12458,#12459);
#10766=AXIS2_PLACEMENT_3D('',#15316,#12463,#12464);
#10767=AXIS2_PLACEMENT_3D('',#15322,#12468,#12469);
#10768=AXIS2_PLACEMENT_3D('',#15328,#12473,#12474);
#10769=AXIS2_PLACEMENT_3D('',#15334,#12478,#12479);
#10770=AXIS2_PLACEMENT_3D('',#15340,#12483,#12484);
#10771=AXIS2_PLACEMENT_3D('',#15346,#12488,#12489);
#10772=AXIS2_PLACEMENT_3D('',#15352,#12493,#12494);
#10773=AXIS2_PLACEMENT_3D('',#15358,#12498,#12499);
#10774=AXIS2_PLACEMENT_3D('',#15364,#12503,#12504);
#10775=AXIS2_PLACEMENT_3D('',#15370,#12508,#12509);
#10776=AXIS2_PLACEMENT_3D('',#15376,#12513,#12514);
#10777=AXIS2_PLACEMENT_3D('',#15382,#12518,#12519);
#10778=AXIS2_PLACEMENT_3D('',#15388,#12523,#12524);
#10779=AXIS2_PLACEMENT_3D('',#15394,#12528,#12529);
#10780=AXIS2_PLACEMENT_3D('',#15400,#12533,#12534);
#10781=AXIS2_PLACEMENT_3D('',#15406,#12538,#12539);
#10782=AXIS2_PLACEMENT_3D('',#15412,#12543,#12544);
#10783=AXIS2_PLACEMENT_3D('',#15418,#12548,#12549);
#10784=AXIS2_PLACEMENT_3D('',#15424,#12553,#12554);
#10785=AXIS2_PLACEMENT_3D('',#15430,#12558,#12559);
#10786=AXIS2_PLACEMENT_3D('',#15436,#12563,#12564);
#10787=AXIS2_PLACEMENT_3D('',#15442,#12568,#12569);
#10788=AXIS2_PLACEMENT_3D('',#15446,#12571,#12572);
#10789=AXIS2_PLACEMENT_3D('',#15447,#12573,#12574);
#10790=AXIS2_PLACEMENT_3D('',#15448,#12575,#12576);
#10791=AXIS2_PLACEMENT_3D('',#15449,#12577,#12578);
#10792=AXIS2_PLACEMENT_3D('',#15453,#12580,#12581);
#10793=AXIS2_PLACEMENT_3D('',#15454,#12582,#12583);
#10794=AXIS2_PLACEMENT_3D('',#15458,#12585,#12586);
#10795=AXIS2_PLACEMENT_3D('',#15459,#12587,#12588);
#10796=AXIS2_PLACEMENT_3D('',#15460,#12589,#12590);
#10797=AXIS2_PLACEMENT_3D('',#15464,#12592,#12593);
#10798=AXIS2_PLACEMENT_3D('',#15465,#12594,#12595);
#10799=AXIS2_PLACEMENT_3D('',#15466,#12596,#12597);
#10800=AXIS2_PLACEMENT_3D('',#15470,#12599,#12600);
#10801=AXIS2_PLACEMENT_3D('',#15471,#12601,#12602);
#10802=AXIS2_PLACEMENT_3D('',#15472,#12603,#12604);
#10803=AXIS2_PLACEMENT_3D('',#15476,#12606,#12607);
#10804=AXIS2_PLACEMENT_3D('',#15477,#12608,#12609);
#10805=AXIS2_PLACEMENT_3D('',#15478,#12610,#12611);
#10806=AXIS2_PLACEMENT_3D('',#15482,#12613,#12614);
#10807=AXIS2_PLACEMENT_3D('',#15483,#12615,#12616);
#10808=AXIS2_PLACEMENT_3D('',#15484,#12617,#12618);
#10809=AXIS2_PLACEMENT_3D('',#15488,#12620,#12621);
#10810=AXIS2_PLACEMENT_3D('',#15489,#12622,#12623);
#10811=AXIS2_PLACEMENT_3D('',#15490,#12624,#12625);
#10812=AXIS2_PLACEMENT_3D('',#15494,#12627,#12628);
#10813=AXIS2_PLACEMENT_3D('',#15495,#12629,#12630);
#10814=AXIS2_PLACEMENT_3D('',#15496,#12631,#12632);
#10815=AXIS2_PLACEMENT_3D('',#15500,#12634,#12635);
#10816=AXIS2_PLACEMENT_3D('',#15501,#12636,#12637);
#10817=AXIS2_PLACEMENT_3D('',#15502,#12638,#12639);
#10818=AXIS2_PLACEMENT_3D('',#15508,#12643,#12644);
#10819=AXIS2_PLACEMENT_3D('',#15514,#12648,#12649);
#10820=AXIS2_PLACEMENT_3D('',#15520,#12653,#12654);
#10821=AXIS2_PLACEMENT_3D('',#15526,#12658,#12659);
#10822=AXIS2_PLACEMENT_3D('',#15532,#12663,#12664);
#10823=AXIS2_PLACEMENT_3D('',#15538,#12668,#12669);
#10824=AXIS2_PLACEMENT_3D('',#15544,#12673,#12674);
#10825=AXIS2_PLACEMENT_3D('',#15550,#12678,#12679);
#10826=AXIS2_PLACEMENT_3D('',#15556,#12683,#12684);
#10827=AXIS2_PLACEMENT_3D('',#15562,#12688,#12689);
#10828=AXIS2_PLACEMENT_3D('',#15568,#12693,#12694);
#10829=AXIS2_PLACEMENT_3D('',#15574,#12698,#12699);
#10830=AXIS2_PLACEMENT_3D('',#15580,#12703,#12704);
#10831=AXIS2_PLACEMENT_3D('',#15586,#12708,#12709);
#10832=AXIS2_PLACEMENT_3D('',#15592,#12713,#12714);
#10833=AXIS2_PLACEMENT_3D('',#15598,#12718,#12719);
#10834=AXIS2_PLACEMENT_3D('',#15604,#12723,#12724);
#10835=AXIS2_PLACEMENT_3D('',#15610,#12728,#12729);
#10836=AXIS2_PLACEMENT_3D('',#15616,#12733,#12734);
#10837=AXIS2_PLACEMENT_3D('',#15622,#12738,#12739);
#10838=AXIS2_PLACEMENT_3D('',#15623,#12740,#12741);
#10839=AXIS2_PLACEMENT_3D('',#15628,#12743,#12744);
#10840=AXIS2_PLACEMENT_3D('',#15631,#12746,#12747);
#10841=AXIS2_PLACEMENT_3D('',#15632,#12748,#12749);
#10842=AXIS2_PLACEMENT_3D('',#15637,#12751,#12752);
#10843=AXIS2_PLACEMENT_3D('',#15640,#12754,#12755);
#10844=AXIS2_PLACEMENT_3D('',#15641,#12756,#12757);
#10845=AXIS2_PLACEMENT_3D('',#15646,#12759,#12760);
#10846=AXIS2_PLACEMENT_3D('',#15649,#12762,#12763);
#10847=AXIS2_PLACEMENT_3D('',#15650,#12764,#12765);
#10848=AXIS2_PLACEMENT_3D('',#15655,#12767,#12768);
#10849=AXIS2_PLACEMENT_3D('',#15658,#12770,#12771);
#10850=AXIS2_PLACEMENT_3D('',#15659,#12772,#12773);
#10851=AXIS2_PLACEMENT_3D('',#15664,#12775,#12776);
#10852=AXIS2_PLACEMENT_3D('',#15667,#12778,#12779);
#10853=AXIS2_PLACEMENT_3D('',#15668,#12780,#12781);
#10854=AXIS2_PLACEMENT_3D('',#15673,#12783,#12784);
#10855=AXIS2_PLACEMENT_3D('',#15676,#12786,#12787);
#10856=AXIS2_PLACEMENT_3D('',#15677,#12788,#12789);
#10857=AXIS2_PLACEMENT_3D('',#15682,#12791,#12792);
#10858=AXIS2_PLACEMENT_3D('',#15685,#12794,#12795);
#10859=AXIS2_PLACEMENT_3D('',#15686,#12796,#12797);
#10860=AXIS2_PLACEMENT_3D('',#15691,#12799,#12800);
#10861=AXIS2_PLACEMENT_3D('',#15694,#12802,#12803);
#10862=AXIS2_PLACEMENT_3D('',#15695,#12804,#12805);
#10863=AXIS2_PLACEMENT_3D('',#15700,#12807,#12808);
#10864=AXIS2_PLACEMENT_3D('',#15703,#12810,#12811);
#10865=AXIS2_PLACEMENT_3D('',#15704,#12812,#12813);
#10866=AXIS2_PLACEMENT_3D('',#15709,#12815,#12816);
#10867=AXIS2_PLACEMENT_3D('',#15712,#12818,#12819);
#10868=AXIS2_PLACEMENT_3D('',#15718,#12823,#12824);
#10869=AXIS2_PLACEMENT_3D('',#15724,#12828,#12829);
#10870=AXIS2_PLACEMENT_3D('',#15730,#12833,#12834);
#10871=AXIS2_PLACEMENT_3D('',#15736,#12838,#12839);
#10872=AXIS2_PLACEMENT_3D('',#15742,#12843,#12844);
#10873=AXIS2_PLACEMENT_3D('',#15748,#12848,#12849);
#10874=AXIS2_PLACEMENT_3D('',#15754,#12853,#12854);
#10875=AXIS2_PLACEMENT_3D('',#15760,#12858,#12859);
#10876=AXIS2_PLACEMENT_3D('',#15766,#12863,#12864);
#10877=AXIS2_PLACEMENT_3D('',#15772,#12868,#12869);
#10878=AXIS2_PLACEMENT_3D('',#15778,#12873,#12874);
#10879=AXIS2_PLACEMENT_3D('',#15784,#12878,#12879);
#10880=AXIS2_PLACEMENT_3D('',#15790,#12883,#12884);
#10881=AXIS2_PLACEMENT_3D('',#15796,#12888,#12889);
#10882=AXIS2_PLACEMENT_3D('',#15802,#12893,#12894);
#10883=AXIS2_PLACEMENT_3D('',#15808,#12898,#12899);
#10884=AXIS2_PLACEMENT_3D('',#15814,#12903,#12904);
#10885=AXIS2_PLACEMENT_3D('',#15820,#12908,#12909);
#10886=AXIS2_PLACEMENT_3D('',#15826,#12913,#12914);
#10887=AXIS2_PLACEMENT_3D('',#15832,#12918,#12919);
#10888=AXIS2_PLACEMENT_3D('',#15838,#12923,#12924);
#10889=AXIS2_PLACEMENT_3D('',#15844,#12928,#12929);
#10890=AXIS2_PLACEMENT_3D('',#15850,#12933,#12934);
#10891=AXIS2_PLACEMENT_3D('',#15856,#12938,#12939);
#10892=AXIS2_PLACEMENT_3D('',#15862,#12943,#12944);
#10893=AXIS2_PLACEMENT_3D('',#15868,#12948,#12949);
#10894=AXIS2_PLACEMENT_3D('',#15874,#12953,#12954);
#10895=AXIS2_PLACEMENT_3D('',#15880,#12958,#12959);
#10896=AXIS2_PLACEMENT_3D('',#15886,#12963,#12964);
#10897=AXIS2_PLACEMENT_3D('',#15892,#12968,#12969);
#10898=AXIS2_PLACEMENT_3D('',#15896,#12971,#12972);
#10899=AXIS2_PLACEMENT_3D('',#15897,#12973,#12974);
#10900=AXIS2_PLACEMENT_3D('',#15898,#12975,#12976);
#10901=AXIS2_PLACEMENT_3D('',#15899,#12977,#12978);
#10902=AXIS2_PLACEMENT_3D('',#15903,#12980,#12981);
#10903=AXIS2_PLACEMENT_3D('',#15904,#12982,#12983);
#10904=AXIS2_PLACEMENT_3D('',#15908,#12985,#12986);
#10905=AXIS2_PLACEMENT_3D('',#15909,#12987,#12988);
#10906=AXIS2_PLACEMENT_3D('',#15910,#12989,#12990);
#10907=AXIS2_PLACEMENT_3D('',#15914,#12992,#12993);
#10908=AXIS2_PLACEMENT_3D('',#15915,#12994,#12995);
#10909=AXIS2_PLACEMENT_3D('',#15916,#12996,#12997);
#10910=AXIS2_PLACEMENT_3D('',#15920,#12999,#13000);
#10911=AXIS2_PLACEMENT_3D('',#15921,#13001,#13002);
#10912=AXIS2_PLACEMENT_3D('',#15922,#13003,#13004);
#10913=AXIS2_PLACEMENT_3D('',#15926,#13006,#13007);
#10914=AXIS2_PLACEMENT_3D('',#15927,#13008,#13009);
#10915=AXIS2_PLACEMENT_3D('',#15928,#13010,#13011);
#10916=AXIS2_PLACEMENT_3D('',#15932,#13013,#13014);
#10917=AXIS2_PLACEMENT_3D('',#15933,#13015,#13016);
#10918=AXIS2_PLACEMENT_3D('',#15934,#13017,#13018);
#10919=AXIS2_PLACEMENT_3D('',#15938,#13020,#13021);
#10920=AXIS2_PLACEMENT_3D('',#15939,#13022,#13023);
#10921=AXIS2_PLACEMENT_3D('',#15940,#13024,#13025);
#10922=AXIS2_PLACEMENT_3D('',#15944,#13027,#13028);
#10923=AXIS2_PLACEMENT_3D('',#15945,#13029,#13030);
#10924=AXIS2_PLACEMENT_3D('',#15946,#13031,#13032);
#10925=AXIS2_PLACEMENT_3D('',#15950,#13034,#13035);
#10926=AXIS2_PLACEMENT_3D('',#15951,#13036,#13037);
#10927=AXIS2_PLACEMENT_3D('',#15952,#13038,#13039);
#10928=AXIS2_PLACEMENT_3D('',#15958,#13043,#13044);
#10929=AXIS2_PLACEMENT_3D('',#15964,#13048,#13049);
#10930=AXIS2_PLACEMENT_3D('',#15970,#13053,#13054);
#10931=AXIS2_PLACEMENT_3D('',#15976,#13058,#13059);
#10932=AXIS2_PLACEMENT_3D('',#15982,#13063,#13064);
#10933=AXIS2_PLACEMENT_3D('',#15988,#13068,#13069);
#10934=AXIS2_PLACEMENT_3D('',#15994,#13073,#13074);
#10935=AXIS2_PLACEMENT_3D('',#16000,#13078,#13079);
#10936=AXIS2_PLACEMENT_3D('',#16006,#13083,#13084);
#10937=AXIS2_PLACEMENT_3D('',#16012,#13088,#13089);
#10938=AXIS2_PLACEMENT_3D('',#16018,#13093,#13094);
#10939=AXIS2_PLACEMENT_3D('',#16024,#13098,#13099);
#10940=AXIS2_PLACEMENT_3D('',#16030,#13103,#13104);
#10941=AXIS2_PLACEMENT_3D('',#16036,#13108,#13109);
#10942=AXIS2_PLACEMENT_3D('',#16042,#13113,#13114);
#10943=AXIS2_PLACEMENT_3D('',#16048,#13118,#13119);
#10944=AXIS2_PLACEMENT_3D('',#16054,#13123,#13124);
#10945=AXIS2_PLACEMENT_3D('',#16060,#13128,#13129);
#10946=AXIS2_PLACEMENT_3D('',#16066,#13133,#13134);
#10947=AXIS2_PLACEMENT_3D('',#16072,#13138,#13139);
#10948=AXIS2_PLACEMENT_3D('',#16113,#13180,#13181);
#10949=AXIS2_PLACEMENT_3D('',#16114,#13182,#13183);
#10950=AXIS2_PLACEMENT_3D('',#16115,#13184,#13185);
#10951=AXIS2_PLACEMENT_3D('',#16116,#13186,#13187);
#10952=AXIS2_PLACEMENT_3D('',#16117,#13188,#13189);
#10953=AXIS2_PLACEMENT_3D('',#16118,#13190,#13191);
#10954=AXIS2_PLACEMENT_3D('',#16119,#13192,#13193);
#10955=AXIS2_PLACEMENT_3D('',#16120,#13194,#13195);
#10956=AXIS2_PLACEMENT_3D('',#16121,#13196,#13197);
#10957=AXIS2_PLACEMENT_3D('',#16122,#13198,#13199);
#10958=AXIS2_PLACEMENT_3D('',#16123,#13200,#13201);
#10959=AXIS2_PLACEMENT_3D('',#16124,#13202,#13203);
#10960=AXIS2_PLACEMENT_3D('',#16125,#13204,#13205);
#10961=AXIS2_PLACEMENT_3D('',#16126,#13206,#13207);
#10962=AXIS2_PLACEMENT_3D('',#16127,#13208,#13209);
#10963=AXIS2_PLACEMENT_3D('',#16128,#13210,#13211);
#10964=AXIS2_PLACEMENT_3D('',#16129,#13212,#13213);
#10965=AXIS2_PLACEMENT_3D('',#16130,#13214,#13215);
#10966=AXIS2_PLACEMENT_3D('',#16131,#13216,#13217);
#10967=AXIS2_PLACEMENT_3D('',#16132,#13218,#13219);
#10968=AXIS2_PLACEMENT_3D('',#16133,#13220,#13221);
#10969=AXIS2_PLACEMENT_3D('',#16134,#13222,#13223);
#10970=AXIS2_PLACEMENT_3D('',#16135,#13224,#13225);
#10971=AXIS2_PLACEMENT_3D('',#16136,#13226,#13227);
#10972=AXIS2_PLACEMENT_3D('',#16137,#13228,#13229);
#10973=AXIS2_PLACEMENT_3D('',#16138,#13230,#13231);
#10974=AXIS2_PLACEMENT_3D('',#16139,#13232,#13233);
#10975=AXIS2_PLACEMENT_3D('',#16140,#13234,#13235);
#10976=AXIS2_PLACEMENT_3D('',#16141,#13236,#13237);
#10977=AXIS2_PLACEMENT_3D('',#16142,#13238,#13239);
#10978=AXIS2_PLACEMENT_3D('',#16143,#13240,#13241);
#10979=AXIS2_PLACEMENT_3D('',#16144,#13242,#13243);
#10980=AXIS2_PLACEMENT_3D('',#16145,#13244,#13245);
#10981=AXIS2_PLACEMENT_3D('',#16146,#13246,#13247);
#10982=AXIS2_PLACEMENT_3D('',#16147,#13248,#13249);
#10983=AXIS2_PLACEMENT_3D('',#16148,#13250,#13251);
#10984=AXIS2_PLACEMENT_3D('',#16149,#13252,#13253);
#10985=AXIS2_PLACEMENT_3D('',#16150,#13254,#13255);
#10986=AXIS2_PLACEMENT_3D('',#16151,#13256,#13257);
#10987=AXIS2_PLACEMENT_3D('',#16152,#13258,#13259);
#10988=AXIS2_PLACEMENT_3D('',#16153,#13260,#13261);
#10989=AXIS2_PLACEMENT_3D('',#16154,#13262,#13263);
#10990=AXIS2_PLACEMENT_3D('',#16155,#13264,#13265);
#10991=AXIS2_PLACEMENT_3D('',#16164,#13270,#13271);
#10992=AXIS2_PLACEMENT_3D('',#16173,#13276,#13277);
#10993=AXIS2_PLACEMENT_3D('',#16176,#13280,#13281);
#10994=AXIS2_PLACEMENT_3D('',#16179,#13284,#13285);
#10995=AXIS2_PLACEMENT_3D('',#16188,#13290,#13291);
#10996=AXIS2_PLACEMENT_3D('',#16197,#13296,#13297);
#10997=AXIS2_PLACEMENT_3D('',#16206,#13302,#13303);
#10998=AXIS2_PLACEMENT_3D('',#16215,#13308,#13309);
#10999=AXIS2_PLACEMENT_3D('',#16224,#13314,#13315);
#11000=AXIS2_PLACEMENT_3D('',#16233,#13320,#13321);
#11001=AXIS2_PLACEMENT_3D('',#16242,#13326,#13327);
#11002=AXIS2_PLACEMENT_3D('',#16251,#13332,#13333);
#11003=AXIS2_PLACEMENT_3D('',#16260,#13338,#13339);
#11004=AXIS2_PLACEMENT_3D('',#16269,#13344,#13345);
#11005=AXIS2_PLACEMENT_3D('',#16278,#13350,#13351);
#11006=AXIS2_PLACEMENT_3D('',#16287,#13356,#13357);
#11007=AXIS2_PLACEMENT_3D('',#16296,#13362,#13363);
#11008=AXIS2_PLACEMENT_3D('',#16305,#13368,#13369);
#11009=AXIS2_PLACEMENT_3D('',#16314,#13374,#13375);
#11010=AXIS2_PLACEMENT_3D('',#16323,#13380,#13381);
#11011=AXIS2_PLACEMENT_3D('',#16332,#13386,#13387);
#11012=AXIS2_PLACEMENT_3D('',#16341,#13392,#13393);
#11013=AXIS2_PLACEMENT_3D('',#16350,#13398,#13399);
#11014=AXIS2_PLACEMENT_3D('',#16359,#13404,#13405);
#11015=AXIS2_PLACEMENT_3D('',#16362,#13408,#13409);
#11016=AXIS2_PLACEMENT_3D('',#16365,#13412,#13413);
#11017=AXIS2_PLACEMENT_3D('',#16368,#13416,#13417);
#11018=AXIS2_PLACEMENT_3D('',#16371,#13420,#13421);
#11019=AXIS2_PLACEMENT_3D('',#16374,#13424,#13425);
#11020=AXIS2_PLACEMENT_3D('',#16377,#13428,#13429);
#11021=AXIS2_PLACEMENT_3D('',#16380,#13432,#13433);
#11022=AXIS2_PLACEMENT_3D('',#16383,#13436,#13437);
#11023=AXIS2_PLACEMENT_3D('',#16386,#13440,#13441);
#11024=AXIS2_PLACEMENT_3D('',#16389,#13444,#13445);
#11025=AXIS2_PLACEMENT_3D('',#16398,#13450,#13451);
#11026=AXIS2_PLACEMENT_3D('',#16407,#13456,#13457);
#11027=AXIS2_PLACEMENT_3D('',#16416,#13462,#13463);
#11028=AXIS2_PLACEMENT_3D('',#16425,#13468,#13469);
#11029=AXIS2_PLACEMENT_3D('',#16434,#13474,#13475);
#11030=AXIS2_PLACEMENT_3D('',#16443,#13480,#13481);
#11031=AXIS2_PLACEMENT_3D('',#16452,#13486,#13487);
#11032=AXIS2_PLACEMENT_3D('',#16461,#13492,#13493);
#11033=AXIS2_PLACEMENT_3D('',#16470,#13498,#13499);
#11034=AXIS2_PLACEMENT_3D('',#16479,#13504,#13505);
#11035=AXIS2_PLACEMENT_3D('',#16488,#13510,#13511);
#11036=AXIS2_PLACEMENT_3D('',#16497,#13516,#13517);
#11037=AXIS2_PLACEMENT_3D('',#16506,#13522,#13523);
#11038=AXIS2_PLACEMENT_3D('',#16515,#13528,#13529);
#11039=AXIS2_PLACEMENT_3D('',#16524,#13534,#13535);
#11040=AXIS2_PLACEMENT_3D('',#16533,#13540,#13541);
#11041=AXIS2_PLACEMENT_3D('',#16542,#13546,#13547);
#11042=AXIS2_PLACEMENT_3D('',#16551,#13552,#13553);
#11043=AXIS2_PLACEMENT_3D('',#16560,#13558,#13559);
#11044=AXIS2_PLACEMENT_3D('',#16569,#13564,#13565);
#11045=AXIS2_PLACEMENT_3D('',#16572,#13568,#13569);
#11046=AXIS2_PLACEMENT_3D('',#16575,#13572,#13573);
#11047=AXIS2_PLACEMENT_3D('',#16578,#13576,#13577);
#11048=AXIS2_PLACEMENT_3D('',#16581,#13580,#13581);
#11049=AXIS2_PLACEMENT_3D('',#16584,#13584,#13585);
#11050=AXIS2_PLACEMENT_3D('',#16587,#13588,#13589);
#11051=AXIS2_PLACEMENT_3D('',#16590,#13592,#13593);
#11052=AXIS2_PLACEMENT_3D('',#16593,#13596,#13597);
#11053=AXIS2_PLACEMENT_3D('',#16596,#13600,#13601);
#11054=AXIS2_PLACEMENT_3D('',#16599,#13604,#13605);
#11055=AXIS2_PLACEMENT_3D('',#16601,#13607,#13608);
#11056=AXIS2_PLACEMENT_3D('',#16603,#13610,#13611);
#11057=AXIS2_PLACEMENT_3D('',#16642,#13650,#13651);
#11058=AXIS2_PLACEMENT_3D('',#16643,#13652,#13653);
#11059=AXIS2_PLACEMENT_3D('',#16644,#13654,#13655);
#11060=AXIS2_PLACEMENT_3D('',#16645,#13656,#13657);
#11061=AXIS2_PLACEMENT_3D('',#16646,#13658,#13659);
#11062=AXIS2_PLACEMENT_3D('',#16647,#13660,#13661);
#11063=AXIS2_PLACEMENT_3D('',#16648,#13662,#13663);
#11064=AXIS2_PLACEMENT_3D('',#16649,#13664,#13665);
#11065=AXIS2_PLACEMENT_3D('',#16650,#13666,#13667);
#11066=AXIS2_PLACEMENT_3D('',#16651,#13668,#13669);
#11067=AXIS2_PLACEMENT_3D('',#16652,#13670,#13671);
#11068=AXIS2_PLACEMENT_3D('',#16653,#13672,#13673);
#11069=AXIS2_PLACEMENT_3D('',#16654,#13674,#13675);
#11070=AXIS2_PLACEMENT_3D('',#16655,#13676,#13677);
#11071=AXIS2_PLACEMENT_3D('',#16656,#13678,#13679);
#11072=AXIS2_PLACEMENT_3D('',#16657,#13680,#13681);
#11073=AXIS2_PLACEMENT_3D('',#16658,#13682,#13683);
#11074=AXIS2_PLACEMENT_3D('',#16659,#13684,#13685);
#11075=AXIS2_PLACEMENT_3D('',#16660,#13686,#13687);
#11076=AXIS2_PLACEMENT_3D('',#16661,#13688,#13689);
#11077=AXIS2_PLACEMENT_3D('',#16662,#13690,#13691);
#11078=AXIS2_PLACEMENT_3D('',#16663,#13692,#13693);
#11079=AXIS2_PLACEMENT_3D('',#16664,#13694,#13695);
#11080=AXIS2_PLACEMENT_3D('',#16665,#13696,#13697);
#11081=AXIS2_PLACEMENT_3D('',#16666,#13698,#13699);
#11082=AXIS2_PLACEMENT_3D('',#16667,#13700,#13701);
#11083=AXIS2_PLACEMENT_3D('',#16668,#13702,#13703);
#11084=AXIS2_PLACEMENT_3D('',#16669,#13704,#13705);
#11085=AXIS2_PLACEMENT_3D('',#16670,#13706,#13707);
#11086=AXIS2_PLACEMENT_3D('',#16671,#13708,#13709);
#11087=AXIS2_PLACEMENT_3D('',#16672,#13710,#13711);
#11088=AXIS2_PLACEMENT_3D('',#16673,#13712,#13713);
#11089=AXIS2_PLACEMENT_3D('',#16674,#13714,#13715);
#11090=AXIS2_PLACEMENT_3D('',#16675,#13716,#13717);
#11091=AXIS2_PLACEMENT_3D('',#16676,#13718,#13719);
#11092=AXIS2_PLACEMENT_3D('',#16677,#13720,#13721);
#11093=AXIS2_PLACEMENT_3D('',#16678,#13722,#13723);
#11094=AXIS2_PLACEMENT_3D('',#16679,#13724,#13725);
#11095=AXIS2_PLACEMENT_3D('',#16680,#13726,#13727);
#11096=AXIS2_PLACEMENT_3D('',#16681,#13728,#13729);
#11097=DIRECTION('',(0.,0.,1.));
#11098=DIRECTION('',(1.,0.,0.));
#11099=DIRECTION('',(1.,0.,0.));
#11100=DIRECTION('',(0.,0.,-1.));
#11101=DIRECTION('',(0.,1.,0.));
#11102=DIRECTION('',(0.,0.,1.));
#11103=DIRECTION('',(0.,-1.,0.));
#11104=DIRECTION('',(0.,0.,-1.));
#11105=DIRECTION('',(0.,1.,0.));
#11106=DIRECTION('',(0.,0.,1.));
#11107=DIRECTION('',(0.,-1.,0.));
#11108=DIRECTION('',(0.,0.,-1.));
#11109=DIRECTION('',(-1.,0.,0.));
#11110=DIRECTION('',(0.,0.,1.));
#11111=DIRECTION('',(0.,-1.,0.));
#11112=DIRECTION('',(0.,0.,1.));
#11113=DIRECTION('',(0.,-1.,0.));
#11114=DIRECTION('',(0.,0.,-1.));
#11115=DIRECTION('',(0.,-1.,0.));
#11116=DIRECTION('',(0.,0.,1.));
#11117=DIRECTION('',(0.,1.,0.));
#11118=DIRECTION('',(0.,0.,-1.));
#11119=DIRECTION('',(0.,1.,0.));
#11120=DIRECTION('',(0.,0.,1.));
#11121=DIRECTION('',(-1.,0.,0.));
#11122=DIRECTION('',(1.,0.,0.));
#11123=DIRECTION('',(1.,0.,0.));
#11124=DIRECTION('',(0.,0.,-1.));
#11125=DIRECTION('',(0.,1.,0.));
#11126=DIRECTION('',(0.,0.,1.));
#11127=DIRECTION('',(0.,-1.,0.));
#11128=DIRECTION('',(0.,0.,-1.));
#11129=DIRECTION('',(0.,1.,0.));
#11130=DIRECTION('',(0.,0.,1.));
#11131=DIRECTION('',(0.,-1.,0.));
#11132=DIRECTION('',(0.,0.,-1.));
#11133=DIRECTION('',(-1.,0.,0.));
#11134=DIRECTION('',(0.,0.,1.));
#11135=DIRECTION('',(0.,-1.,0.));
#11136=DIRECTION('',(0.,0.,1.));
#11137=DIRECTION('',(0.,-1.,0.));
#11138=DIRECTION('',(0.,0.,-1.));
#11139=DIRECTION('',(0.,-1.,0.));
#11140=DIRECTION('',(0.,0.,1.));
#11141=DIRECTION('',(0.,1.,0.));
#11142=DIRECTION('',(0.,0.,-1.));
#11143=DIRECTION('',(0.,1.,0.));
#11144=DIRECTION('',(0.,0.,1.));
#11145=DIRECTION('',(-1.,0.,0.));
#11146=DIRECTION('',(1.,0.,0.));
#11147=DIRECTION('',(0.,1.,0.));
#11148=DIRECTION('',(0.,0.,1.));
#11149=DIRECTION('',(0.,1.,0.));
#11150=DIRECTION('',(1.,0.,0.));
#11151=DIRECTION('',(0.,0.,1.));
#11152=DIRECTION('',(0.,1.,0.));
#11153=DIRECTION('',(1.,0.,0.));
#11154=DIRECTION('',(1.,0.,0.));
#11155=DIRECTION('',(0.,1.,0.));
#11156=DIRECTION('',(1.,0.,0.));
#11157=DIRECTION('',(0.,0.,-1.));
#11158=DIRECTION('',(0.,1.,0.));
#11159=DIRECTION('',(1.,0.,0.));
#11160=DIRECTION('',(-1.,0.,0.));
#11161=DIRECTION('',(-1.,0.,0.));
#11162=DIRECTION('',(0.,0.,-1.));
#11163=DIRECTION('',(1.,0.,0.));
#11164=DIRECTION('',(0.,0.,1.));
#11165=DIRECTION('',(0.,0.,1.));
#11166=DIRECTION('',(1.,0.,0.));
#11167=DIRECTION('',(-1.,0.,0.));
#11168=DIRECTION('',(0.,-1.,0.));
#11169=DIRECTION('',(-1.,0.,0.));
#11170=DIRECTION('',(0.,-1.,0.));
#11171=DIRECTION('',(1.,0.,0.));
#11172=DIRECTION('',(0.,0.,-1.));
#11173=DIRECTION('',(0.,1.,0.));
#11174=DIRECTION('',(0.,0.,1.));
#11175=DIRECTION('',(0.,-1.,0.));
#11176=DIRECTION('',(0.,0.,1.));
#11177=DIRECTION('',(0.,0.,-1.));
#11178=DIRECTION('',(-1.,0.,0.));
#11179=DIRECTION('',(0.,0.,1.));
#11180=DIRECTION('',(0.,-1.,0.));
#11181=DIRECTION('',(0.,0.,1.));
#11182=DIRECTION('',(0.,-1.,0.));
#11183=DIRECTION('',(0.,0.,-1.));
#11184=DIRECTION('',(0.,-1.,0.));
#11185=DIRECTION('',(0.,0.,1.));
#11186=DIRECTION('',(1.,0.,0.));
#11187=DIRECTION('',(-1.,0.,0.));
#11188=DIRECTION('',(0.,-1.,0.));
#11189=DIRECTION('',(-1.,0.,0.));
#11190=DIRECTION('',(-1.,0.,0.));
#11191=DIRECTION('',(0.,0.,1.));
#11192=DIRECTION('',(0.,-1.,0.));
#11193=DIRECTION('',(0.,0.,1.));
#11194=DIRECTION('',(0.,-1.,0.));
#11195=DIRECTION('',(0.,0.,-1.));
#11196=DIRECTION('',(0.,1.,0.));
#11197=DIRECTION('',(0.,0.,1.));
#11198=DIRECTION('',(0.,-1.,0.));
#11199=DIRECTION('',(0.,0.,-1.));
#11200=DIRECTION('',(-1.,0.,0.));
#11201=DIRECTION('',(1.,0.,0.));
#11202=DIRECTION('',(1.,0.,0.));
#11203=DIRECTION('',(0.,0.,-1.));
#11204=DIRECTION('',(0.,1.,0.));
#11205=DIRECTION('',(0.,-1.,0.));
#11206=DIRECTION('',(0.,0.,-1.));
#11207=DIRECTION('',(0.,0.,1.));
#11208=DIRECTION('',(1.,0.,0.));
#11209=DIRECTION('',(1.,0.,0.));
#11210=DIRECTION('',(-1.,0.,0.));
#11211=DIRECTION('',(0.,0.,1.));
#11212=DIRECTION('',(1.,0.,0.));
#11213=DIRECTION('',(1.,0.,0.));
#11214=DIRECTION('',(-1.,0.,0.));
#11215=DIRECTION('',(1.,0.,0.));
#11216=DIRECTION('',(0.,0.,-1.));
#11217=DIRECTION('',(0.,1.,0.));
#11218=DIRECTION('',(0.,0.,1.));
#11219=DIRECTION('',(0.,-1.,0.));
#11220=DIRECTION('',(0.,0.,1.));
#11221=DIRECTION('',(0.,-1.,0.));
#11222=DIRECTION('',(0.,0.,-1.));
#11223=DIRECTION('',(1.,0.,0.));
#11224=DIRECTION('',(0.,0.,-1.));
#11225=DIRECTION('',(0.,-1.,0.));
#11226=DIRECTION('',(0.,0.,-1.));
#11227=DIRECTION('',(0.,1.,0.));
#11228=DIRECTION('',(0.,0.,1.));
#11229=DIRECTION('',(0.,-1.,0.));
#11230=DIRECTION('',(0.,0.,1.));
#11231=DIRECTION('',(-1.,0.,0.));
#11232=DIRECTION('',(0.,0.,1.));
#11233=DIRECTION('',(0.,-1.,0.));
#11234=DIRECTION('',(0.,0.,1.));
#11235=DIRECTION('',(0.,1.,0.));
#11236=DIRECTION('',(0.,0.,-1.));
#11237=DIRECTION('',(0.,-1.,0.));
#11238=DIRECTION('',(0.,0.,-1.));
#11239=DIRECTION('',(-1.,0.,0.));
#11240=DIRECTION('',(0.,0.,1.));
#11241=DIRECTION('',(0.,1.,0.));
#11242=DIRECTION('',(0.,0.,-1.));
#11243=DIRECTION('',(0.,-1.,0.));
#11244=DIRECTION('',(0.,0.,-1.));
#11245=DIRECTION('',(0.,-1.,0.));
#11246=DIRECTION('',(0.,0.,1.));
#11247=DIRECTION('',(0.,1.,0.));
#11248=DIRECTION('',(0.,0.,1.));
#11249=DIRECTION('',(-1.,0.,0.));
#11250=DIRECTION('',(1.,0.,0.));
#11251=DIRECTION('',(0.,1.,0.));
#11252=DIRECTION('',(0.,0.,1.));
#11253=DIRECTION('',(1.,0.,0.));
#11254=DIRECTION('',(-1.,0.,0.));
#11255=DIRECTION('',(1.,0.,0.));
#11256=DIRECTION('',(0.,0.,-1.));
#11257=DIRECTION('',(0.,1.,0.));
#11258=DIRECTION('',(0.,0.,1.));
#11259=DIRECTION('',(0.,-1.,0.));
#11260=DIRECTION('',(0.,0.,1.));
#11261=DIRECTION('',(0.,-1.,0.));
#11262=DIRECTION('',(0.,0.,-1.));
#11263=DIRECTION('',(1.,0.,0.));
#11264=DIRECTION('',(0.,0.,-1.));
#11265=DIRECTION('',(0.,-1.,0.));
#11266=DIRECTION('',(0.,0.,-1.));
#11267=DIRECTION('',(0.,1.,0.));
#11268=DIRECTION('',(0.,0.,1.));
#11269=DIRECTION('',(0.,-1.,0.));
#11270=DIRECTION('',(0.,0.,1.));
#11271=DIRECTION('',(-1.,0.,0.));
#11272=DIRECTION('',(0.,0.,1.));
#11273=DIRECTION('',(0.,-1.,0.));
#11274=DIRECTION('',(0.,0.,1.));
#11275=DIRECTION('',(0.,1.,0.));
#11276=DIRECTION('',(0.,0.,-1.));
#11277=DIRECTION('',(0.,-1.,0.));
#11278=DIRECTION('',(0.,0.,-1.));
#11279=DIRECTION('',(-1.,0.,0.));
#11280=DIRECTION('',(0.,0.,1.));
#11281=DIRECTION('',(0.,1.,0.));
#11282=DIRECTION('',(0.,0.,-1.));
#11283=DIRECTION('',(0.,-1.,0.));
#11284=DIRECTION('',(0.,0.,-1.));
#11285=DIRECTION('',(0.,-1.,0.));
#11286=DIRECTION('',(0.,0.,1.));
#11287=DIRECTION('',(0.,1.,0.));
#11288=DIRECTION('',(0.,0.,1.));
#11289=DIRECTION('',(-1.,0.,0.));
#11290=DIRECTION('',(1.,0.,0.));
#11291=DIRECTION('',(0.,1.,0.));
#11292=DIRECTION('',(0.,0.,1.));
#11293=DIRECTION('',(1.,0.,0.));
#11294=DIRECTION('',(-1.,0.,0.));
#11295=DIRECTION('',(1.,0.,0.));
#11296=DIRECTION('',(0.,0.,-1.));
#11297=DIRECTION('',(0.,1.,0.));
#11298=DIRECTION('',(0.,0.,1.));
#11299=DIRECTION('',(0.,-1.,0.));
#11300=DIRECTION('',(0.,0.,1.));
#11301=DIRECTION('',(0.,-1.,0.));
#11302=DIRECTION('',(0.,0.,-1.));
#11303=DIRECTION('',(1.,0.,0.));
#11304=DIRECTION('',(0.,0.,-1.));
#11305=DIRECTION('',(0.,-1.,0.));
#11306=DIRECTION('',(0.,0.,-1.));
#11307=DIRECTION('',(0.,1.,0.));
#11308=DIRECTION('',(0.,0.,1.));
#11309=DIRECTION('',(0.,-1.,0.));
#11310=DIRECTION('',(0.,0.,1.));
#11311=DIRECTION('',(-1.,0.,0.));
#11312=DIRECTION('',(0.,0.,1.));
#11313=DIRECTION('',(0.,-1.,0.));
#11314=DIRECTION('',(0.,0.,1.));
#11315=DIRECTION('',(0.,1.,0.));
#11316=DIRECTION('',(0.,0.,-1.));
#11317=DIRECTION('',(0.,-1.,0.));
#11318=DIRECTION('',(0.,0.,-1.));
#11319=DIRECTION('',(-1.,0.,0.));
#11320=DIRECTION('',(0.,0.,1.));
#11321=DIRECTION('',(0.,1.,0.));
#11322=DIRECTION('',(0.,0.,-1.));
#11323=DIRECTION('',(0.,-1.,0.));
#11324=DIRECTION('',(0.,0.,-1.));
#11325=DIRECTION('',(0.,-1.,0.));
#11326=DIRECTION('',(0.,0.,1.));
#11327=DIRECTION('',(0.,1.,0.));
#11328=DIRECTION('',(0.,0.,1.));
#11329=DIRECTION('',(-1.,0.,0.));
#11330=DIRECTION('',(1.,0.,0.));
#11331=DIRECTION('',(0.,1.,0.));
#11332=DIRECTION('',(0.,0.,1.));
#11333=DIRECTION('',(1.,0.,0.));
#11334=DIRECTION('',(-1.,0.,0.));
#11335=DIRECTION('',(1.,0.,0.));
#11336=DIRECTION('',(0.,0.,-1.));
#11337=DIRECTION('',(0.,1.,0.));
#11338=DIRECTION('',(0.,0.,1.));
#11339=DIRECTION('',(0.,-1.,0.));
#11340=DIRECTION('',(0.,0.,1.));
#11341=DIRECTION('',(0.,-1.,0.));
#11342=DIRECTION('',(0.,0.,-1.));
#11343=DIRECTION('',(1.,0.,0.));
#11344=DIRECTION('',(0.,0.,-1.));
#11345=DIRECTION('',(0.,-1.,0.));
#11346=DIRECTION('',(0.,0.,-1.));
#11347=DIRECTION('',(0.,1.,0.));
#11348=DIRECTION('',(0.,0.,1.));
#11349=DIRECTION('',(0.,-1.,0.));
#11350=DIRECTION('',(0.,0.,1.));
#11351=DIRECTION('',(-1.,0.,0.));
#11352=DIRECTION('',(0.,0.,1.));
#11353=DIRECTION('',(0.,-1.,0.));
#11354=DIRECTION('',(0.,0.,1.));
#11355=DIRECTION('',(0.,1.,0.));
#11356=DIRECTION('',(0.,0.,-1.));
#11357=DIRECTION('',(0.,-1.,0.));
#11358=DIRECTION('',(0.,0.,-1.));
#11359=DIRECTION('',(-1.,0.,0.));
#11360=DIRECTION('',(0.,0.,1.));
#11361=DIRECTION('',(0.,1.,0.));
#11362=DIRECTION('',(0.,0.,-1.));
#11363=DIRECTION('',(0.,-1.,0.));
#11364=DIRECTION('',(0.,0.,-1.));
#11365=DIRECTION('',(0.,-1.,0.));
#11366=DIRECTION('',(0.,0.,1.));
#11367=DIRECTION('',(0.,1.,0.));
#11368=DIRECTION('',(0.,0.,1.));
#11369=DIRECTION('',(-1.,0.,0.));
#11370=DIRECTION('',(1.,0.,0.));
#11371=DIRECTION('',(0.,1.,0.));
#11372=DIRECTION('',(0.,0.,1.));
#11373=DIRECTION('',(1.,0.,0.));
#11374=DIRECTION('',(-1.,0.,0.));
#11375=DIRECTION('',(1.,0.,0.));
#11376=DIRECTION('',(0.,0.,-1.));
#11377=DIRECTION('',(0.,1.,0.));
#11378=DIRECTION('',(0.,0.,1.));
#11379=DIRECTION('',(0.,-1.,0.));
#11380=DIRECTION('',(0.,0.,1.));
#11381=DIRECTION('',(0.,-1.,0.));
#11382=DIRECTION('',(0.,0.,-1.));
#11383=DIRECTION('',(-1.,0.,0.));
#11384=DIRECTION('',(0.,0.,1.));
#11385=DIRECTION('',(0.,-1.,0.));
#11386=DIRECTION('',(0.,0.,1.));
#11387=DIRECTION('',(0.,1.,0.));
#11388=DIRECTION('',(0.,0.,-1.));
#11389=DIRECTION('',(0.,-1.,0.));
#11390=DIRECTION('',(0.,0.,-1.));
#11391=DIRECTION('',(0.,1.,0.));
#11392=DIRECTION('',(0.,0.,1.));
#11393=DIRECTION('',(-1.,0.,0.));
#11394=DIRECTION('',(1.,0.,0.));
#11395=DIRECTION('',(1.,0.,0.));
#11396=DIRECTION('',(0.,0.,-1.));
#11397=DIRECTION('',(0.,1.,0.));
#11398=DIRECTION('',(0.,0.,1.));
#11399=DIRECTION('',(0.,-1.,0.));
#11400=DIRECTION('',(0.,0.,1.));
#11401=DIRECTION('',(0.,-1.,0.));
#11402=DIRECTION('',(0.,0.,-1.));
#11403=DIRECTION('',(-1.,0.,0.));
#11404=DIRECTION('',(0.,0.,1.));
#11405=DIRECTION('',(0.,-1.,0.));
#11406=DIRECTION('',(0.,0.,1.));
#11407=DIRECTION('',(0.,1.,0.));
#11408=DIRECTION('',(0.,0.,-1.));
#11409=DIRECTION('',(0.,-1.,0.));
#11410=DIRECTION('',(0.,0.,-1.));
#11411=DIRECTION('',(0.,1.,0.));
#11412=DIRECTION('',(0.,0.,1.));
#11413=DIRECTION('',(-1.,0.,0.));
#11414=DIRECTION('',(1.,0.,0.));
#11415=DIRECTION('',(1.,0.,0.));
#11416=DIRECTION('',(0.,0.,-1.));
#11417=DIRECTION('',(0.,1.,0.));
#11418=DIRECTION('',(0.,0.,1.));
#11419=DIRECTION('',(0.,-1.,0.));
#11420=DIRECTION('',(0.,0.,1.));
#11421=DIRECTION('',(0.,-1.,0.));
#11422=DIRECTION('',(0.,0.,-1.));
#11423=DIRECTION('',(1.,0.,0.));
#11424=DIRECTION('',(0.,0.,-1.));
#11425=DIRECTION('',(0.,-1.,0.));
#11426=DIRECTION('',(0.,0.,-1.));
#11427=DIRECTION('',(0.,1.,0.));
#11428=DIRECTION('',(0.,0.,1.));
#11429=DIRECTION('',(0.,-1.,0.));
#11430=DIRECTION('',(0.,0.,1.));
#11431=DIRECTION('',(-1.,0.,0.));
#11432=DIRECTION('',(0.,0.,1.));
#11433=DIRECTION('',(0.,-1.,0.));
#11434=DIRECTION('',(0.,0.,1.));
#11435=DIRECTION('',(0.,1.,0.));
#11436=DIRECTION('',(0.,0.,-1.));
#11437=DIRECTION('',(0.,-1.,0.));
#11438=DIRECTION('',(0.,0.,-1.));
#11439=DIRECTION('',(-1.,0.,0.));
#11440=DIRECTION('',(0.,0.,1.));
#11441=DIRECTION('',(0.,1.,0.));
#11442=DIRECTION('',(0.,0.,-1.));
#11443=DIRECTION('',(0.,-1.,0.));
#11444=DIRECTION('',(0.,0.,-1.));
#11445=DIRECTION('',(0.,-1.,0.));
#11446=DIRECTION('',(0.,0.,1.));
#11447=DIRECTION('',(0.,1.,0.));
#11448=DIRECTION('',(0.,0.,1.));
#11449=DIRECTION('',(-1.,0.,0.));
#11450=DIRECTION('',(1.,0.,0.));
#11451=DIRECTION('',(0.,1.,0.));
#11452=DIRECTION('',(0.,0.,1.));
#11453=DIRECTION('',(1.,0.,0.));
#11454=DIRECTION('',(-1.,0.,0.));
#11455=DIRECTION('',(1.,0.,0.));
#11456=DIRECTION('',(0.,0.,-1.));
#11457=DIRECTION('',(0.,1.,0.));
#11458=DIRECTION('',(0.,0.,1.));
#11459=DIRECTION('',(0.,-1.,0.));
#11460=DIRECTION('',(0.,0.,1.));
#11461=DIRECTION('',(0.,-1.,0.));
#11462=DIRECTION('',(0.,0.,-1.));
#11463=DIRECTION('',(1.,0.,0.));
#11464=DIRECTION('',(0.,0.,-1.));
#11465=DIRECTION('',(0.,-1.,0.));
#11466=DIRECTION('',(0.,0.,-1.));
#11467=DIRECTION('',(0.,1.,0.));
#11468=DIRECTION('',(0.,0.,1.));
#11469=DIRECTION('',(0.,-1.,0.));
#11470=DIRECTION('',(0.,0.,1.));
#11471=DIRECTION('',(-1.,0.,0.));
#11472=DIRECTION('',(0.,0.,1.));
#11473=DIRECTION('',(0.,-1.,0.));
#11474=DIRECTION('',(0.,0.,1.));
#11475=DIRECTION('',(0.,1.,0.));
#11476=DIRECTION('',(0.,0.,-1.));
#11477=DIRECTION('',(0.,-1.,0.));
#11478=DIRECTION('',(0.,0.,-1.));
#11479=DIRECTION('',(-1.,0.,0.));
#11480=DIRECTION('',(0.,0.,1.));
#11481=DIRECTION('',(0.,1.,0.));
#11482=DIRECTION('',(0.,0.,-1.));
#11483=DIRECTION('',(0.,-1.,0.));
#11484=DIRECTION('',(0.,0.,-1.));
#11485=DIRECTION('',(0.,-1.,0.));
#11486=DIRECTION('',(0.,0.,1.));
#11487=DIRECTION('',(0.,1.,0.));
#11488=DIRECTION('',(0.,0.,1.));
#11489=DIRECTION('',(-1.,0.,0.));
#11490=DIRECTION('',(1.,0.,0.));
#11491=DIRECTION('',(0.,1.,0.));
#11492=DIRECTION('',(0.,0.,1.));
#11493=DIRECTION('',(1.,0.,0.));
#11494=DIRECTION('',(-1.,0.,0.));
#11495=DIRECTION('',(1.,0.,0.));
#11496=DIRECTION('',(0.,0.,-1.));
#11497=DIRECTION('',(0.,1.,0.));
#11498=DIRECTION('',(0.,0.,1.));
#11499=DIRECTION('',(0.,-1.,0.));
#11500=DIRECTION('',(0.,0.,-1.));
#11501=DIRECTION('',(1.,0.,0.));
#11502=DIRECTION('',(0.,0.,-1.));
#11503=DIRECTION('',(0.,-1.,0.));
#11504=DIRECTION('',(0.,0.,-1.));
#11505=DIRECTION('',(0.,-1.,0.));
#11506=DIRECTION('',(0.,0.,1.));
#11507=DIRECTION('',(-1.,0.,0.));
#11508=DIRECTION('',(0.,0.,1.));
#11509=DIRECTION('',(0.,-1.,0.));
#11510=DIRECTION('',(0.,0.,1.));
#11511=DIRECTION('',(0.,-1.,0.));
#11512=DIRECTION('',(0.,0.,-1.));
#11513=DIRECTION('',(-1.,0.,0.));
#11514=DIRECTION('',(0.,0.,1.));
#11515=DIRECTION('',(0.,1.,0.));
#11516=DIRECTION('',(0.,0.,-1.));
#11517=DIRECTION('',(0.,-1.,0.));
#11518=DIRECTION('',(0.,0.,1.));
#11519=DIRECTION('',(0.,1.,0.));
#11520=DIRECTION('',(0.,0.,1.));
#11521=DIRECTION('',(-1.,0.,0.));
#11522=DIRECTION('',(1.,0.,0.));
#11523=DIRECTION('',(0.,1.,0.));
#11524=DIRECTION('',(0.,0.,1.));
#11525=DIRECTION('',(1.,0.,0.));
#11526=DIRECTION('',(-1.,0.,0.));
#11527=DIRECTION('',(0.,0.,-1.));
#11528=DIRECTION('',(-1.,0.,0.));
#11529=DIRECTION('',(1.,0.,0.));
#11530=DIRECTION('',(1.,0.,0.));
#11531=DIRECTION('',(0.,0.,-1.));
#11532=DIRECTION('',(-1.,0.,0.));
#11533=DIRECTION('',(1.,0.,0.));
#11534=DIRECTION('',(1.,0.,0.));
#11535=DIRECTION('',(0.,0.,-1.));
#11536=DIRECTION('',(-1.,0.,0.));
#11537=DIRECTION('',(1.,0.,0.));
#11538=DIRECTION('',(1.,0.,0.));
#11539=DIRECTION('',(0.,0.,-1.));
#11540=DIRECTION('',(-1.,0.,0.));
#11541=DIRECTION('',(1.,0.,0.));
#11542=DIRECTION('',(0.,-1.,0.));
#11543=DIRECTION('',(1.,0.,0.));
#11544=DIRECTION('',(0.,0.,1.));
#11545=DIRECTION('',(1.,0.,0.));
#11546=DIRECTION('',(-1.,0.,0.));
#11547=DIRECTION('',(-1.,0.,0.));
#11548=DIRECTION('',(0.,0.,1.));
#11549=DIRECTION('',(1.,0.,0.));
#11550=DIRECTION('',(-1.,0.,0.));
#11551=DIRECTION('',(-1.,0.,0.));
#11552=DIRECTION('',(0.,0.,1.));
#11553=DIRECTION('',(1.,0.,0.));
#11554=DIRECTION('',(-1.,0.,0.));
#11555=DIRECTION('',(-1.,0.,0.));
#11556=DIRECTION('',(0.,0.,1.));
#11557=DIRECTION('',(1.,0.,0.));
#11558=DIRECTION('',(-1.,0.,0.));
#11559=DIRECTION('',(0.,-1.,0.));
#11560=DIRECTION('',(-1.,0.,0.));
#11561=DIRECTION('',(0.,0.,-1.));
#11562=DIRECTION('',(-1.,0.,0.));
#11563=DIRECTION('',(1.,0.,0.));
#11564=DIRECTION('',(0.,-1.,0.));
#11565=DIRECTION('',(1.,0.,0.));
#11566=DIRECTION('',(0.,0.,-1.));
#11567=DIRECTION('',(-1.,0.,0.));
#11568=DIRECTION('',(1.,0.,0.));
#11569=DIRECTION('',(1.,0.,0.));
#11570=DIRECTION('',(0.,0.,-1.));
#11571=DIRECTION('',(-1.,0.,0.));
#11572=DIRECTION('',(1.,0.,0.));
#11573=DIRECTION('',(1.,0.,0.));
#11574=DIRECTION('',(0.,0.,-1.));
#11575=DIRECTION('',(-1.,0.,0.));
#11576=DIRECTION('',(1.,0.,0.));
#11577=DIRECTION('',(1.,0.,0.));
#11578=DIRECTION('',(0.,0.,-1.));
#11579=DIRECTION('',(-1.,0.,0.));
#11580=DIRECTION('',(1.,0.,0.));
#11581=DIRECTION('',(0.,-1.,0.));
#11582=DIRECTION('',(1.,0.,0.));
#11583=DIRECTION('',(0.,0.,1.));
#11584=DIRECTION('',(1.,0.,0.));
#11585=DIRECTION('',(-1.,0.,0.));
#11586=DIRECTION('',(0.,-1.,0.));
#11587=DIRECTION('',(-1.,0.,0.));
#11588=DIRECTION('',(0.,0.,1.));
#11589=DIRECTION('',(1.,0.,0.));
#11590=DIRECTION('',(-1.,0.,0.));
#11591=DIRECTION('',(-1.,0.,0.));
#11592=DIRECTION('',(0.,0.,1.));
#11593=DIRECTION('',(1.,0.,0.));
#11594=DIRECTION('',(-1.,0.,0.));
#11595=DIRECTION('',(-1.,0.,0.));
#11596=DIRECTION('',(0.,0.,1.));
#11597=DIRECTION('',(1.,0.,0.));
#11598=DIRECTION('',(-1.,0.,0.));
#11599=DIRECTION('',(-1.,0.,0.));
#11600=DIRECTION('',(0.,0.,1.));
#11601=DIRECTION('',(1.,0.,0.));
#11602=DIRECTION('',(-1.,0.,0.));
#11603=DIRECTION('',(0.,-1.,0.));
#11604=DIRECTION('',(-1.,0.,0.));
#11605=DIRECTION('',(0.,1.,0.));
#11606=DIRECTION('',(0.,0.,1.));
#11607=DIRECTION('',(0.,0.,-1.));
#11608=DIRECTION('',(-1.,0.,0.));
#11609=DIRECTION('',(-1.,0.,0.));
#11610=DIRECTION('',(-1.,0.,0.));
#11611=DIRECTION('',(-1.,0.,0.));
#11612=DIRECTION('',(-1.,0.,0.));
#11613=DIRECTION('',(0.,0.,1.));
#11614=DIRECTION('',(-1.,0.,0.));
#11615=DIRECTION('',(-1.,0.,0.));
#11616=DIRECTION('',(-1.,0.,0.));
#11617=DIRECTION('',(9.31311816021908E-15,0.,-1.));
#11618=DIRECTION('',(-1.,0.,0.));
#11619=DIRECTION('',(-1.,0.,0.));
#11620=DIRECTION('',(-1.,0.,0.));
#11621=DIRECTION('',(-1.,0.,0.));
#11622=DIRECTION('',(0.,0.,1.));
#11623=DIRECTION('',(-1.,0.,0.));
#11624=DIRECTION('',(1.,0.,0.));
#11625=DIRECTION('',(0.,0.,1.));
#11626=DIRECTION('',(-1.,0.,0.));
#11627=DIRECTION('',(-1.,0.,0.));
#11628=DIRECTION('',(-1.,0.,0.));
#11629=DIRECTION('',(-1.,0.,0.));
#11630=DIRECTION('',(-1.55218636003651E-15,0.,-1.));
#11631=DIRECTION('',(1.,0.,0.));
#11632=DIRECTION('',(-1.,0.,0.));
#11633=DIRECTION('',(1.,0.,0.));
#11634=DIRECTION('',(0.,0.,1.));
#11635=DIRECTION('',(-1.,0.,0.));
#11636=DIRECTION('',(-1.,0.,0.));
#11637=DIRECTION('',(-1.,0.,0.));
#11638=DIRECTION('',(-1.,0.,0.));
#11639=DIRECTION('',(1.,0.,0.));
#11640=DIRECTION('',(-2.00871176004725E-14,0.,-1.));
#11641=DIRECTION('',(1.,0.,0.));
#11642=DIRECTION('',(-1.,0.,0.));
#11643=DIRECTION('',(0.,0.,-1.));
#11644=DIRECTION('',(-1.,0.,0.));
#11645=DIRECTION('',(1.,0.,0.));
#11646=DIRECTION('',(0.,-1.,0.));
#11647=DIRECTION('',(0.,0.,1.));
#11648=DIRECTION('',(1.,0.,0.));
#11649=DIRECTION('',(0.,-1.,0.));
#11650=DIRECTION('',(-1.,0.,0.));
#11651=DIRECTION('',(0.,1.,0.));
#11652=DIRECTION('',(0.,0.,1.));
#11653=DIRECTION('',(-1.,0.,0.));
#11654=DIRECTION('',(0.,0.,-1.));
#11655=DIRECTION('',(1.,0.,0.));
#11656=DIRECTION('',(0.,0.,1.));
#11657=DIRECTION('',(-1.,0.,0.));
#11658=DIRECTION('',(0.,0.,-1.));
#11659=DIRECTION('',(1.,0.,0.));
#11660=DIRECTION('',(0.,0.,1.));
#11661=DIRECTION('',(-1.,0.,0.));
#11662=DIRECTION('',(0.,0.,-1.));
#11663=DIRECTION('',(1.,0.,0.));
#11664=DIRECTION('',(0.,0.,1.));
#11665=DIRECTION('',(-1.,0.,0.));
#11666=DIRECTION('',(0.,0.,-1.));
#11667=DIRECTION('',(1.,0.,0.));
#11668=DIRECTION('',(0.,0.,1.));
#11669=DIRECTION('',(-1.,0.,0.));
#11670=DIRECTION('',(0.,0.,-1.));
#11671=DIRECTION('',(1.,0.,0.));
#11672=DIRECTION('',(0.,0.,1.));
#11673=DIRECTION('',(-1.,0.,0.));
#11674=DIRECTION('',(0.,0.,-1.));
#11675=DIRECTION('',(1.,0.,0.));
#11676=DIRECTION('',(0.,0.,1.));
#11677=DIRECTION('',(-1.,0.,0.));
#11678=DIRECTION('',(0.,0.,-1.));
#11679=DIRECTION('',(1.,0.,0.));
#11680=DIRECTION('',(0.,0.,1.));
#11681=DIRECTION('',(-1.,0.,0.));
#11682=DIRECTION('',(0.,0.,-1.));
#11683=DIRECTION('',(1.,0.,0.));
#11684=DIRECTION('',(0.,0.,1.));
#11685=DIRECTION('',(-1.,0.,0.));
#11686=DIRECTION('',(0.,0.,-1.));
#11687=DIRECTION('',(1.,0.,0.));
#11688=DIRECTION('',(0.,0.,1.));
#11689=DIRECTION('',(-1.,0.,0.));
#11690=DIRECTION('',(0.,0.,-1.));
#11691=DIRECTION('',(1.,0.,0.));
#11692=DIRECTION('',(0.,0.,1.));
#11693=DIRECTION('',(-1.,0.,0.));
#11694=DIRECTION('',(0.,0.,-1.));
#11695=DIRECTION('',(1.,0.,0.));
#11696=DIRECTION('',(0.,0.,1.));
#11697=DIRECTION('',(-1.,0.,0.));
#11698=DIRECTION('',(0.,0.,-1.));
#11699=DIRECTION('',(1.,0.,0.));
#11700=DIRECTION('',(0.,0.,1.));
#11701=DIRECTION('',(-1.,0.,0.));
#11702=DIRECTION('',(0.,0.,-1.));
#11703=DIRECTION('',(1.,0.,0.));
#11704=DIRECTION('',(0.,0.,1.));
#11705=DIRECTION('',(-1.,0.,0.));
#11706=DIRECTION('',(0.,0.,-1.));
#11707=DIRECTION('',(1.,0.,0.));
#11708=DIRECTION('',(0.,0.,1.));
#11709=DIRECTION('',(-1.,0.,0.));
#11710=DIRECTION('',(0.,0.,-1.));
#11711=DIRECTION('',(1.,0.,0.));
#11712=DIRECTION('',(0.,0.,1.));
#11713=DIRECTION('',(-1.,0.,0.));
#11714=DIRECTION('',(0.,0.,-1.));
#11715=DIRECTION('',(1.,0.,0.));
#11716=DIRECTION('',(0.,0.,1.));
#11717=DIRECTION('',(0.,0.,1.));
#11718=DIRECTION('',(-1.,0.,0.));
#11719=DIRECTION('',(-0.707106781186549,0.,-0.707106781186546));
#11720=DIRECTION('',(0.,0.,-1.));
#11721=DIRECTION('',(0.707106781186549,0.,-0.707106781186546));
#11722=DIRECTION('',(1.,0.,0.));
#11723=DIRECTION('',(-0.707106781186549,0.,0.707106781186546));
#11724=DIRECTION('',(-1.,0.,0.));
#11725=DIRECTION('',(0.,0.,-1.));
#11726=DIRECTION('',(1.,0.,0.));
#11727=DIRECTION('',(0.707106781186549,0.,0.707106781186546));
#11728=DIRECTION('',(0.,0.,1.));
#11729=DIRECTION('',(-0.707106781186547,0.,0.707106781186548));
#11730=DIRECTION('',(-1.,0.,0.));
#11731=DIRECTION('',(0.,0.,-1.));
#11732=DIRECTION('',(1.,0.,0.));
#11733=DIRECTION('',(0.,0.,1.));
#11734=DIRECTION('',(-1.,0.,0.));
#11735=DIRECTION('',(-0.707106781186547,0.,-0.707106781186548));
#11736=DIRECTION('',(0.,0.,-1.));
#11737=DIRECTION('',(1.,0.,0.));
#11738=DIRECTION('',(0.,0.,1.));
#11739=DIRECTION('',(9.31311816021908E-15,0.,-1.));
#11740=DIRECTION('',(-1.,0.,0.));
#11741=DIRECTION('',(0.,0.,1.));
#11742=DIRECTION('',(-1.,0.,0.));
#11743=DIRECTION('',(-1.,0.,0.));
#11744=DIRECTION('',(-1.,0.,0.));
#11745=DIRECTION('',(0.,0.,-1.));
#11746=DIRECTION('',(1.,0.,0.));
#11747=DIRECTION('',(-2.00871176004725E-14,0.,-1.));
#11748=DIRECTION('',(1.,0.,0.));
#11749=DIRECTION('',(1.,0.,0.));
#11750=DIRECTION('',(1.,0.,0.));
#11751=DIRECTION('',(1.,0.,0.));
#11752=DIRECTION('',(0.,0.,1.));
#11753=DIRECTION('',(1.,0.,0.));
#11754=DIRECTION('',(-1.55218636003651E-15,0.,-1.));
#11755=DIRECTION('',(1.,0.,0.));
#11756=DIRECTION('',(1.,0.,0.));
#11757=DIRECTION('',(1.,0.,0.));
#11758=DIRECTION('',(1.,0.,0.));
#11759=DIRECTION('',(0.,0.,1.));
#11760=DIRECTION('',(1.,0.,0.));
#11761=DIRECTION('',(0.,0.,1.));
#11762=DIRECTION('',(-1.,0.,0.));
#11763=DIRECTION('',(-1.,0.,0.));
#11764=DIRECTION('',(-1.,0.,0.));
#11765=DIRECTION('',(0.,0.,1.));
#11766=DIRECTION('',(0.,1.,0.));
#11767=DIRECTION('',(1.,0.,0.));
#11768=DIRECTION('',(-1.,0.,0.));
#11769=DIRECTION('',(0.,1.,0.));
#11770=DIRECTION('',(1.,0.,0.));
#11771=DIRECTION('',(0.,0.,-1.));
#11772=DIRECTION('',(0.,1.,0.));
#11773=DIRECTION('',(1.,0.,0.));
#11774=DIRECTION('',(1.,0.,0.));
#11775=DIRECTION('',(0.,1.,0.));
#11776=DIRECTION('',(1.,0.,0.));
#11777=DIRECTION('',(0.,-1.,0.));
#11778=DIRECTION('',(0.,0.,-1.));
#11779=DIRECTION('',(0.,0.,-1.));
#11780=DIRECTION('',(-1.,0.,0.));
#11781=DIRECTION('',(0.,-1.,0.));
#11782=DIRECTION('',(1.,0.,0.));
#11783=DIRECTION('',(0.,-1.,0.));
#11784=DIRECTION('',(0.,0.,-1.));
#11785=DIRECTION('',(-1.,0.,0.));
#11786=DIRECTION('',(0.,-1.,0.));
#11787=DIRECTION('',(-1.,0.,2.00871176004725E-14));
#11788=DIRECTION('',(2.00871176004725E-14,0.,1.));
#11789=DIRECTION('',(1.,0.,0.));
#11790=DIRECTION('',(0.,0.,-1.));
#11791=DIRECTION('',(0.,0.,-1.));
#11792=DIRECTION('',(0.,-1.,0.));
#11793=DIRECTION('',(0.,-0.832050270386,0.554700232152993));
#11794=DIRECTION('',(-1.,0.,1.55218636003651E-15));
#11795=DIRECTION('',(1.55218636003651E-15,0.,1.));
#11796=DIRECTION('',(0.,-0.832050270386,0.554700232152993));
#11797=DIRECTION('',(0.,-1.,0.));
#11798=DIRECTION('',(0.,0.,-1.));
#11799=DIRECTION('',(1.,0.,0.));
#11800=DIRECTION('',(0.,0.,-1.));
#11801=DIRECTION('',(0.,-1.,0.));
#11802=DIRECTION('',(0.,0.,-1.));
#11803=DIRECTION('',(-1.,0.,0.));
#11804=DIRECTION('',(1.,0.,0.));
#11805=DIRECTION('',(0.,0.,-1.));
#11806=DIRECTION('',(-1.,0.,-9.31311816021908E-15));
#11807=DIRECTION('',(-9.31311816021908E-15,0.,1.));
#11808=DIRECTION('',(0.,-1.,0.));
#11809=DIRECTION('',(0.,0.,1.));
#11810=DIRECTION('',(1.,0.,0.));
#11811=DIRECTION('',(0.,-1.,0.));
#11812=DIRECTION('',(1.,0.,0.));
#11813=DIRECTION('',(0.,0.,-1.));
#11814=DIRECTION('',(-1.,0.,0.));
#11815=DIRECTION('',(0.,0.,1.));
#11816=DIRECTION('',(0.,1.,0.));
#11817=DIRECTION('',(0.,0.,1.));
#11818=DIRECTION('',(-1.,0.,0.));
#11819=DIRECTION('',(0.,0.,-1.));
#11820=DIRECTION('',(-1.,0.,0.));
#11821=DIRECTION('',(-1.,0.,0.));
#11822=DIRECTION('',(0.,-0.554700232152993,-0.832050270386));
#11823=DIRECTION('',(0.,0.832050270386,-0.554700232152993));
#11824=DIRECTION('',(0.,1.,0.));
#11825=DIRECTION('',(0.,0.,1.));
#11826=DIRECTION('',(0.,-1.,0.));
#11827=DIRECTION('',(0.,0.,-1.));
#11828=DIRECTION('',(0.,-1.,0.));
#11829=DIRECTION('',(0.,0.,-1.));
#11830=DIRECTION('',(0.,-1.,0.));
#11831=DIRECTION('',(0.,0.,-1.));
#11832=DIRECTION('',(0.,-1.,0.));
#11833=DIRECTION('',(0.,-1.,0.));
#11834=DIRECTION('',(1.,0.,0.));
#11835=DIRECTION('',(0.,0.,-1.));
#11836=DIRECTION('',(0.,-1.,0.));
#11837=DIRECTION('',(0.,-1.,0.));
#11838=DIRECTION('',(0.,0.,-1.));
#11839=DIRECTION('',(0.,-1.,0.));
#11840=DIRECTION('',(0.,0.,-1.));
#11841=DIRECTION('',(-1.,0.,0.));
#11842=DIRECTION('',(0.,-1.,0.));
#11843=DIRECTION('',(0.,-1.,0.));
#11844=DIRECTION('',(0.,0.,-1.));
#11845=DIRECTION('',(0.,-1.,0.));
#11846=DIRECTION('',(-1.,0.,0.));
#11847=DIRECTION('',(0.,0.,1.));
#11848=DIRECTION('',(0.,-1.,0.));
#11849=DIRECTION('',(0.,-1.,0.));
#11850=DIRECTION('',(0.,0.,-1.));
#11851=DIRECTION('',(0.,-1.,0.));
#11852=DIRECTION('',(0.,0.,1.));
#11853=DIRECTION('',(1.,0.,0.));
#11854=DIRECTION('',(0.,0.,-1.));
#11855=DIRECTION('',(-1.,0.,0.));
#11856=DIRECTION('',(0.,0.,1.));
#11857=DIRECTION('',(1.,0.,0.));
#11858=DIRECTION('',(0.,0.,-1.));
#11859=DIRECTION('',(-1.,0.,0.));
#11860=DIRECTION('',(0.,0.,1.));
#11861=DIRECTION('',(1.,0.,0.));
#11862=DIRECTION('',(0.,0.,-1.));
#11863=DIRECTION('',(-1.,0.,0.));
#11864=DIRECTION('',(0.,0.,1.));
#11865=DIRECTION('',(1.,0.,0.));
#11866=DIRECTION('',(0.,0.,-1.));
#11867=DIRECTION('',(-1.,0.,0.));
#11868=DIRECTION('',(0.,0.,1.));
#11869=DIRECTION('',(1.,0.,0.));
#11870=DIRECTION('',(0.,0.,-1.));
#11871=DIRECTION('',(-1.,0.,0.));
#11872=DIRECTION('',(0.,0.,-1.));
#11873=DIRECTION('',(-1.,0.,0.));
#11874=DIRECTION('',(0.,0.,-1.));
#11875=DIRECTION('',(-1.,0.,0.));
#11876=DIRECTION('',(0.,0.,1.));
#11877=DIRECTION('',(1.,0.,0.));
#11878=DIRECTION('',(0.,0.,-1.));
#11879=DIRECTION('',(-1.,0.,0.));
#11880=DIRECTION('',(0.,0.,1.));
#11881=DIRECTION('',(1.,0.,0.));
#11882=DIRECTION('',(0.,0.,1.));
#11883=DIRECTION('',(1.,0.,0.));
#11884=DIRECTION('',(0.,0.,-1.));
#11885=DIRECTION('',(-1.,0.,0.));
#11886=DIRECTION('',(0.,0.,1.));
#11887=DIRECTION('',(1.,0.,0.));
#11888=DIRECTION('',(0.,0.,-1.));
#11889=DIRECTION('',(-1.,0.,0.));
#11890=DIRECTION('',(0.,0.,1.));
#11891=DIRECTION('',(1.,0.,0.));
#11892=DIRECTION('',(0.,0.,-1.));
#11893=DIRECTION('',(-1.,0.,0.));
#11894=DIRECTION('',(0.,0.,1.));
#11895=DIRECTION('',(1.,0.,0.));
#11896=DIRECTION('',(0.,0.,-1.));
#11897=DIRECTION('',(-1.,0.,0.));
#11898=DIRECTION('',(0.,0.,1.));
#11899=DIRECTION('',(1.,0.,0.));
#11900=DIRECTION('',(0.,0.,-1.));
#11901=DIRECTION('',(-1.,0.,0.));
#11902=DIRECTION('',(0.,0.,1.));
#11903=DIRECTION('',(1.,0.,0.));
#11904=DIRECTION('',(0.,0.,-1.));
#11905=DIRECTION('',(-1.,0.,0.));
#11906=DIRECTION('',(0.,0.,1.));
#11907=DIRECTION('',(1.,0.,0.));
#11908=DIRECTION('',(0.,0.,-1.));
#11909=DIRECTION('',(-1.,0.,0.));
#11910=DIRECTION('',(0.,0.,1.));
#11911=DIRECTION('',(1.,0.,0.));
#11912=DIRECTION('',(0.,0.,-1.));
#11913=DIRECTION('',(-1.,0.,0.));
#11914=DIRECTION('',(0.,0.,-1.));
#11915=DIRECTION('',(-1.,0.,0.));
#11916=DIRECTION('',(0.,0.,1.));
#11917=DIRECTION('',(1.,0.,0.));
#11918=DIRECTION('',(0.,-1.,0.));
#11919=DIRECTION('',(0.,0.,-1.));
#11920=DIRECTION('',(-1.,0.,0.));
#11921=DIRECTION('',(0.,0.,-1.));
#11922=DIRECTION('',(-1.,0.,0.));
#11923=DIRECTION('',(0.,-1.,0.));
#11924=DIRECTION('',(0.,0.,-1.));
#11925=DIRECTION('',(-1.,0.,0.));
#11926=DIRECTION('',(0.,0.,-1.));
#11927=DIRECTION('',(-1.,0.,0.));
#11928=DIRECTION('',(0.,0.,-1.));
#11929=DIRECTION('',(-1.,0.,0.));
#11930=DIRECTION('',(0.,0.,-1.));
#11931=DIRECTION('',(-1.,0.,0.));
#11932=DIRECTION('',(0.,0.,-1.));
#11933=DIRECTION('',(-1.,0.,0.));
#11934=DIRECTION('',(0.,1.,0.));
#11935=DIRECTION('',(-1.,0.,0.));
#11936=DIRECTION('',(0.,1.,0.));
#11937=DIRECTION('',(-1.,0.,0.));
#11938=DIRECTION('',(0.,0.,1.));
#11939=DIRECTION('',(0.,1.,0.));
#11940=DIRECTION('',(0.,0.,1.));
#11941=DIRECTION('',(0.,0.,1.));
#11942=DIRECTION('',(1.,0.,0.));
#11943=DIRECTION('',(0.,1.,0.));
#11944=DIRECTION('',(1.,0.,0.));
#11945=DIRECTION('',(1.,0.,0.));
#11946=DIRECTION('',(0.,0.,-1.));
#11947=DIRECTION('',(0.,1.,0.));
#11948=DIRECTION('',(0.,0.,-1.));
#11949=DIRECTION('',(0.707106781186548,0.,-0.707106781186547));
#11950=DIRECTION('',(-0.707106781186547,0.,-0.707106781186548));
#11951=DIRECTION('',(-0.707106781186547,0.,-0.707106781186548));
#11952=DIRECTION('',(0.,1.,0.));
#11953=DIRECTION('',(0.,0.,1.));
#11954=DIRECTION('',(-0.707106781186548,0.,-0.707106781186547));
#11955=DIRECTION('',(-0.707106781186547,0.,0.707106781186548));
#11956=DIRECTION('',(0.,1.,0.));
#11957=DIRECTION('',(-0.707106781186547,0.,0.707106781186548));
#11958=DIRECTION('',(0.,1.,0.));
#11959=DIRECTION('',(-1.,0.,0.));
#11960=DIRECTION('',(0.,0.,1.));
#11961=DIRECTION('',(0.,1.,0.));
#11962=DIRECTION('',(0.,0.,1.));
#11963=DIRECTION('',(0.,0.,1.));
#11964=DIRECTION('',(1.,0.,0.));
#11965=DIRECTION('',(0.,1.,0.));
#11966=DIRECTION('',(1.,0.,0.));
#11967=DIRECTION('',(1.,0.,0.));
#11968=DIRECTION('',(0.,0.,-1.));
#11969=DIRECTION('',(0.,1.,0.));
#11970=DIRECTION('',(0.,0.,-1.));
#11971=DIRECTION('',(0.,0.,-1.));
#11972=DIRECTION('',(-1.,0.,0.));
#11973=DIRECTION('',(-1.,0.,0.));
#11974=DIRECTION('',(0.,1.,0.));
#11975=DIRECTION('',(0.,0.,1.));
#11976=DIRECTION('',(-0.707106781186547,0.,-0.707106781186549));
#11977=DIRECTION('',(-0.707106781186549,0.,0.707106781186546));
#11978=DIRECTION('',(0.,1.,0.));
#11979=DIRECTION('',(-0.707106781186549,0.,0.707106781186546));
#11980=DIRECTION('',(0.,1.,0.));
#11981=DIRECTION('',(-1.,0.,0.));
#11982=DIRECTION('',(0.,0.,1.));
#11983=DIRECTION('',(0.,1.,0.));
#11984=DIRECTION('',(0.,0.,1.));
#11985=DIRECTION('',(-0.707106781186547,0.,0.707106781186549));
#11986=DIRECTION('',(0.707106781186549,0.,0.707106781186546));
#11987=DIRECTION('',(0.,1.,0.));
#11988=DIRECTION('',(0.707106781186549,0.,0.707106781186546));
#11989=DIRECTION('',(0.,0.,1.));
#11990=DIRECTION('',(1.,0.,0.));
#11991=DIRECTION('',(0.,1.,0.));
#11992=DIRECTION('',(1.,0.,0.));
#11993=DIRECTION('',(1.,0.,0.));
#11994=DIRECTION('',(0.,0.,-1.));
#11995=DIRECTION('',(0.,1.,0.));
#11996=DIRECTION('',(0.,0.,-1.));
#11997=DIRECTION('',(0.,0.,-1.));
#11998=DIRECTION('',(-1.,0.,0.));
#11999=DIRECTION('',(-1.,0.,0.));
#12000=DIRECTION('',(0.,1.,0.));
#12001=DIRECTION('',(0.,0.,1.));
#12002=DIRECTION('',(-1.,0.,0.));
#12003=DIRECTION('',(0.,0.,1.));
#12004=DIRECTION('',(0.,1.,0.));
#12005=DIRECTION('',(0.,0.,1.));
#12006=DIRECTION('',(0.,1.,0.));
#12007=DIRECTION('',(0.,0.,1.));
#12008=DIRECTION('',(1.,0.,0.));
#12009=DIRECTION('',(0.,1.,0.));
#12010=DIRECTION('',(1.,0.,0.));
#12011=DIRECTION('',(0.707106781186547,0.,0.707106781186549));
#12012=DIRECTION('',(0.707106781186549,0.,-0.707106781186546));
#12013=DIRECTION('',(0.,1.,0.));
#12014=DIRECTION('',(0.707106781186549,0.,-0.707106781186546));
#12015=DIRECTION('',(1.,0.,0.));
#12016=DIRECTION('',(0.,0.,-1.));
#12017=DIRECTION('',(0.,1.,0.));
#12018=DIRECTION('',(0.,0.,-1.));
#12019=DIRECTION('',(0.707106781186547,0.,-0.707106781186549));
#12020=DIRECTION('',(-0.707106781186549,0.,-0.707106781186546));
#12021=DIRECTION('',(0.,1.,0.));
#12022=DIRECTION('',(-0.707106781186549,0.,-0.707106781186546));
#12023=DIRECTION('',(0.,0.,-1.));
#12024=DIRECTION('',(-1.,0.,0.));
#12025=DIRECTION('',(-1.,0.,0.));
#12026=DIRECTION('',(0.,1.,0.));
#12027=DIRECTION('',(0.,0.,1.));
#12028=DIRECTION('',(0.,0.,-1.));
#12029=DIRECTION('',(-1.,0.,0.));
#12030=DIRECTION('',(0.,1.,0.));
#12031=DIRECTION('',(-1.,0.,0.));
#12032=DIRECTION('',(0.,1.,0.));
#12033=DIRECTION('',(-1.,0.,0.));
#12034=DIRECTION('',(0.,0.,1.));
#12035=DIRECTION('',(0.,1.,0.));
#12036=DIRECTION('',(0.,0.,1.));
#12037=DIRECTION('',(0.,0.,1.));
#12038=DIRECTION('',(1.,0.,0.));
#12039=DIRECTION('',(0.,1.,0.));
#12040=DIRECTION('',(1.,0.,0.));
#12041=DIRECTION('',(1.,0.,0.));
#12042=DIRECTION('',(0.,0.,-1.));
#12043=DIRECTION('',(0.,0.,-1.));
#12044=DIRECTION('',(0.,1.,0.));
#12045=DIRECTION('',(0.,0.,1.));
#12046=DIRECTION('',(0.,0.,-1.));
#12047=DIRECTION('',(-1.,0.,0.));
#12048=DIRECTION('',(0.,1.,0.));
#12049=DIRECTION('',(-1.,0.,0.));
#12050=DIRECTION('',(0.,1.,0.));
#12051=DIRECTION('',(-1.,0.,0.));
#12052=DIRECTION('',(0.,0.,1.));
#12053=DIRECTION('',(0.,1.,0.));
#12054=DIRECTION('',(0.,0.,1.));
#12055=DIRECTION('',(0.,0.,1.));
#12056=DIRECTION('',(1.,0.,0.));
#12057=DIRECTION('',(0.,1.,0.));
#12058=DIRECTION('',(1.,0.,0.));
#12059=DIRECTION('',(1.,0.,0.));
#12060=DIRECTION('',(0.,0.,-1.));
#12061=DIRECTION('',(0.,0.,-1.));
#12062=DIRECTION('',(0.,1.,0.));
#12063=DIRECTION('',(0.,0.,1.));
#12064=DIRECTION('',(0.,0.,-1.));
#12065=DIRECTION('',(-1.,0.,0.));
#12066=DIRECTION('',(0.,1.,0.));
#12067=DIRECTION('',(-1.,0.,0.));
#12068=DIRECTION('',(0.,1.,0.));
#12069=DIRECTION('',(-1.,0.,0.));
#12070=DIRECTION('',(0.,0.,1.));
#12071=DIRECTION('',(0.,1.,0.));
#12072=DIRECTION('',(0.,0.,1.));
#12073=DIRECTION('',(0.,0.,1.));
#12074=DIRECTION('',(1.,0.,0.));
#12075=DIRECTION('',(0.,1.,0.));
#12076=DIRECTION('',(1.,0.,0.));
#12077=DIRECTION('',(1.,0.,0.));
#12078=DIRECTION('',(0.,0.,-1.));
#12079=DIRECTION('',(0.,0.,-1.));
#12080=DIRECTION('',(0.,1.,0.));
#12081=DIRECTION('',(0.,0.,1.));
#12082=DIRECTION('',(0.,0.,-1.));
#12083=DIRECTION('',(-1.,0.,0.));
#12084=DIRECTION('',(0.,1.,0.));
#12085=DIRECTION('',(-1.,0.,0.));
#12086=DIRECTION('',(0.,1.,0.));
#12087=DIRECTION('',(-1.,0.,0.));
#12088=DIRECTION('',(0.,0.,1.));
#12089=DIRECTION('',(0.,1.,0.));
#12090=DIRECTION('',(0.,0.,1.));
#12091=DIRECTION('',(0.,0.,1.));
#12092=DIRECTION('',(1.,0.,0.));
#12093=DIRECTION('',(0.,1.,0.));
#12094=DIRECTION('',(1.,0.,0.));
#12095=DIRECTION('',(1.,0.,0.));
#12096=DIRECTION('',(0.,0.,-1.));
#12097=DIRECTION('',(0.,0.,-1.));
#12098=DIRECTION('',(0.,1.,0.));
#12099=DIRECTION('',(0.,0.,1.));
#12100=DIRECTION('',(0.,0.,-1.));
#12101=DIRECTION('',(-1.,0.,0.));
#12102=DIRECTION('',(0.,1.,0.));
#12103=DIRECTION('',(-1.,0.,0.));
#12104=DIRECTION('',(0.,1.,0.));
#12105=DIRECTION('',(-1.,0.,0.));
#12106=DIRECTION('',(0.,0.,1.));
#12107=DIRECTION('',(0.,1.,0.));
#12108=DIRECTION('',(0.,0.,1.));
#12109=DIRECTION('',(0.,0.,1.));
#12110=DIRECTION('',(1.,0.,0.));
#12111=DIRECTION('',(0.,1.,0.));
#12112=DIRECTION('',(1.,0.,0.));
#12113=DIRECTION('',(1.,0.,0.));
#12114=DIRECTION('',(0.,0.,-1.));
#12115=DIRECTION('',(0.,0.,-1.));
#12116=DIRECTION('',(0.,1.,0.));
#12117=DIRECTION('',(0.,0.,1.));
#12118=DIRECTION('',(0.,0.,-1.));
#12119=DIRECTION('',(-1.,0.,0.));
#12120=DIRECTION('',(0.,1.,0.));
#12121=DIRECTION('',(-1.,0.,0.));
#12122=DIRECTION('',(0.,1.,0.));
#12123=DIRECTION('',(-1.,0.,0.));
#12124=DIRECTION('',(0.,0.,1.));
#12125=DIRECTION('',(0.,1.,0.));
#12126=DIRECTION('',(0.,0.,1.));
#12127=DIRECTION('',(0.,0.,1.));
#12128=DIRECTION('',(1.,0.,0.));
#12129=DIRECTION('',(0.,1.,0.));
#12130=DIRECTION('',(1.,0.,0.));
#12131=DIRECTION('',(1.,0.,0.));
#12132=DIRECTION('',(0.,0.,-1.));
#12133=DIRECTION('',(0.,0.,-1.));
#12134=DIRECTION('',(0.,1.,0.));
#12135=DIRECTION('',(0.,0.,1.));
#12136=DIRECTION('',(0.,0.,-1.));
#12137=DIRECTION('',(-1.,0.,0.));
#12138=DIRECTION('',(0.,1.,0.));
#12139=DIRECTION('',(-1.,0.,0.));
#12140=DIRECTION('',(0.,1.,0.));
#12141=DIRECTION('',(-1.,0.,0.));
#12142=DIRECTION('',(0.,0.,1.));
#12143=DIRECTION('',(0.,1.,0.));
#12144=DIRECTION('',(0.,0.,1.));
#12145=DIRECTION('',(0.,0.,1.));
#12146=DIRECTION('',(1.,0.,0.));
#12147=DIRECTION('',(0.,1.,0.));
#12148=DIRECTION('',(1.,0.,0.));
#12149=DIRECTION('',(1.,0.,0.));
#12150=DIRECTION('',(0.,0.,-1.));
#12151=DIRECTION('',(0.,0.,-1.));
#12152=DIRECTION('',(0.,1.,0.));
#12153=DIRECTION('',(0.,0.,1.));
#12154=DIRECTION('',(0.,0.,-1.));
#12155=DIRECTION('',(-1.,0.,0.));
#12156=DIRECTION('',(0.,1.,0.));
#12157=DIRECTION('',(-1.,0.,0.));
#12158=DIRECTION('',(0.,1.,0.));
#12159=DIRECTION('',(-1.,0.,0.));
#12160=DIRECTION('',(0.,0.,1.));
#12161=DIRECTION('',(0.,1.,0.));
#12162=DIRECTION('',(0.,0.,1.));
#12163=DIRECTION('',(0.,0.,1.));
#12164=DIRECTION('',(1.,0.,0.));
#12165=DIRECTION('',(0.,1.,0.));
#12166=DIRECTION('',(1.,0.,0.));
#12167=DIRECTION('',(1.,0.,0.));
#12168=DIRECTION('',(0.,0.,-1.));
#12169=DIRECTION('',(0.,0.,-1.));
#12170=DIRECTION('',(0.,1.,0.));
#12171=DIRECTION('',(0.,0.,1.));
#12172=DIRECTION('',(0.,0.,-1.));
#12173=DIRECTION('',(-1.,0.,0.));
#12174=DIRECTION('',(0.,1.,0.));
#12175=DIRECTION('',(-1.,0.,0.));
#12176=DIRECTION('',(0.,1.,0.));
#12177=DIRECTION('',(-1.,0.,0.));
#12178=DIRECTION('',(0.,0.,1.));
#12179=DIRECTION('',(0.,1.,0.));
#12180=DIRECTION('',(0.,0.,1.));
#12181=DIRECTION('',(0.,0.,1.));
#12182=DIRECTION('',(1.,0.,0.));
#12183=DIRECTION('',(0.,1.,0.));
#12184=DIRECTION('',(1.,0.,0.));
#12185=DIRECTION('',(1.,0.,0.));
#12186=DIRECTION('',(0.,0.,-1.));
#12187=DIRECTION('',(0.,0.,-1.));
#12188=DIRECTION('',(0.,1.,0.));
#12189=DIRECTION('',(0.,0.,1.));
#12190=DIRECTION('',(0.,0.,-1.));
#12191=DIRECTION('',(-1.,0.,0.));
#12192=DIRECTION('',(0.,1.,0.));
#12193=DIRECTION('',(-1.,0.,0.));
#12194=DIRECTION('',(0.,1.,0.));
#12195=DIRECTION('',(-1.,0.,0.));
#12196=DIRECTION('',(0.,0.,1.));
#12197=DIRECTION('',(0.,1.,0.));
#12198=DIRECTION('',(0.,0.,1.));
#12199=DIRECTION('',(0.,0.,1.));
#12200=DIRECTION('',(1.,0.,0.));
#12201=DIRECTION('',(0.,1.,0.));
#12202=DIRECTION('',(1.,0.,0.));
#12203=DIRECTION('',(1.,0.,0.));
#12204=DIRECTION('',(0.,0.,-1.));
#12205=DIRECTION('',(0.,0.,-1.));
#12206=DIRECTION('',(0.,1.,0.));
#12207=DIRECTION('',(0.,0.,1.));
#12208=DIRECTION('',(0.,0.,-1.));
#12209=DIRECTION('',(-1.,0.,0.));
#12210=DIRECTION('',(0.,1.,0.));
#12211=DIRECTION('',(-1.,0.,0.));
#12212=DIRECTION('',(0.,1.,0.));
#12213=DIRECTION('',(-1.,0.,0.));
#12214=DIRECTION('',(0.,0.,1.));
#12215=DIRECTION('',(0.,1.,0.));
#12216=DIRECTION('',(0.,0.,1.));
#12217=DIRECTION('',(0.,0.,1.));
#12218=DIRECTION('',(1.,0.,0.));
#12219=DIRECTION('',(0.,1.,0.));
#12220=DIRECTION('',(1.,0.,0.));
#12221=DIRECTION('',(1.,0.,0.));
#12222=DIRECTION('',(0.,0.,-1.));
#12223=DIRECTION('',(0.,0.,-1.));
#12224=DIRECTION('',(0.,1.,0.));
#12225=DIRECTION('',(0.,0.,1.));
#12226=DIRECTION('',(0.,0.,-1.));
#12227=DIRECTION('',(-1.,0.,0.));
#12228=DIRECTION('',(0.,1.,0.));
#12229=DIRECTION('',(-1.,0.,0.));
#12230=DIRECTION('',(0.,1.,0.));
#12231=DIRECTION('',(-1.,0.,0.));
#12232=DIRECTION('',(0.,0.,1.));
#12233=DIRECTION('',(0.,1.,0.));
#12234=DIRECTION('',(0.,0.,1.));
#12235=DIRECTION('',(0.,0.,1.));
#12236=DIRECTION('',(1.,0.,0.));
#12237=DIRECTION('',(0.,1.,0.));
#12238=DIRECTION('',(1.,0.,0.));
#12239=DIRECTION('',(1.,0.,0.));
#12240=DIRECTION('',(0.,0.,-1.));
#12241=DIRECTION('',(0.,0.,-1.));
#12242=DIRECTION('',(0.,1.,0.));
#12243=DIRECTION('',(0.,0.,1.));
#12244=DIRECTION('',(0.,0.,-1.));
#12245=DIRECTION('',(-1.,0.,0.));
#12246=DIRECTION('',(0.,1.,0.));
#12247=DIRECTION('',(-1.,0.,0.));
#12248=DIRECTION('',(0.,1.,0.));
#12249=DIRECTION('',(-1.,0.,0.));
#12250=DIRECTION('',(0.,0.,1.));
#12251=DIRECTION('',(0.,1.,0.));
#12252=DIRECTION('',(0.,0.,1.));
#12253=DIRECTION('',(0.,0.,1.));
#12254=DIRECTION('',(1.,0.,0.));
#12255=DIRECTION('',(0.,1.,0.));
#12256=DIRECTION('',(1.,0.,0.));
#12257=DIRECTION('',(1.,0.,0.));
#12258=DIRECTION('',(0.,0.,-1.));
#12259=DIRECTION('',(0.,0.,-1.));
#12260=DIRECTION('',(0.,1.,0.));
#12261=DIRECTION('',(0.,0.,1.));
#12262=DIRECTION('',(0.,0.,-1.));
#12263=DIRECTION('',(-1.,0.,0.));
#12264=DIRECTION('',(0.,1.,0.));
#12265=DIRECTION('',(-1.,0.,0.));
#12266=DIRECTION('',(0.,1.,0.));
#12267=DIRECTION('',(-1.,0.,0.));
#12268=DIRECTION('',(0.,0.,1.));
#12269=DIRECTION('',(0.,1.,0.));
#12270=DIRECTION('',(0.,0.,1.));
#12271=DIRECTION('',(0.,0.,1.));
#12272=DIRECTION('',(1.,0.,0.));
#12273=DIRECTION('',(0.,1.,0.));
#12274=DIRECTION('',(1.,0.,0.));
#12275=DIRECTION('',(1.,0.,0.));
#12276=DIRECTION('',(0.,0.,-1.));
#12277=DIRECTION('',(0.,0.,-1.));
#12278=DIRECTION('',(0.,1.,0.));
#12279=DIRECTION('',(0.,0.,1.));
#12280=DIRECTION('',(0.,0.,-1.));
#12281=DIRECTION('',(-1.,0.,0.));
#12282=DIRECTION('',(0.,1.,0.));
#12283=DIRECTION('',(-1.,0.,0.));
#12284=DIRECTION('',(0.,1.,0.));
#12285=DIRECTION('',(-1.,0.,0.));
#12286=DIRECTION('',(0.,0.,1.));
#12287=DIRECTION('',(0.,1.,0.));
#12288=DIRECTION('',(0.,0.,1.));
#12289=DIRECTION('',(0.,0.,1.));
#12290=DIRECTION('',(1.,0.,0.));
#12291=DIRECTION('',(0.,1.,0.));
#12292=DIRECTION('',(1.,0.,0.));
#12293=DIRECTION('',(1.,0.,0.));
#12294=DIRECTION('',(0.,0.,-1.));
#12295=DIRECTION('',(0.,0.,-1.));
#12296=DIRECTION('',(0.,1.,0.));
#12297=DIRECTION('',(0.,0.,1.));
#12298=DIRECTION('',(0.,0.,-1.));
#12299=DIRECTION('',(-1.,0.,0.));
#12300=DIRECTION('',(0.,1.,0.));
#12301=DIRECTION('',(-1.,0.,0.));
#12302=DIRECTION('',(0.,1.,0.));
#12303=DIRECTION('',(-1.,0.,0.));
#12304=DIRECTION('',(0.,0.,1.));
#12305=DIRECTION('',(0.,1.,0.));
#12306=DIRECTION('',(0.,0.,1.));
#12307=DIRECTION('',(0.,0.,1.));
#12308=DIRECTION('',(1.,0.,0.));
#12309=DIRECTION('',(0.,1.,0.));
#12310=DIRECTION('',(1.,0.,0.));
#12311=DIRECTION('',(1.,0.,0.));
#12312=DIRECTION('',(0.,0.,-1.));
#12313=DIRECTION('',(0.,0.,-1.));
#12314=DIRECTION('',(0.,1.,0.));
#12315=DIRECTION('',(0.,0.,1.));
#12316=DIRECTION('',(0.,0.,1.));
#12317=DIRECTION('',(1.,0.,0.));
#12318=DIRECTION('',(1.,0.,0.));
#12319=DIRECTION('',(0.,0.,-1.));
#12320=DIRECTION('',(0.,1.53666449643615E-17,1.));
#12321=DIRECTION('',(0.,-1.,0.));
#12322=DIRECTION('',(0.,0.,-1.));
#12323=DIRECTION('',(0.,-1.,0.));
#12324=DIRECTION('',(-1.,0.,0.));
#12325=DIRECTION('',(0.,0.,1.));
#12326=DIRECTION('',(0.,-1.53666449643615E-17,-1.));
#12327=DIRECTION('',(0.,1.,0.));
#12328=DIRECTION('',(0.,0.,-1.));
#12329=DIRECTION('',(0.,1.,0.));
#12330=DIRECTION('',(0.,0.,1.));
#12331=DIRECTION('',(1.,0.,0.));
#12332=DIRECTION('',(-1.,0.,0.));
#12333=DIRECTION('',(1.,0.,0.));
#12334=DIRECTION('',(0.,0.,1.));
#12335=DIRECTION('',(1.,0.,0.));
#12336=DIRECTION('',(-1.,0.,0.));
#12337=DIRECTION('',(1.,0.,0.));
#12338=DIRECTION('',(-1.,0.,0.));
#12339=DIRECTION('',(0.,0.,1.));
#12340=DIRECTION('',(1.,0.,0.));
#12341=DIRECTION('',(0.,0.,-1.));
#12342=DIRECTION('',(-1.,0.,0.));
#12343=DIRECTION('',(1.,0.,0.));
#12344=DIRECTION('',(0.,0.,-1.));
#12345=DIRECTION('',(-1.,0.,0.));
#12346=DIRECTION('',(-1.,0.,0.));
#12347=DIRECTION('',(0.,0.,1.));
#12348=DIRECTION('',(-1.,0.,0.));
#12349=DIRECTION('',(0.,0.,1.));
#12350=DIRECTION('',(-1.,0.,0.));
#12351=DIRECTION('',(1.,0.,0.));
#12352=DIRECTION('',(0.,0.,-1.));
#12353=DIRECTION('',(-1.,0.,0.));
#12354=DIRECTION('',(-1.,0.,0.));
#12355=DIRECTION('',(0.,0.,1.));
#12356=DIRECTION('',(1.,0.,0.));
#12357=DIRECTION('',(0.,0.,-1.));
#12358=DIRECTION('',(-1.,0.,0.));
#12359=DIRECTION('',(-1.,0.,0.));
#12360=DIRECTION('',(0.,0.,1.));
#12361=DIRECTION('',(-1.,0.,0.));
#12362=DIRECTION('',(-1.,0.,0.));
#12363=DIRECTION('',(0.,0.,1.));
#12364=DIRECTION('',(1.,0.,0.));
#12365=DIRECTION('',(0.,0.,-1.));
#12366=DIRECTION('',(-1.,0.,0.));
#12367=DIRECTION('',(-1.,0.,0.));
#12368=DIRECTION('',(0.,0.,1.));
#12369=DIRECTION('',(-1.,0.,0.));
#12370=DIRECTION('',(-1.,0.,0.));
#12371=DIRECTION('',(0.,0.,1.));
#12372=DIRECTION('',(1.,0.,0.));
#12373=DIRECTION('',(0.,0.,-1.));
#12374=DIRECTION('',(-1.,0.,0.));
#12375=DIRECTION('',(-1.,0.,0.));
#12376=DIRECTION('',(0.,0.,1.));
#12377=DIRECTION('',(-1.,0.,0.));
#12378=DIRECTION('',(-1.,0.,0.));
#12379=DIRECTION('',(0.,0.,1.));
#12380=DIRECTION('',(1.,0.,0.));
#12381=DIRECTION('',(0.,0.,-1.));
#12382=DIRECTION('',(-1.,0.,0.));
#12383=DIRECTION('',(-1.,0.,0.));
#12384=DIRECTION('',(0.,0.,1.));
#12385=DIRECTION('',(-1.,0.,0.));
#12386=DIRECTION('',(-1.,0.,0.));
#12387=DIRECTION('',(0.,0.,1.));
#12388=DIRECTION('',(1.,0.,0.));
#12389=DIRECTION('',(0.,0.,-1.));
#12390=DIRECTION('',(-1.,0.,0.));
#12391=DIRECTION('',(-1.,0.,0.));
#12392=DIRECTION('',(0.,0.,1.));
#12393=DIRECTION('',(-1.,0.,0.));
#12394=DIRECTION('',(-1.,0.,0.));
#12395=DIRECTION('',(0.,0.,1.));
#12396=DIRECTION('',(1.,0.,0.));
#12397=DIRECTION('',(0.,0.,-1.));
#12398=DIRECTION('',(-1.,0.,0.));
#12399=DIRECTION('',(-1.,0.,0.));
#12400=DIRECTION('',(0.,0.,1.));
#12401=DIRECTION('',(-1.,0.,0.));
#12402=DIRECTION('',(-1.,0.,0.));
#12403=DIRECTION('',(0.,0.,1.));
#12404=DIRECTION('',(1.,0.,0.));
#12405=DIRECTION('',(0.,0.,-1.));
#12406=DIRECTION('',(-1.,0.,0.));
#12407=DIRECTION('',(-1.,0.,0.));
#12408=DIRECTION('',(0.,0.,1.));
#12409=DIRECTION('',(-1.,0.,0.));
#12410=DIRECTION('',(-1.,0.,0.));
#12411=DIRECTION('',(0.,0.,1.));
#12412=DIRECTION('',(1.,0.,0.));
#12413=DIRECTION('',(0.,0.,-1.));
#12414=DIRECTION('',(-1.,0.,0.));
#12415=DIRECTION('',(-1.,0.,0.));
#12416=DIRECTION('',(0.,0.,1.));
#12417=DIRECTION('',(-1.,0.,0.));
#12418=DIRECTION('',(0.,1.,0.));
#12419=DIRECTION('',(0.,0.,1.));
#12420=DIRECTION('',(0.,0.,-1.));
#12421=DIRECTION('',(0.,0.,-1.));
#12422=DIRECTION('',(-1.,0.,0.));
#12423=DIRECTION('',(0.,1.,0.));
#12424=DIRECTION('',(0.,0.,1.));
#12425=DIRECTION('',(0.,0.,1.));
#12426=DIRECTION('',(-1.,0.,0.));
#12427=DIRECTION('',(0.,0.,-1.));
#12428=DIRECTION('',(0.,1.,0.));
#12429=DIRECTION('',(0.,0.,1.));
#12430=DIRECTION('',(0.,0.,-1.));
#12431=DIRECTION('',(0.,0.,1.));
#12432=DIRECTION('',(-1.,0.,0.));
#12433=DIRECTION('',(0.,1.,0.));
#12434=DIRECTION('',(0.,0.,1.));
#12435=DIRECTION('',(0.,0.,-1.));
#12436=DIRECTION('',(0.,0.,1.));
#12437=DIRECTION('',(-1.,0.,0.));
#12438=DIRECTION('',(0.,1.,0.));
#12439=DIRECTION('',(0.,0.,1.));
#12440=DIRECTION('',(0.,0.,-1.));
#12441=DIRECTION('',(0.,0.,1.));
#12442=DIRECTION('',(-1.,0.,0.));
#12443=DIRECTION('',(0.,1.,0.));
#12444=DIRECTION('',(0.,0.,1.));
#12445=DIRECTION('',(0.,0.,-1.));
#12446=DIRECTION('',(0.,0.,1.));
#12447=DIRECTION('',(-1.,0.,0.));
#12448=DIRECTION('',(0.,1.,0.));
#12449=DIRECTION('',(0.,0.,1.));
#12450=DIRECTION('',(0.,0.,-1.));
#12451=DIRECTION('',(0.,0.,1.));
#12452=DIRECTION('',(-1.,0.,0.));
#12453=DIRECTION('',(0.,1.,0.));
#12454=DIRECTION('',(0.,0.,1.));
#12455=DIRECTION('',(0.,0.,-1.));
#12456=DIRECTION('',(0.,0.,1.));
#12457=DIRECTION('',(-1.,0.,0.));
#12458=DIRECTION('',(0.,1.,0.));
#12459=DIRECTION('',(0.,0.,1.));
#12460=DIRECTION('',(0.,0.,-1.));
#12461=DIRECTION('',(0.,0.,1.));
#12462=DIRECTION('',(-1.,0.,0.));
#12463=DIRECTION('',(0.,1.,0.));
#12464=DIRECTION('',(0.,0.,1.));
#12465=DIRECTION('',(0.,0.,-1.));
#12466=DIRECTION('',(0.,0.,1.));
#12467=DIRECTION('',(-1.,0.,0.));
#12468=DIRECTION('',(0.,0.,1.));
#12469=DIRECTION('',(1.,0.,0.));
#12470=DIRECTION('',(0.,1.,0.));
#12471=DIRECTION('',(0.,1.,0.));
#12472=DIRECTION('',(-1.,0.,0.));
#12473=DIRECTION('',(0.,0.,1.));
#12474=DIRECTION('',(1.,0.,0.));
#12475=DIRECTION('',(0.,-1.,0.));
#12476=DIRECTION('',(-1.,0.,0.));
#12477=DIRECTION('',(0.,1.,0.));
#12478=DIRECTION('',(0.,0.,1.));
#12479=DIRECTION('',(1.,0.,0.));
#12480=DIRECTION('',(0.,1.,0.));
#12481=DIRECTION('',(0.,-1.,0.));
#12482=DIRECTION('',(-1.,0.,0.));
#12483=DIRECTION('',(0.,0.,1.));
#12484=DIRECTION('',(1.,0.,0.));
#12485=DIRECTION('',(0.,1.,0.));
#12486=DIRECTION('',(0.,-1.,0.));
#12487=DIRECTION('',(-1.,0.,0.));
#12488=DIRECTION('',(0.,0.,1.));
#12489=DIRECTION('',(1.,0.,0.));
#12490=DIRECTION('',(0.,1.,0.));
#12491=DIRECTION('',(0.,-1.,0.));
#12492=DIRECTION('',(-1.,0.,0.));
#12493=DIRECTION('',(0.,0.,1.));
#12494=DIRECTION('',(1.,0.,0.));
#12495=DIRECTION('',(0.,1.,0.));
#12496=DIRECTION('',(0.,-1.,0.));
#12497=DIRECTION('',(-1.,0.,0.));
#12498=DIRECTION('',(0.,0.,1.));
#12499=DIRECTION('',(1.,0.,0.));
#12500=DIRECTION('',(0.,1.,0.));
#12501=DIRECTION('',(0.,-1.,0.));
#12502=DIRECTION('',(-1.,0.,0.));
#12503=DIRECTION('',(0.,0.,1.));
#12504=DIRECTION('',(1.,0.,0.));
#12505=DIRECTION('',(0.,1.,0.));
#12506=DIRECTION('',(0.,-1.,0.));
#12507=DIRECTION('',(-1.,0.,0.));
#12508=DIRECTION('',(0.,0.,1.));
#12509=DIRECTION('',(1.,0.,0.));
#12510=DIRECTION('',(0.,1.,0.));
#12511=DIRECTION('',(0.,-1.,0.));
#12512=DIRECTION('',(-1.,0.,0.));
#12513=DIRECTION('',(0.,0.,1.));
#12514=DIRECTION('',(1.,0.,0.));
#12515=DIRECTION('',(0.,1.,0.));
#12516=DIRECTION('',(0.,-1.,0.));
#12517=DIRECTION('',(-1.,0.,0.));
#12518=DIRECTION('',(0.,-1.,0.));
#12519=DIRECTION('',(0.,0.,-1.));
#12520=DIRECTION('',(0.,0.,1.));
#12521=DIRECTION('',(0.,0.,1.));
#12522=DIRECTION('',(-1.,0.,0.));
#12523=DIRECTION('',(0.,-1.,0.));
#12524=DIRECTION('',(0.,0.,-1.));
#12525=DIRECTION('',(0.,0.,-1.));
#12526=DIRECTION('',(-1.,0.,0.));
#12527=DIRECTION('',(0.,0.,1.));
#12528=DIRECTION('',(0.,-1.,0.));
#12529=DIRECTION('',(0.,0.,-1.));
#12530=DIRECTION('',(0.,0.,1.));
#12531=DIRECTION('',(0.,0.,-1.));
#12532=DIRECTION('',(-1.,0.,0.));
#12533=DIRECTION('',(0.,-1.,0.));
#12534=DIRECTION('',(0.,0.,-1.));
#12535=DIRECTION('',(0.,0.,1.));
#12536=DIRECTION('',(0.,0.,-1.));
#12537=DIRECTION('',(-1.,0.,0.));
#12538=DIRECTION('',(0.,-1.,0.));
#12539=DIRECTION('',(0.,0.,-1.));
#12540=DIRECTION('',(0.,0.,1.));
#12541=DIRECTION('',(0.,0.,-1.));
#12542=DIRECTION('',(-1.,0.,0.));
#12543=DIRECTION('',(0.,-1.,0.));
#12544=DIRECTION('',(0.,0.,-1.));
#12545=DIRECTION('',(0.,0.,1.));
#12546=DIRECTION('',(0.,0.,-1.));
#12547=DIRECTION('',(-1.,0.,0.));
#12548=DIRECTION('',(0.,-1.,0.));
#12549=DIRECTION('',(0.,0.,-1.));
#12550=DIRECTION('',(0.,0.,1.));
#12551=DIRECTION('',(0.,0.,-1.));
#12552=DIRECTION('',(-1.,0.,0.));
#12553=DIRECTION('',(0.,-1.,0.));
#12554=DIRECTION('',(0.,0.,-1.));
#12555=DIRECTION('',(0.,0.,1.));
#12556=DIRECTION('',(0.,0.,-1.));
#12557=DIRECTION('',(-1.,0.,0.));
#12558=DIRECTION('',(0.,-1.,0.));
#12559=DIRECTION('',(0.,0.,-1.));
#12560=DIRECTION('',(0.,0.,1.));
#12561=DIRECTION('',(0.,0.,-1.));
#12562=DIRECTION('',(-1.,0.,0.));
#12563=DIRECTION('',(0.,-1.,0.));
#12564=DIRECTION('',(0.,0.,-1.));
#12565=DIRECTION('',(0.,0.,1.));
#12566=DIRECTION('',(0.,0.,-1.));
#12567=DIRECTION('',(-1.,0.,0.));
#12568=DIRECTION('',(-1.,0.,0.));
#12569=DIRECTION('',(0.,0.,1.));
#12570=DIRECTION('',(-1.,0.,0.));
#12571=DIRECTION('',(1.,0.,0.));
#12572=DIRECTION('',(0.,0.,-1.));
#12573=DIRECTION('',(1.,0.,0.));
#12574=DIRECTION('',(0.,0.,-1.));
#12575=DIRECTION('',(-1.,0.,0.));
#12576=DIRECTION('',(0.,0.,1.));
#12577=DIRECTION('',(-1.,0.,0.));
#12578=DIRECTION('',(0.,0.,1.));
#12579=DIRECTION('',(-1.,0.,0.));
#12580=DIRECTION('',(1.,0.,0.));
#12581=DIRECTION('',(0.,0.,-1.));
#12582=DIRECTION('',(-1.,0.,0.));
#12583=DIRECTION('',(0.,0.,1.));
#12584=DIRECTION('',(-1.,0.,0.));
#12585=DIRECTION('',(1.,0.,0.));
#12586=DIRECTION('',(0.,0.,-1.));
#12587=DIRECTION('',(-1.,0.,0.));
#12588=DIRECTION('',(0.,0.,1.));
#12589=DIRECTION('',(-1.,0.,0.));
#12590=DIRECTION('',(0.,0.,1.));
#12591=DIRECTION('',(-1.,0.,0.));
#12592=DIRECTION('',(1.,0.,0.));
#12593=DIRECTION('',(0.,0.,-1.));
#12594=DIRECTION('',(-1.,0.,0.));
#12595=DIRECTION('',(0.,0.,1.));
#12596=DIRECTION('',(-1.,0.,0.));
#12597=DIRECTION('',(0.,0.,1.));
#12598=DIRECTION('',(-1.,0.,0.));
#12599=DIRECTION('',(1.,0.,0.));
#12600=DIRECTION('',(0.,0.,-1.));
#12601=DIRECTION('',(-1.,0.,0.));
#12602=DIRECTION('',(0.,0.,1.));
#12603=DIRECTION('',(-1.,0.,0.));
#12604=DIRECTION('',(0.,0.,1.));
#12605=DIRECTION('',(-1.,0.,0.));
#12606=DIRECTION('',(1.,0.,0.));
#12607=DIRECTION('',(0.,0.,-1.));
#12608=DIRECTION('',(-1.,0.,0.));
#12609=DIRECTION('',(0.,0.,1.));
#12610=DIRECTION('',(-1.,0.,0.));
#12611=DIRECTION('',(0.,0.,1.));
#12612=DIRECTION('',(-1.,0.,0.));
#12613=DIRECTION('',(1.,0.,0.));
#12614=DIRECTION('',(0.,0.,-1.));
#12615=DIRECTION('',(-1.,0.,0.));
#12616=DIRECTION('',(0.,0.,1.));
#12617=DIRECTION('',(-1.,0.,0.));
#12618=DIRECTION('',(0.,0.,1.));
#12619=DIRECTION('',(-1.,0.,0.));
#12620=DIRECTION('',(1.,0.,0.));
#12621=DIRECTION('',(0.,0.,-1.));
#12622=DIRECTION('',(-1.,0.,0.));
#12623=DIRECTION('',(0.,0.,1.));
#12624=DIRECTION('',(-1.,0.,0.));
#12625=DIRECTION('',(0.,0.,1.));
#12626=DIRECTION('',(-1.,0.,0.));
#12627=DIRECTION('',(1.,0.,0.));
#12628=DIRECTION('',(0.,0.,-1.));
#12629=DIRECTION('',(-1.,0.,0.));
#12630=DIRECTION('',(0.,0.,1.));
#12631=DIRECTION('',(-1.,0.,0.));
#12632=DIRECTION('',(0.,0.,1.));
#12633=DIRECTION('',(-1.,0.,0.));
#12634=DIRECTION('',(1.,0.,0.));
#12635=DIRECTION('',(0.,0.,-1.));
#12636=DIRECTION('',(-1.,0.,0.));
#12637=DIRECTION('',(0.,0.,1.));
#12638=DIRECTION('',(0.,-4.58363757326219E-17,1.));
#12639=DIRECTION('',(0.,-1.,-4.58363757326219E-17));
#12640=DIRECTION('',(0.,1.,4.58363757326219E-17));
#12641=DIRECTION('',(0.,1.,4.58363757326219E-17));
#12642=DIRECTION('',(-1.,0.,0.));
#12643=DIRECTION('',(0.,-4.58363757326219E-17,1.));
#12644=DIRECTION('',(0.,-1.,-4.58363757326219E-17));
#12645=DIRECTION('',(0.,-1.,-4.58363757326219E-17));
#12646=DIRECTION('',(-1.,0.,0.));
#12647=DIRECTION('',(0.,1.,4.58363757326219E-17));
#12648=DIRECTION('',(0.,-4.58363757326219E-17,1.));
#12649=DIRECTION('',(0.,-1.,-4.58363757326219E-17));
#12650=DIRECTION('',(0.,1.,4.58363757326219E-17));
#12651=DIRECTION('',(0.,-1.,-4.58363757326219E-17));
#12652=DIRECTION('',(-1.,0.,0.));
#12653=DIRECTION('',(0.,-4.58363757326219E-17,1.));
#12654=DIRECTION('',(0.,-1.,-4.58363757326219E-17));
#12655=DIRECTION('',(0.,1.,4.58363757326219E-17));
#12656=DIRECTION('',(0.,-1.,-4.58363757326219E-17));
#12657=DIRECTION('',(-1.,0.,0.));
#12658=DIRECTION('',(0.,-4.58363757326219E-17,1.));
#12659=DIRECTION('',(0.,-1.,-4.58363757326219E-17));
#12660=DIRECTION('',(0.,1.,4.58363757326219E-17));
#12661=DIRECTION('',(0.,-1.,-4.58363757326219E-17));
#12662=DIRECTION('',(-1.,0.,0.));
#12663=DIRECTION('',(0.,-4.58363757326219E-17,1.));
#12664=DIRECTION('',(0.,-1.,-4.58363757326219E-17));
#12665=DIRECTION('',(0.,1.,4.58363757326219E-17));
#12666=DIRECTION('',(0.,-1.,-4.58363757326219E-17));
#12667=DIRECTION('',(-1.,0.,0.));
#12668=DIRECTION('',(0.,-4.58363757326219E-17,1.));
#12669=DIRECTION('',(0.,-1.,-4.58363757326219E-17));
#12670=DIRECTION('',(0.,1.,4.58363757326219E-17));
#12671=DIRECTION('',(0.,-1.,-4.58363757326219E-17));
#12672=DIRECTION('',(-1.,0.,0.));
#12673=DIRECTION('',(0.,-4.58363757326219E-17,1.));
#12674=DIRECTION('',(0.,-1.,-4.58363757326219E-17));
#12675=DIRECTION('',(0.,1.,4.58363757326219E-17));
#12676=DIRECTION('',(0.,-1.,-4.58363757326219E-17));
#12677=DIRECTION('',(-1.,0.,0.));
#12678=DIRECTION('',(0.,-4.58363757326219E-17,1.));
#12679=DIRECTION('',(0.,-1.,-4.58363757326219E-17));
#12680=DIRECTION('',(0.,1.,4.58363757326219E-17));
#12681=DIRECTION('',(0.,-1.,-4.58363757326219E-17));
#12682=DIRECTION('',(-1.,0.,0.));
#12683=DIRECTION('',(0.,-4.58363757326219E-17,1.));
#12684=DIRECTION('',(0.,-1.,-4.58363757326219E-17));
#12685=DIRECTION('',(0.,1.,4.58363757326219E-17));
#12686=DIRECTION('',(0.,-1.,-4.58363757326219E-17));
#12687=DIRECTION('',(-1.,0.,0.));
#12688=DIRECTION('',(0.,0.,-1.));
#12689=DIRECTION('',(-1.,0.,0.));
#12690=DIRECTION('',(0.,-1.,0.));
#12691=DIRECTION('',(1.,0.,0.));
#12692=DIRECTION('',(0.,-1.,0.));
#12693=DIRECTION('',(0.,0.,-1.));
#12694=DIRECTION('',(-1.,0.,0.));
#12695=DIRECTION('',(0.,1.,0.));
#12696=DIRECTION('',(0.,-1.,0.));
#12697=DIRECTION('',(1.,0.,0.));
#12698=DIRECTION('',(0.,0.,-1.));
#12699=DIRECTION('',(-1.,0.,0.));
#12700=DIRECTION('',(0.,-1.,0.));
#12701=DIRECTION('',(1.,0.,0.));
#12702=DIRECTION('',(0.,1.,0.));
#12703=DIRECTION('',(0.,0.,-1.));
#12704=DIRECTION('',(-1.,0.,0.));
#12705=DIRECTION('',(0.,-1.,0.));
#12706=DIRECTION('',(1.,0.,0.));
#12707=DIRECTION('',(0.,1.,0.));
#12708=DIRECTION('',(0.,0.,-1.));
#12709=DIRECTION('',(-1.,0.,0.));
#12710=DIRECTION('',(0.,-1.,0.));
#12711=DIRECTION('',(1.,0.,0.));
#12712=DIRECTION('',(0.,1.,0.));
#12713=DIRECTION('',(0.,0.,-1.));
#12714=DIRECTION('',(-1.,0.,0.));
#12715=DIRECTION('',(0.,-1.,0.));
#12716=DIRECTION('',(1.,0.,0.));
#12717=DIRECTION('',(0.,1.,0.));
#12718=DIRECTION('',(0.,0.,-1.));
#12719=DIRECTION('',(-1.,0.,0.));
#12720=DIRECTION('',(0.,-1.,0.));
#12721=DIRECTION('',(1.,0.,0.));
#12722=DIRECTION('',(0.,1.,0.));
#12723=DIRECTION('',(0.,0.,-1.));
#12724=DIRECTION('',(-1.,0.,0.));
#12725=DIRECTION('',(0.,-1.,0.));
#12726=DIRECTION('',(1.,0.,0.));
#12727=DIRECTION('',(0.,1.,0.));
#12728=DIRECTION('',(0.,0.,-1.));
#12729=DIRECTION('',(-1.,0.,0.));
#12730=DIRECTION('',(0.,-1.,0.));
#12731=DIRECTION('',(1.,0.,0.));
#12732=DIRECTION('',(0.,1.,0.));
#12733=DIRECTION('',(0.,0.,-1.));
#12734=DIRECTION('',(-1.,0.,0.));
#12735=DIRECTION('',(0.,-1.,0.));
#12736=DIRECTION('',(1.,0.,0.));
#12737=DIRECTION('',(0.,1.,0.));
#12738=DIRECTION('',(-1.,0.,0.));
#12739=DIRECTION('',(0.,0.,1.));
#12740=DIRECTION('',(1.,0.,0.));
#12741=DIRECTION('',(0.,0.,-1.));
#12742=DIRECTION('',(-1.,0.,0.));
#12743=DIRECTION('',(1.,0.,0.));
#12744=DIRECTION('',(0.,0.,-1.));
#12745=DIRECTION('',(-1.,0.,0.));
#12746=DIRECTION('',(-1.,0.,0.));
#12747=DIRECTION('',(0.,0.,1.));
#12748=DIRECTION('',(-1.,0.,0.));
#12749=DIRECTION('',(0.,0.,1.));
#12750=DIRECTION('',(-1.,0.,0.));
#12751=DIRECTION('',(1.,0.,0.));
#12752=DIRECTION('',(0.,0.,-1.));
#12753=DIRECTION('',(-1.,0.,0.));
#12754=DIRECTION('',(-1.,0.,0.));
#12755=DIRECTION('',(0.,0.,1.));
#12756=DIRECTION('',(1.,0.,0.));
#12757=DIRECTION('',(0.,0.,-1.));
#12758=DIRECTION('',(-1.,0.,0.));
#12759=DIRECTION('',(-1.,0.,0.));
#12760=DIRECTION('',(0.,0.,1.));
#12761=DIRECTION('',(-1.,0.,0.));
#12762=DIRECTION('',(-1.,0.,0.));
#12763=DIRECTION('',(0.,0.,1.));
#12764=DIRECTION('',(1.,0.,0.));
#12765=DIRECTION('',(0.,0.,-1.));
#12766=DIRECTION('',(-1.,0.,0.));
#12767=DIRECTION('',(-1.,0.,0.));
#12768=DIRECTION('',(0.,0.,1.));
#12769=DIRECTION('',(-1.,0.,0.));
#12770=DIRECTION('',(-1.,0.,0.));
#12771=DIRECTION('',(0.,0.,1.));
#12772=DIRECTION('',(1.,0.,0.));
#12773=DIRECTION('',(0.,0.,-1.));
#12774=DIRECTION('',(-1.,0.,0.));
#12775=DIRECTION('',(-1.,0.,0.));
#12776=DIRECTION('',(0.,0.,1.));
#12777=DIRECTION('',(-1.,0.,0.));
#12778=DIRECTION('',(-1.,0.,0.));
#12779=DIRECTION('',(0.,0.,1.));
#12780=DIRECTION('',(1.,0.,0.));
#12781=DIRECTION('',(0.,0.,-1.));
#12782=DIRECTION('',(-1.,0.,0.));
#12783=DIRECTION('',(-1.,0.,0.));
#12784=DIRECTION('',(0.,0.,1.));
#12785=DIRECTION('',(-1.,0.,0.));
#12786=DIRECTION('',(-1.,0.,0.));
#12787=DIRECTION('',(0.,0.,1.));
#12788=DIRECTION('',(1.,0.,0.));
#12789=DIRECTION('',(0.,0.,-1.));
#12790=DIRECTION('',(-1.,0.,0.));
#12791=DIRECTION('',(-1.,0.,0.));
#12792=DIRECTION('',(0.,0.,1.));
#12793=DIRECTION('',(-1.,0.,0.));
#12794=DIRECTION('',(-1.,0.,0.));
#12795=DIRECTION('',(0.,0.,1.));
#12796=DIRECTION('',(1.,0.,0.));
#12797=DIRECTION('',(0.,0.,-1.));
#12798=DIRECTION('',(-1.,0.,0.));
#12799=DIRECTION('',(-1.,0.,0.));
#12800=DIRECTION('',(0.,0.,1.));
#12801=DIRECTION('',(-1.,0.,0.));
#12802=DIRECTION('',(-1.,0.,0.));
#12803=DIRECTION('',(0.,0.,1.));
#12804=DIRECTION('',(1.,0.,0.));
#12805=DIRECTION('',(0.,0.,-1.));
#12806=DIRECTION('',(-1.,0.,0.));
#12807=DIRECTION('',(-1.,0.,0.));
#12808=DIRECTION('',(0.,0.,1.));
#12809=DIRECTION('',(-1.,0.,0.));
#12810=DIRECTION('',(-1.,0.,0.));
#12811=DIRECTION('',(0.,0.,1.));
#12812=DIRECTION('',(1.,0.,0.));
#12813=DIRECTION('',(0.,0.,-1.));
#12814=DIRECTION('',(-1.,0.,0.));
#12815=DIRECTION('',(-1.,0.,0.));
#12816=DIRECTION('',(0.,0.,1.));
#12817=DIRECTION('',(-1.,0.,0.));
#12818=DIRECTION('',(0.,1.,0.));
#12819=DIRECTION('',(0.,0.,1.));
#12820=DIRECTION('',(0.,0.,-1.));
#12821=DIRECTION('',(0.,0.,-1.));
#12822=DIRECTION('',(-1.,0.,0.));
#12823=DIRECTION('',(0.,1.,0.));
#12824=DIRECTION('',(0.,0.,1.));
#12825=DIRECTION('',(0.,0.,1.));
#12826=DIRECTION('',(-1.,0.,0.));
#12827=DIRECTION('',(0.,0.,-1.));
#12828=DIRECTION('',(0.,1.,0.));
#12829=DIRECTION('',(0.,0.,1.));
#12830=DIRECTION('',(0.,0.,-1.));
#12831=DIRECTION('',(0.,0.,1.));
#12832=DIRECTION('',(-1.,0.,0.));
#12833=DIRECTION('',(0.,1.,0.));
#12834=DIRECTION('',(0.,0.,1.));
#12835=DIRECTION('',(0.,0.,-1.));
#12836=DIRECTION('',(0.,0.,1.));
#12837=DIRECTION('',(-1.,0.,0.));
#12838=DIRECTION('',(0.,1.,0.));
#12839=DIRECTION('',(0.,0.,1.));
#12840=DIRECTION('',(0.,0.,-1.));
#12841=DIRECTION('',(0.,0.,1.));
#12842=DIRECTION('',(-1.,0.,0.));
#12843=DIRECTION('',(0.,1.,0.));
#12844=DIRECTION('',(0.,0.,1.));
#12845=DIRECTION('',(0.,0.,-1.));
#12846=DIRECTION('',(0.,0.,1.));
#12847=DIRECTION('',(-1.,0.,0.));
#12848=DIRECTION('',(0.,1.,0.));
#12849=DIRECTION('',(0.,0.,1.));
#12850=DIRECTION('',(0.,0.,-1.));
#12851=DIRECTION('',(0.,0.,1.));
#12852=DIRECTION('',(-1.,0.,0.));
#12853=DIRECTION('',(0.,1.,0.));
#12854=DIRECTION('',(0.,0.,1.));
#12855=DIRECTION('',(0.,0.,-1.));
#12856=DIRECTION('',(0.,0.,1.));
#12857=DIRECTION('',(-1.,0.,0.));
#12858=DIRECTION('',(0.,1.,0.));
#12859=DIRECTION('',(0.,0.,1.));
#12860=DIRECTION('',(0.,0.,-1.));
#12861=DIRECTION('',(0.,0.,1.));
#12862=DIRECTION('',(-1.,0.,0.));
#12863=DIRECTION('',(0.,1.,0.));
#12864=DIRECTION('',(0.,0.,1.));
#12865=DIRECTION('',(0.,0.,-1.));
#12866=DIRECTION('',(0.,0.,1.));
#12867=DIRECTION('',(-1.,0.,0.));
#12868=DIRECTION('',(0.,0.,1.));
#12869=DIRECTION('',(1.,0.,0.));
#12870=DIRECTION('',(0.,1.,0.));
#12871=DIRECTION('',(0.,1.,0.));
#12872=DIRECTION('',(-1.,0.,0.));
#12873=DIRECTION('',(0.,0.,1.));
#12874=DIRECTION('',(1.,0.,0.));
#12875=DIRECTION('',(0.,-1.,0.));
#12876=DIRECTION('',(-1.,0.,0.));
#12877=DIRECTION('',(0.,1.,0.));
#12878=DIRECTION('',(0.,0.,1.));
#12879=DIRECTION('',(1.,0.,0.));
#12880=DIRECTION('',(0.,1.,0.));
#12881=DIRECTION('',(0.,-1.,0.));
#12882=DIRECTION('',(-1.,0.,0.));
#12883=DIRECTION('',(0.,0.,1.));
#12884=DIRECTION('',(1.,0.,0.));
#12885=DIRECTION('',(0.,1.,0.));
#12886=DIRECTION('',(0.,-1.,0.));
#12887=DIRECTION('',(-1.,0.,0.));
#12888=DIRECTION('',(0.,0.,1.));
#12889=DIRECTION('',(1.,0.,0.));
#12890=DIRECTION('',(0.,1.,0.));
#12891=DIRECTION('',(0.,-1.,0.));
#12892=DIRECTION('',(-1.,0.,0.));
#12893=DIRECTION('',(0.,0.,1.));
#12894=DIRECTION('',(1.,0.,0.));
#12895=DIRECTION('',(0.,1.,0.));
#12896=DIRECTION('',(0.,-1.,0.));
#12897=DIRECTION('',(-1.,0.,0.));
#12898=DIRECTION('',(0.,0.,1.));
#12899=DIRECTION('',(1.,0.,0.));
#12900=DIRECTION('',(0.,1.,0.));
#12901=DIRECTION('',(0.,-1.,0.));
#12902=DIRECTION('',(-1.,0.,0.));
#12903=DIRECTION('',(0.,0.,1.));
#12904=DIRECTION('',(1.,0.,0.));
#12905=DIRECTION('',(0.,1.,0.));
#12906=DIRECTION('',(0.,-1.,0.));
#12907=DIRECTION('',(-1.,0.,0.));
#12908=DIRECTION('',(0.,0.,1.));
#12909=DIRECTION('',(1.,0.,0.));
#12910=DIRECTION('',(0.,1.,0.));
#12911=DIRECTION('',(0.,-1.,0.));
#12912=DIRECTION('',(-1.,0.,0.));
#12913=DIRECTION('',(0.,0.,1.));
#12914=DIRECTION('',(1.,0.,0.));
#12915=DIRECTION('',(0.,1.,0.));
#12916=DIRECTION('',(0.,-1.,0.));
#12917=DIRECTION('',(-1.,0.,0.));
#12918=DIRECTION('',(0.,-1.,0.));
#12919=DIRECTION('',(0.,0.,-1.));
#12920=DIRECTION('',(0.,0.,1.));
#12921=DIRECTION('',(0.,0.,1.));
#12922=DIRECTION('',(-1.,0.,0.));
#12923=DIRECTION('',(0.,-1.,0.));
#12924=DIRECTION('',(0.,0.,-1.));
#12925=DIRECTION('',(0.,0.,-1.));
#12926=DIRECTION('',(-1.,0.,0.));
#12927=DIRECTION('',(0.,0.,1.));
#12928=DIRECTION('',(0.,-1.,0.));
#12929=DIRECTION('',(0.,0.,-1.));
#12930=DIRECTION('',(0.,0.,1.));
#12931=DIRECTION('',(0.,0.,-1.));
#12932=DIRECTION('',(-1.,0.,0.));
#12933=DIRECTION('',(0.,-1.,0.));
#12934=DIRECTION('',(0.,0.,-1.));
#12935=DIRECTION('',(0.,0.,1.));
#12936=DIRECTION('',(0.,0.,-1.));
#12937=DIRECTION('',(-1.,0.,0.));
#12938=DIRECTION('',(0.,-1.,0.));
#12939=DIRECTION('',(0.,0.,-1.));
#12940=DIRECTION('',(0.,0.,1.));
#12941=DIRECTION('',(0.,0.,-1.));
#12942=DIRECTION('',(-1.,0.,0.));
#12943=DIRECTION('',(0.,-1.,0.));
#12944=DIRECTION('',(0.,0.,-1.));
#12945=DIRECTION('',(0.,0.,1.));
#12946=DIRECTION('',(0.,0.,-1.));
#12947=DIRECTION('',(-1.,0.,0.));
#12948=DIRECTION('',(0.,-1.,0.));
#12949=DIRECTION('',(0.,0.,-1.));
#12950=DIRECTION('',(0.,0.,1.));
#12951=DIRECTION('',(0.,0.,-1.));
#12952=DIRECTION('',(-1.,0.,0.));
#12953=DIRECTION('',(0.,-1.,0.));
#12954=DIRECTION('',(0.,0.,-1.));
#12955=DIRECTION('',(0.,0.,1.));
#12956=DIRECTION('',(0.,0.,-1.));
#12957=DIRECTION('',(-1.,0.,0.));
#12958=DIRECTION('',(0.,-1.,0.));
#12959=DIRECTION('',(0.,0.,-1.));
#12960=DIRECTION('',(0.,0.,1.));
#12961=DIRECTION('',(0.,0.,-1.));
#12962=DIRECTION('',(-1.,0.,0.));
#12963=DIRECTION('',(0.,-1.,0.));
#12964=DIRECTION('',(0.,0.,-1.));
#12965=DIRECTION('',(0.,0.,1.));
#12966=DIRECTION('',(0.,0.,-1.));
#12967=DIRECTION('',(-1.,0.,0.));
#12968=DIRECTION('',(-1.,0.,0.));
#12969=DIRECTION('',(0.,0.,1.));
#12970=DIRECTION('',(-1.,0.,0.));
#12971=DIRECTION('',(1.,0.,0.));
#12972=DIRECTION('',(0.,0.,-1.));
#12973=DIRECTION('',(1.,0.,0.));
#12974=DIRECTION('',(0.,0.,-1.));
#12975=DIRECTION('',(-1.,0.,0.));
#12976=DIRECTION('',(0.,0.,1.));
#12977=DIRECTION('',(-1.,0.,0.));
#12978=DIRECTION('',(0.,0.,1.));
#12979=DIRECTION('',(-1.,0.,0.));
#12980=DIRECTION('',(1.,0.,0.));
#12981=DIRECTION('',(0.,0.,-1.));
#12982=DIRECTION('',(-1.,0.,0.));
#12983=DIRECTION('',(0.,0.,1.));
#12984=DIRECTION('',(-1.,0.,0.));
#12985=DIRECTION('',(1.,0.,0.));
#12986=DIRECTION('',(0.,0.,-1.));
#12987=DIRECTION('',(-1.,0.,0.));
#12988=DIRECTION('',(0.,0.,1.));
#12989=DIRECTION('',(-1.,0.,0.));
#12990=DIRECTION('',(0.,0.,1.));
#12991=DIRECTION('',(-1.,0.,0.));
#12992=DIRECTION('',(1.,0.,0.));
#12993=DIRECTION('',(0.,0.,-1.));
#12994=DIRECTION('',(-1.,0.,0.));
#12995=DIRECTION('',(0.,0.,1.));
#12996=DIRECTION('',(-1.,0.,0.));
#12997=DIRECTION('',(0.,0.,1.));
#12998=DIRECTION('',(-1.,0.,0.));
#12999=DIRECTION('',(1.,0.,0.));
#13000=DIRECTION('',(0.,0.,-1.));
#13001=DIRECTION('',(-1.,0.,0.));
#13002=DIRECTION('',(0.,0.,1.));
#13003=DIRECTION('',(-1.,0.,0.));
#13004=DIRECTION('',(0.,0.,1.));
#13005=DIRECTION('',(-1.,0.,0.));
#13006=DIRECTION('',(1.,0.,0.));
#13007=DIRECTION('',(0.,0.,-1.));
#13008=DIRECTION('',(-1.,0.,0.));
#13009=DIRECTION('',(0.,0.,1.));
#13010=DIRECTION('',(-1.,0.,0.));
#13011=DIRECTION('',(0.,0.,1.));
#13012=DIRECTION('',(-1.,0.,0.));
#13013=DIRECTION('',(1.,0.,0.));
#13014=DIRECTION('',(0.,0.,-1.));
#13015=DIRECTION('',(-1.,0.,0.));
#13016=DIRECTION('',(0.,0.,1.));
#13017=DIRECTION('',(-1.,0.,0.));
#13018=DIRECTION('',(0.,0.,1.));
#13019=DIRECTION('',(-1.,0.,0.));
#13020=DIRECTION('',(1.,0.,0.));
#13021=DIRECTION('',(0.,0.,-1.));
#13022=DIRECTION('',(-1.,0.,0.));
#13023=DIRECTION('',(0.,0.,1.));
#13024=DIRECTION('',(-1.,0.,0.));
#13025=DIRECTION('',(0.,0.,1.));
#13026=DIRECTION('',(-1.,0.,0.));
#13027=DIRECTION('',(1.,0.,0.));
#13028=DIRECTION('',(0.,0.,-1.));
#13029=DIRECTION('',(-1.,0.,0.));
#13030=DIRECTION('',(0.,0.,1.));
#13031=DIRECTION('',(-1.,0.,0.));
#13032=DIRECTION('',(0.,0.,1.));
#13033=DIRECTION('',(-1.,0.,0.));
#13034=DIRECTION('',(1.,0.,0.));
#13035=DIRECTION('',(0.,0.,-1.));
#13036=DIRECTION('',(-1.,0.,0.));
#13037=DIRECTION('',(0.,0.,1.));
#13038=DIRECTION('',(0.,1.06808176695989E-16,1.));
#13039=DIRECTION('',(0.,-1.,1.06808176695989E-16));
#13040=DIRECTION('',(0.,1.,-1.06808176695989E-16));
#13041=DIRECTION('',(0.,1.,-1.06808176695989E-16));
#13042=DIRECTION('',(1.,0.,0.));
#13043=DIRECTION('',(0.,1.06808176695989E-16,1.));
#13044=DIRECTION('',(0.,-1.,1.06808176695989E-16));
#13045=DIRECTION('',(0.,-1.,1.06808176695989E-16));
#13046=DIRECTION('',(1.,0.,0.));
#13047=DIRECTION('',(0.,1.,-1.06808176695989E-16));
#13048=DIRECTION('',(0.,1.06808176695989E-16,1.));
#13049=DIRECTION('',(0.,-1.,1.06808176695989E-16));
#13050=DIRECTION('',(0.,1.,-1.06808176695989E-16));
#13051=DIRECTION('',(0.,-1.,1.06808176695989E-16));
#13052=DIRECTION('',(1.,0.,0.));
#13053=DIRECTION('',(0.,1.06808176695989E-16,1.));
#13054=DIRECTION('',(0.,-1.,1.06808176695989E-16));
#13055=DIRECTION('',(0.,1.,-1.06808176695989E-16));
#13056=DIRECTION('',(0.,-1.,1.06808176695989E-16));
#13057=DIRECTION('',(1.,0.,0.));
#13058=DIRECTION('',(0.,1.06808176695989E-16,1.));
#13059=DIRECTION('',(0.,-1.,1.06808176695989E-16));
#13060=DIRECTION('',(0.,1.,-1.06808176695989E-16));
#13061=DIRECTION('',(0.,-1.,1.06808176695989E-16));
#13062=DIRECTION('',(1.,0.,0.));
#13063=DIRECTION('',(0.,1.06808176695989E-16,1.));
#13064=DIRECTION('',(0.,-1.,1.06808176695989E-16));
#13065=DIRECTION('',(0.,1.,-1.06808176695989E-16));
#13066=DIRECTION('',(0.,-1.,1.06808176695989E-16));
#13067=DIRECTION('',(1.,0.,0.));
#13068=DIRECTION('',(0.,1.06808176695989E-16,1.));
#13069=DIRECTION('',(0.,-1.,1.06808176695989E-16));
#13070=DIRECTION('',(0.,1.,-1.06808176695989E-16));
#13071=DIRECTION('',(0.,-1.,1.06808176695989E-16));
#13072=DIRECTION('',(1.,0.,0.));
#13073=DIRECTION('',(0.,1.06808176695989E-16,1.));
#13074=DIRECTION('',(0.,-1.,1.06808176695989E-16));
#13075=DIRECTION('',(0.,1.,-1.06808176695989E-16));
#13076=DIRECTION('',(0.,-1.,1.06808176695989E-16));
#13077=DIRECTION('',(1.,0.,0.));
#13078=DIRECTION('',(0.,1.06808176695989E-16,1.));
#13079=DIRECTION('',(0.,-1.,1.06808176695989E-16));
#13080=DIRECTION('',(0.,1.,-1.06808176695989E-16));
#13081=DIRECTION('',(0.,-1.,1.06808176695989E-16));
#13082=DIRECTION('',(1.,0.,0.));
#13083=DIRECTION('',(0.,1.06808176695989E-16,1.));
#13084=DIRECTION('',(0.,-1.,1.06808176695989E-16));
#13085=DIRECTION('',(0.,1.,-1.06808176695989E-16));
#13086=DIRECTION('',(0.,-1.,1.06808176695989E-16));
#13087=DIRECTION('',(1.,0.,0.));
#13088=DIRECTION('',(0.,0.,-1.));
#13089=DIRECTION('',(-1.,0.,0.));
#13090=DIRECTION('',(0.,-1.,0.));
#13091=DIRECTION('',(-1.,0.,0.));
#13092=DIRECTION('',(0.,-1.,0.));
#13093=DIRECTION('',(0.,0.,-1.));
#13094=DIRECTION('',(-1.,0.,0.));
#13095=DIRECTION('',(0.,1.,0.));
#13096=DIRECTION('',(0.,-1.,0.));
#13097=DIRECTION('',(-1.,0.,0.));
#13098=DIRECTION('',(0.,0.,-1.));
#13099=DIRECTION('',(-1.,0.,0.));
#13100=DIRECTION('',(0.,-1.,0.));
#13101=DIRECTION('',(-1.,0.,0.));
#13102=DIRECTION('',(0.,1.,0.));
#13103=DIRECTION('',(0.,0.,-1.));
#13104=DIRECTION('',(-1.,0.,0.));
#13105=DIRECTION('',(0.,-1.,0.));
#13106=DIRECTION('',(-1.,0.,0.));
#13107=DIRECTION('',(0.,1.,0.));
#13108=DIRECTION('',(0.,0.,-1.));
#13109=DIRECTION('',(-1.,0.,0.));
#13110=DIRECTION('',(0.,-1.,0.));
#13111=DIRECTION('',(-1.,0.,0.));
#13112=DIRECTION('',(0.,1.,0.));
#13113=DIRECTION('',(0.,0.,-1.));
#13114=DIRECTION('',(-1.,0.,0.));
#13115=DIRECTION('',(0.,-1.,0.));
#13116=DIRECTION('',(-1.,0.,0.));
#13117=DIRECTION('',(0.,1.,0.));
#13118=DIRECTION('',(0.,0.,-1.));
#13119=DIRECTION('',(-1.,0.,0.));
#13120=DIRECTION('',(0.,-1.,0.));
#13121=DIRECTION('',(-1.,0.,0.));
#13122=DIRECTION('',(0.,1.,0.));
#13123=DIRECTION('',(0.,0.,-1.));
#13124=DIRECTION('',(-1.,0.,0.));
#13125=DIRECTION('',(0.,-1.,0.));
#13126=DIRECTION('',(-1.,0.,0.));
#13127=DIRECTION('',(0.,1.,0.));
#13128=DIRECTION('',(0.,0.,-1.));
#13129=DIRECTION('',(-1.,0.,0.));
#13130=DIRECTION('',(0.,-1.,0.));
#13131=DIRECTION('',(-1.,0.,0.));
#13132=DIRECTION('',(0.,1.,0.));
#13133=DIRECTION('',(0.,0.,-1.));
#13134=DIRECTION('',(-1.,0.,0.));
#13135=DIRECTION('',(0.,-1.,0.));
#13136=DIRECTION('',(-1.,0.,0.));
#13137=DIRECTION('',(0.,1.,0.));
#13138=DIRECTION('',(0.,1.,0.));
#13139=DIRECTION('',(0.,0.,1.));
#13140=DIRECTION('',(0.,0.,-1.));
#13141=DIRECTION('',(0.,0.,-1.));
#13142=DIRECTION('',(0.,0.,-1.));
#13143=DIRECTION('',(0.,0.,1.));
#13144=DIRECTION('',(0.,0.,-1.));
#13145=DIRECTION('',(0.,0.,-1.));
#13146=DIRECTION('',(0.,0.,1.));
#13147=DIRECTION('',(0.,0.,-1.));
#13148=DIRECTION('',(0.,0.,-1.));
#13149=DIRECTION('',(0.,0.,-1.));
#13150=DIRECTION('',(0.,0.,-1.));
#13151=DIRECTION('',(0.,0.,-1.));
#13152=DIRECTION('',(0.,0.,-1.));
#13153=DIRECTION('',(0.,0.,-1.));
#13154=DIRECTION('',(0.,0.,-1.));
#13155=DIRECTION('',(0.,0.,-1.));
#13156=DIRECTION('',(0.,0.,-1.));
#13157=DIRECTION('',(0.,0.,-1.));
#13158=DIRECTION('',(0.,0.,-1.));
#13159=DIRECTION('',(0.,0.,-1.));
#13160=DIRECTION('',(0.,0.,-1.));
#13161=DIRECTION('',(0.,0.,-1.));
#13162=DIRECTION('',(0.,0.,-1.));
#13163=DIRECTION('',(0.,0.,-1.));
#13164=DIRECTION('',(0.,0.,-1.));
#13165=DIRECTION('',(0.,0.,-1.));
#13166=DIRECTION('',(0.,0.,-1.));
#13167=DIRECTION('',(0.,0.,-1.));
#13168=DIRECTION('',(0.,0.,-1.));
#13169=DIRECTION('',(0.,0.,-1.));
#13170=DIRECTION('',(0.,0.,-1.));
#13171=DIRECTION('',(0.,0.,-1.));
#13172=DIRECTION('',(0.,0.,-1.));
#13173=DIRECTION('',(0.,0.,-1.));
#13174=DIRECTION('',(0.,0.,-1.));
#13175=DIRECTION('',(0.,0.,-1.));
#13176=DIRECTION('',(0.,0.,-1.));
#13177=DIRECTION('',(0.,0.,-1.));
#13178=DIRECTION('',(0.,0.,-1.));
#13179=DIRECTION('',(0.,0.,-1.));
#13180=DIRECTION('',(1.,0.,0.));
#13181=DIRECTION('',(0.,0.,-1.));
#13182=DIRECTION('',(1.,0.,0.));
#13183=DIRECTION('',(0.,0.,-1.));
#13184=DIRECTION('',(1.,0.,0.));
#13185=DIRECTION('',(0.,0.,-1.));
#13186=DIRECTION('',(1.,0.,0.));
#13187=DIRECTION('',(0.,0.,-1.));
#13188=DIRECTION('',(-1.,0.,0.));
#13189=DIRECTION('',(0.,0.,1.));
#13190=DIRECTION('',(1.,0.,0.));
#13191=DIRECTION('',(0.,0.,-1.));
#13192=DIRECTION('',(1.,0.,0.));
#13193=DIRECTION('',(0.,0.,-1.));
#13194=DIRECTION('',(-1.,0.,0.));
#13195=DIRECTION('',(0.,0.,1.));
#13196=DIRECTION('',(1.,0.,0.));
#13197=DIRECTION('',(0.,0.,-1.));
#13198=DIRECTION('',(-1.,0.,0.));
#13199=DIRECTION('',(0.,0.,1.));
#13200=DIRECTION('',(1.,0.,0.));
#13201=DIRECTION('',(0.,0.,-1.));
#13202=DIRECTION('',(-1.,0.,0.));
#13203=DIRECTION('',(0.,0.,1.));
#13204=DIRECTION('',(1.,0.,0.));
#13205=DIRECTION('',(0.,0.,-1.));
#13206=DIRECTION('',(-1.,0.,0.));
#13207=DIRECTION('',(0.,0.,1.));
#13208=DIRECTION('',(1.,0.,0.));
#13209=DIRECTION('',(0.,0.,-1.));
#13210=DIRECTION('',(-1.,0.,0.));
#13211=DIRECTION('',(0.,0.,1.));
#13212=DIRECTION('',(1.,0.,0.));
#13213=DIRECTION('',(0.,0.,-1.));
#13214=DIRECTION('',(-1.,0.,0.));
#13215=DIRECTION('',(0.,0.,1.));
#13216=DIRECTION('',(1.,0.,0.));
#13217=DIRECTION('',(0.,0.,-1.));
#13218=DIRECTION('',(-1.,0.,0.));
#13219=DIRECTION('',(0.,0.,1.));
#13220=DIRECTION('',(1.,0.,0.));
#13221=DIRECTION('',(0.,0.,-1.));
#13222=DIRECTION('',(-1.,0.,0.));
#13223=DIRECTION('',(0.,0.,1.));
#13224=DIRECTION('',(-1.,0.,0.));
#13225=DIRECTION('',(0.,0.,1.));
#13226=DIRECTION('',(1.,0.,0.));
#13227=DIRECTION('',(0.,0.,-1.));
#13228=DIRECTION('',(1.,0.,0.));
#13229=DIRECTION('',(0.,0.,-1.));
#13230=DIRECTION('',(-1.,0.,0.));
#13231=DIRECTION('',(0.,0.,1.));
#13232=DIRECTION('',(1.,0.,0.));
#13233=DIRECTION('',(0.,0.,-1.));
#13234=DIRECTION('',(-1.,0.,0.));
#13235=DIRECTION('',(0.,0.,1.));
#13236=DIRECTION('',(1.,0.,0.));
#13237=DIRECTION('',(0.,0.,-1.));
#13238=DIRECTION('',(-1.,0.,0.));
#13239=DIRECTION('',(0.,0.,1.));
#13240=DIRECTION('',(1.,0.,0.));
#13241=DIRECTION('',(0.,0.,-1.));
#13242=DIRECTION('',(-1.,0.,0.));
#13243=DIRECTION('',(0.,0.,1.));
#13244=DIRECTION('',(1.,0.,0.));
#13245=DIRECTION('',(0.,0.,-1.));
#13246=DIRECTION('',(-1.,0.,0.));
#13247=DIRECTION('',(0.,0.,1.));
#13248=DIRECTION('',(1.,0.,0.));
#13249=DIRECTION('',(0.,0.,-1.));
#13250=DIRECTION('',(-1.,0.,0.));
#13251=DIRECTION('',(0.,0.,1.));
#13252=DIRECTION('',(1.,0.,0.));
#13253=DIRECTION('',(0.,0.,-1.));
#13254=DIRECTION('',(-1.,0.,0.));
#13255=DIRECTION('',(0.,0.,1.));
#13256=DIRECTION('',(-1.,0.,0.));
#13257=DIRECTION('',(0.,0.,1.));
#13258=DIRECTION('',(1.,0.,0.));
#13259=DIRECTION('',(0.,0.,-1.));
#13260=DIRECTION('',(0.,1.,-1.53666449643615E-17));
#13261=DIRECTION('',(0.,1.53666449643615E-17,1.));
#13262=DIRECTION('',(0.,0.,1.));
#13263=DIRECTION('',(1.,0.,0.));
#13264=DIRECTION('',(1.,0.,0.));
#13265=DIRECTION('',(0.,0.,-1.));
#13266=DIRECTION('',(0.,1.53666449643615E-17,-1.));
#13267=DIRECTION('',(0.,-1.,0.));
#13268=DIRECTION('',(0.,0.,-1.));
#13269=DIRECTION('',(0.,-1.,0.));
#13270=DIRECTION('',(-1.,0.,0.));
#13271=DIRECTION('',(0.,0.,1.));
#13272=DIRECTION('',(0.,-1.53666449643615E-17,1.));
#13273=DIRECTION('',(0.,1.,0.));
#13274=DIRECTION('',(0.,0.,-1.));
#13275=DIRECTION('',(0.,1.,0.));
#13276=DIRECTION('',(0.,0.,1.));
#13277=DIRECTION('',(1.,0.,0.));
#13278=DIRECTION('',(1.,0.,0.));
#13279=DIRECTION('',(-1.,0.,0.));
#13280=DIRECTION('',(0.,0.,1.));
#13281=DIRECTION('',(1.,0.,0.));
#13282=DIRECTION('',(1.,0.,0.));
#13283=DIRECTION('',(-1.,0.,0.));
#13284=DIRECTION('',(0.,0.,-1.));
#13285=DIRECTION('',(-1.,0.,0.));
#13286=DIRECTION('',(7.96341056307904E-16,-1.,0.));
#13287=DIRECTION('',(-1.,0.,0.));
#13288=DIRECTION('',(0.,-1.,0.));
#13289=DIRECTION('',(-1.,0.,0.));
#13290=DIRECTION('',(0.,0.,-1.));
#13291=DIRECTION('',(-1.,0.,0.));
#13292=DIRECTION('',(0.,1.,0.));
#13293=DIRECTION('',(-1.,0.,0.));
#13294=DIRECTION('',(0.,-1.,0.));
#13295=DIRECTION('',(-1.,0.,0.));
#13296=DIRECTION('',(0.,0.,-1.));
#13297=DIRECTION('',(-1.,0.,0.));
#13298=DIRECTION('',(0.,1.,0.));
#13299=DIRECTION('',(-1.,0.,0.));
#13300=DIRECTION('',(0.,-1.,0.));
#13301=DIRECTION('',(-1.,0.,0.));
#13302=DIRECTION('',(0.,0.,-1.));
#13303=DIRECTION('',(-1.,0.,0.));
#13304=DIRECTION('',(0.,1.,0.));
#13305=DIRECTION('',(-1.,0.,0.));
#13306=DIRECTION('',(0.,-1.,0.));
#13307=DIRECTION('',(-1.,0.,0.));
#13308=DIRECTION('',(0.,0.,-1.));
#13309=DIRECTION('',(-1.,0.,0.));
#13310=DIRECTION('',(0.,1.,0.));
#13311=DIRECTION('',(-1.,0.,0.));
#13312=DIRECTION('',(0.,-1.,0.));
#13313=DIRECTION('',(-1.,0.,0.));
#13314=DIRECTION('',(0.,0.,-1.));
#13315=DIRECTION('',(-1.,0.,0.));
#13316=DIRECTION('',(0.,1.,0.));
#13317=DIRECTION('',(-1.,0.,0.));
#13318=DIRECTION('',(0.,-1.,0.));
#13319=DIRECTION('',(-1.,0.,0.));
#13320=DIRECTION('',(0.,0.,-1.));
#13321=DIRECTION('',(-1.,0.,0.));
#13322=DIRECTION('',(0.,1.,0.));
#13323=DIRECTION('',(-1.,0.,0.));
#13324=DIRECTION('',(0.,-1.,0.));
#13325=DIRECTION('',(-1.,0.,0.));
#13326=DIRECTION('',(0.,0.,-1.));
#13327=DIRECTION('',(-1.,0.,0.));
#13328=DIRECTION('',(0.,1.,0.));
#13329=DIRECTION('',(-1.,0.,0.));
#13330=DIRECTION('',(0.,-1.,0.));
#13331=DIRECTION('',(-1.,0.,0.));
#13332=DIRECTION('',(0.,0.,-1.));
#13333=DIRECTION('',(-1.,0.,0.));
#13334=DIRECTION('',(0.,1.,0.));
#13335=DIRECTION('',(-1.,0.,0.));
#13336=DIRECTION('',(0.,-1.,0.));
#13337=DIRECTION('',(-1.,0.,0.));
#13338=DIRECTION('',(0.,0.,-1.));
#13339=DIRECTION('',(-1.,0.,0.));
#13340=DIRECTION('',(0.,1.,0.));
#13341=DIRECTION('',(-1.,0.,0.));
#13342=DIRECTION('',(0.,-1.,0.));
#13343=DIRECTION('',(-1.,0.,0.));
#13344=DIRECTION('',(0.,-4.58363757326219E-17,1.));
#13345=DIRECTION('',(0.,-1.,-4.58363757326219E-17));
#13346=DIRECTION('',(-7.96341056307904E-16,1.,4.58363757326219E-17));
#13347=DIRECTION('',(1.,0.,0.));
#13348=DIRECTION('',(0.,1.,4.58363757326219E-17));
#13349=DIRECTION('',(-1.,0.,0.));
#13350=DIRECTION('',(0.,-4.58363757326219E-17,1.));
#13351=DIRECTION('',(0.,-1.,-4.58363757326219E-17));
#13352=DIRECTION('',(0.,-1.,-4.58363757326219E-17));
#13353=DIRECTION('',(-1.,0.,0.));
#13354=DIRECTION('',(0.,1.,4.58363757326219E-17));
#13355=DIRECTION('',(1.,0.,0.));
#13356=DIRECTION('',(0.,-4.58363757326219E-17,1.));
#13357=DIRECTION('',(0.,-1.,-4.58363757326219E-17));
#13358=DIRECTION('',(0.,-1.,-4.58363757326219E-17));
#13359=DIRECTION('',(-1.,0.,0.));
#13360=DIRECTION('',(0.,1.,4.58363757326219E-17));
#13361=DIRECTION('',(1.,0.,0.));
#13362=DIRECTION('',(0.,-4.58363757326219E-17,1.));
#13363=DIRECTION('',(0.,-1.,-4.58363757326219E-17));
#13364=DIRECTION('',(0.,-1.,-4.58363757326219E-17));
#13365=DIRECTION('',(-1.,0.,0.));
#13366=DIRECTION('',(0.,1.,4.58363757326219E-17));
#13367=DIRECTION('',(1.,0.,0.));
#13368=DIRECTION('',(0.,-4.58363757326219E-17,1.));
#13369=DIRECTION('',(0.,-1.,-4.58363757326219E-17));
#13370=DIRECTION('',(0.,-1.,-4.58363757326219E-17));
#13371=DIRECTION('',(-1.,0.,0.));
#13372=DIRECTION('',(0.,1.,4.58363757326219E-17));
#13373=DIRECTION('',(1.,0.,0.));
#13374=DIRECTION('',(0.,-4.58363757326219E-17,1.));
#13375=DIRECTION('',(0.,-1.,-4.58363757326219E-17));
#13376=DIRECTION('',(0.,-1.,-4.58363757326219E-17));
#13377=DIRECTION('',(-1.,0.,0.));
#13378=DIRECTION('',(0.,1.,4.58363757326219E-17));
#13379=DIRECTION('',(1.,0.,0.));
#13380=DIRECTION('',(0.,-4.58363757326219E-17,1.));
#13381=DIRECTION('',(0.,-1.,-4.58363757326219E-17));
#13382=DIRECTION('',(0.,-1.,-4.58363757326219E-17));
#13383=DIRECTION('',(-1.,0.,0.));
#13384=DIRECTION('',(0.,1.,4.58363757326219E-17));
#13385=DIRECTION('',(1.,0.,0.));
#13386=DIRECTION('',(0.,-4.58363757326219E-17,1.));
#13387=DIRECTION('',(0.,-1.,-4.58363757326219E-17));
#13388=DIRECTION('',(0.,-1.,-4.58363757326219E-17));
#13389=DIRECTION('',(-1.,0.,0.));
#13390=DIRECTION('',(0.,1.,4.58363757326219E-17));
#13391=DIRECTION('',(1.,0.,0.));
#13392=DIRECTION('',(0.,-4.58363757326219E-17,1.));
#13393=DIRECTION('',(0.,-1.,-4.58363757326219E-17));
#13394=DIRECTION('',(0.,-1.,-4.58363757326219E-17));
#13395=DIRECTION('',(-1.,0.,0.));
#13396=DIRECTION('',(0.,1.,4.58363757326219E-17));
#13397=DIRECTION('',(1.,0.,0.));
#13398=DIRECTION('',(0.,-4.58363757326219E-17,1.));
#13399=DIRECTION('',(0.,-1.,-4.58363757326219E-17));
#13400=DIRECTION('',(0.,-1.,-4.58363757326219E-17));
#13401=DIRECTION('',(-1.,0.,0.));
#13402=DIRECTION('',(0.,1.,4.58363757326219E-17));
#13403=DIRECTION('',(1.,0.,0.));
#13404=DIRECTION('',(0.,-1.,0.));
#13405=DIRECTION('',(0.,0.,-1.));
#13406=DIRECTION('',(0.,0.,1.));
#13407=DIRECTION('',(0.,0.,1.));
#13408=DIRECTION('',(0.,-1.,0.));
#13409=DIRECTION('',(0.,0.,-1.));
#13410=DIRECTION('',(0.,0.,-1.));
#13411=DIRECTION('',(0.,0.,1.));
#13412=DIRECTION('',(0.,-1.,0.));
#13413=DIRECTION('',(0.,0.,-1.));
#13414=DIRECTION('',(0.,0.,-1.));
#13415=DIRECTION('',(0.,0.,1.));
#13416=DIRECTION('',(0.,-1.,0.));
#13417=DIRECTION('',(0.,0.,-1.));
#13418=DIRECTION('',(0.,0.,-1.));
#13419=DIRECTION('',(0.,0.,1.));
#13420=DIRECTION('',(0.,-1.,0.));
#13421=DIRECTION('',(0.,0.,-1.));
#13422=DIRECTION('',(0.,0.,-1.));
#13423=DIRECTION('',(0.,0.,1.));
#13424=DIRECTION('',(0.,-1.,0.));
#13425=DIRECTION('',(0.,0.,-1.));
#13426=DIRECTION('',(0.,0.,-1.));
#13427=DIRECTION('',(0.,0.,1.));
#13428=DIRECTION('',(0.,-1.,0.));
#13429=DIRECTION('',(0.,0.,-1.));
#13430=DIRECTION('',(0.,0.,-1.));
#13431=DIRECTION('',(0.,0.,1.));
#13432=DIRECTION('',(0.,-1.,0.));
#13433=DIRECTION('',(0.,0.,-1.));
#13434=DIRECTION('',(0.,0.,-1.));
#13435=DIRECTION('',(0.,0.,1.));
#13436=DIRECTION('',(0.,-1.,0.));
#13437=DIRECTION('',(0.,0.,-1.));
#13438=DIRECTION('',(0.,0.,-1.));
#13439=DIRECTION('',(0.,0.,1.));
#13440=DIRECTION('',(0.,-1.,0.));
#13441=DIRECTION('',(0.,0.,-1.));
#13442=DIRECTION('',(0.,0.,-1.));
#13443=DIRECTION('',(0.,0.,1.));
#13444=DIRECTION('',(0.,0.,-1.));
#13445=DIRECTION('',(-1.,0.,0.));
#13446=DIRECTION('',(7.96341056307904E-16,-1.,0.));
#13447=DIRECTION('',(-1.,0.,0.));
#13448=DIRECTION('',(0.,-1.,0.));
#13449=DIRECTION('',(1.,0.,0.));
#13450=DIRECTION('',(0.,0.,-1.));
#13451=DIRECTION('',(-1.,0.,0.));
#13452=DIRECTION('',(0.,1.,0.));
#13453=DIRECTION('',(1.,0.,0.));
#13454=DIRECTION('',(0.,-1.,0.));
#13455=DIRECTION('',(-1.,0.,0.));
#13456=DIRECTION('',(0.,0.,-1.));
#13457=DIRECTION('',(-1.,0.,0.));
#13458=DIRECTION('',(0.,1.,0.));
#13459=DIRECTION('',(1.,0.,0.));
#13460=DIRECTION('',(0.,-1.,0.));
#13461=DIRECTION('',(-1.,0.,0.));
#13462=DIRECTION('',(0.,0.,-1.));
#13463=DIRECTION('',(-1.,0.,0.));
#13464=DIRECTION('',(0.,1.,0.));
#13465=DIRECTION('',(1.,0.,0.));
#13466=DIRECTION('',(0.,-1.,0.));
#13467=DIRECTION('',(-1.,0.,0.));
#13468=DIRECTION('',(0.,0.,-1.));
#13469=DIRECTION('',(-1.,0.,0.));
#13470=DIRECTION('',(0.,1.,0.));
#13471=DIRECTION('',(1.,0.,0.));
#13472=DIRECTION('',(0.,-1.,0.));
#13473=DIRECTION('',(-1.,0.,0.));
#13474=DIRECTION('',(0.,0.,-1.));
#13475=DIRECTION('',(-1.,0.,0.));
#13476=DIRECTION('',(0.,1.,0.));
#13477=DIRECTION('',(1.,0.,0.));
#13478=DIRECTION('',(0.,-1.,0.));
#13479=DIRECTION('',(-1.,0.,0.));
#13480=DIRECTION('',(0.,0.,-1.));
#13481=DIRECTION('',(-1.,0.,0.));
#13482=DIRECTION('',(0.,1.,0.));
#13483=DIRECTION('',(1.,0.,0.));
#13484=DIRECTION('',(0.,-1.,0.));
#13485=DIRECTION('',(-1.,0.,0.));
#13486=DIRECTION('',(0.,0.,-1.));
#13487=DIRECTION('',(-1.,0.,0.));
#13488=DIRECTION('',(0.,1.,0.));
#13489=DIRECTION('',(1.,0.,0.));
#13490=DIRECTION('',(0.,-1.,0.));
#13491=DIRECTION('',(-1.,0.,0.));
#13492=DIRECTION('',(0.,0.,-1.));
#13493=DIRECTION('',(-1.,0.,0.));
#13494=DIRECTION('',(0.,1.,0.));
#13495=DIRECTION('',(1.,0.,0.));
#13496=DIRECTION('',(0.,-1.,0.));
#13497=DIRECTION('',(-1.,0.,0.));
#13498=DIRECTION('',(0.,0.,-1.));
#13499=DIRECTION('',(-1.,0.,0.));
#13500=DIRECTION('',(0.,1.,0.));
#13501=DIRECTION('',(1.,0.,0.));
#13502=DIRECTION('',(0.,-1.,0.));
#13503=DIRECTION('',(-1.,0.,0.));
#13504=DIRECTION('',(0.,0.,1.));
#13505=DIRECTION('',(1.,0.,0.));
#13506=DIRECTION('',(-7.96341056307904E-16,1.,0.));
#13507=DIRECTION('',(-1.,0.,0.));
#13508=DIRECTION('',(0.,1.,0.));
#13509=DIRECTION('',(-1.,0.,0.));
#13510=DIRECTION('',(0.,0.,1.));
#13511=DIRECTION('',(1.,0.,0.));
#13512=DIRECTION('',(0.,-1.,0.));
#13513=DIRECTION('',(-1.,0.,0.));
#13514=DIRECTION('',(0.,1.,0.));
#13515=DIRECTION('',(-1.,0.,0.));
#13516=DIRECTION('',(0.,0.,1.));
#13517=DIRECTION('',(1.,0.,0.));
#13518=DIRECTION('',(0.,-1.,0.));
#13519=DIRECTION('',(-1.,0.,0.));
#13520=DIRECTION('',(0.,1.,0.));
#13521=DIRECTION('',(-1.,0.,0.));
#13522=DIRECTION('',(0.,0.,1.));
#13523=DIRECTION('',(1.,0.,0.));
#13524=DIRECTION('',(0.,-1.,0.));
#13525=DIRECTION('',(-1.,0.,0.));
#13526=DIRECTION('',(0.,1.,0.));
#13527=DIRECTION('',(-1.,0.,0.));
#13528=DIRECTION('',(0.,0.,1.));
#13529=DIRECTION('',(1.,0.,0.));
#13530=DIRECTION('',(0.,-1.,0.));
#13531=DIRECTION('',(-1.,0.,0.));
#13532=DIRECTION('',(0.,1.,0.));
#13533=DIRECTION('',(-1.,0.,0.));
#13534=DIRECTION('',(0.,0.,1.));
#13535=DIRECTION('',(1.,0.,0.));
#13536=DIRECTION('',(0.,-1.,0.));
#13537=DIRECTION('',(-1.,0.,0.));
#13538=DIRECTION('',(0.,1.,0.));
#13539=DIRECTION('',(-1.,0.,0.));
#13540=DIRECTION('',(0.,0.,1.));
#13541=DIRECTION('',(1.,0.,0.));
#13542=DIRECTION('',(0.,-1.,0.));
#13543=DIRECTION('',(-1.,0.,0.));
#13544=DIRECTION('',(0.,1.,0.));
#13545=DIRECTION('',(-1.,0.,0.));
#13546=DIRECTION('',(0.,0.,1.));
#13547=DIRECTION('',(1.,0.,0.));
#13548=DIRECTION('',(0.,-1.,0.));
#13549=DIRECTION('',(-1.,0.,0.));
#13550=DIRECTION('',(0.,1.,0.));
#13551=DIRECTION('',(-1.,0.,0.));
#13552=DIRECTION('',(0.,0.,1.));
#13553=DIRECTION('',(1.,0.,0.));
#13554=DIRECTION('',(0.,-1.,0.));
#13555=DIRECTION('',(-1.,0.,0.));
#13556=DIRECTION('',(0.,1.,0.));
#13557=DIRECTION('',(-1.,0.,0.));
#13558=DIRECTION('',(0.,0.,1.));
#13559=DIRECTION('',(1.,0.,0.));
#13560=DIRECTION('',(0.,-1.,0.));
#13561=DIRECTION('',(-1.,0.,0.));
#13562=DIRECTION('',(0.,1.,0.));
#13563=DIRECTION('',(-1.,0.,0.));
#13564=DIRECTION('',(0.,-1.,0.));
#13565=DIRECTION('',(0.,0.,-1.));
#13566=DIRECTION('',(0.,0.,1.));
#13567=DIRECTION('',(0.,0.,1.));
#13568=DIRECTION('',(0.,-1.,0.));
#13569=DIRECTION('',(0.,0.,-1.));
#13570=DIRECTION('',(0.,0.,-1.));
#13571=DIRECTION('',(0.,0.,1.));
#13572=DIRECTION('',(0.,-1.,0.));
#13573=DIRECTION('',(0.,0.,-1.));
#13574=DIRECTION('',(0.,0.,-1.));
#13575=DIRECTION('',(0.,0.,1.));
#13576=DIRECTION('',(0.,-1.,0.));
#13577=DIRECTION('',(0.,0.,-1.));
#13578=DIRECTION('',(0.,0.,-1.));
#13579=DIRECTION('',(0.,0.,1.));
#13580=DIRECTION('',(0.,-1.,0.));
#13581=DIRECTION('',(0.,0.,-1.));
#13582=DIRECTION('',(0.,0.,-1.));
#13583=DIRECTION('',(0.,0.,1.));
#13584=DIRECTION('',(0.,-1.,0.));
#13585=DIRECTION('',(0.,0.,-1.));
#13586=DIRECTION('',(0.,0.,-1.));
#13587=DIRECTION('',(0.,0.,1.));
#13588=DIRECTION('',(0.,-1.,0.));
#13589=DIRECTION('',(0.,0.,-1.));
#13590=DIRECTION('',(0.,0.,-1.));
#13591=DIRECTION('',(0.,0.,1.));
#13592=DIRECTION('',(0.,-1.,0.));
#13593=DIRECTION('',(0.,0.,-1.));
#13594=DIRECTION('',(0.,0.,-1.));
#13595=DIRECTION('',(0.,0.,1.));
#13596=DIRECTION('',(0.,-1.,0.));
#13597=DIRECTION('',(0.,0.,-1.));
#13598=DIRECTION('',(0.,0.,-1.));
#13599=DIRECTION('',(0.,0.,1.));
#13600=DIRECTION('',(0.,-1.,0.));
#13601=DIRECTION('',(0.,0.,-1.));
#13602=DIRECTION('',(0.,0.,-1.));
#13603=DIRECTION('',(0.,0.,1.));
#13604=DIRECTION('',(1.,0.,0.));
#13605=DIRECTION('',(0.,0.,-1.));
#13606=DIRECTION('',(0.,0.,-1.));
#13607=DIRECTION('',(1.,0.,0.));
#13608=DIRECTION('',(0.,0.,-1.));
#13609=DIRECTION('',(0.,0.,-1.));
#13610=DIRECTION('',(0.,-1.,0.));
#13611=DIRECTION('',(0.,0.,-1.));
#13612=DIRECTION('',(0.,0.,-1.));
#13613=DIRECTION('',(0.,0.,-1.));
#13614=DIRECTION('',(0.,0.,-1.));
#13615=DIRECTION('',(0.,0.,-1.));
#13616=DIRECTION('',(0.,0.,-1.));
#13617=DIRECTION('',(0.,0.,-1.));
#13618=DIRECTION('',(0.,0.,-1.));
#13619=DIRECTION('',(0.,0.,-1.));
#13620=DIRECTION('',(0.,0.,-1.));
#13621=DIRECTION('',(0.,0.,-1.));
#13622=DIRECTION('',(0.,0.,-1.));
#13623=DIRECTION('',(0.,0.,-1.));
#13624=DIRECTION('',(0.,0.,-1.));
#13625=DIRECTION('',(0.,0.,-1.));
#13626=DIRECTION('',(0.,0.,-1.));
#13627=DIRECTION('',(0.,0.,-1.));
#13628=DIRECTION('',(0.,0.,-1.));
#13629=DIRECTION('',(0.,0.,-1.));
#13630=DIRECTION('',(0.,0.,-1.));
#13631=DIRECTION('',(0.,0.,1.));
#13632=DIRECTION('',(0.,0.,-1.));
#13633=DIRECTION('',(0.,0.,-1.));
#13634=DIRECTION('',(0.,0.,-1.));
#13635=DIRECTION('',(0.,0.,-1.));
#13636=DIRECTION('',(0.,0.,-1.));
#13637=DIRECTION('',(0.,0.,-1.));
#13638=DIRECTION('',(0.,0.,-1.));
#13639=DIRECTION('',(0.,0.,-1.));
#13640=DIRECTION('',(0.,0.,-1.));
#13641=DIRECTION('',(0.,0.,-1.));
#13642=DIRECTION('',(0.,0.,-1.));
#13643=DIRECTION('',(0.,0.,-1.));
#13644=DIRECTION('',(0.,0.,-1.));
#13645=DIRECTION('',(0.,0.,-1.));
#13646=DIRECTION('',(0.,0.,-1.));
#13647=DIRECTION('',(0.,0.,-1.));
#13648=DIRECTION('',(0.,0.,-1.));
#13649=DIRECTION('',(0.,0.,1.));
#13650=DIRECTION('',(1.,0.,0.));
#13651=DIRECTION('',(0.,0.,-1.));
#13652=DIRECTION('',(1.,0.,0.));
#13653=DIRECTION('',(0.,0.,-1.));
#13654=DIRECTION('',(-1.,0.,0.));
#13655=DIRECTION('',(0.,0.,1.));
#13656=DIRECTION('',(1.,0.,0.));
#13657=DIRECTION('',(0.,0.,-1.));
#13658=DIRECTION('',(-1.,0.,0.));
#13659=DIRECTION('',(0.,0.,1.));
#13660=DIRECTION('',(1.,0.,0.));
#13661=DIRECTION('',(0.,0.,-1.));
#13662=DIRECTION('',(-1.,0.,0.));
#13663=DIRECTION('',(0.,0.,1.));
#13664=DIRECTION('',(1.,0.,0.));
#13665=DIRECTION('',(0.,0.,-1.));
#13666=DIRECTION('',(-1.,0.,0.));
#13667=DIRECTION('',(0.,0.,1.));
#13668=DIRECTION('',(1.,0.,0.));
#13669=DIRECTION('',(0.,0.,-1.));
#13670=DIRECTION('',(-1.,0.,0.));
#13671=DIRECTION('',(0.,0.,1.));
#13672=DIRECTION('',(1.,0.,0.));
#13673=DIRECTION('',(0.,0.,-1.));
#13674=DIRECTION('',(-1.,0.,0.));
#13675=DIRECTION('',(0.,0.,1.));
#13676=DIRECTION('',(1.,0.,0.));
#13677=DIRECTION('',(0.,0.,-1.));
#13678=DIRECTION('',(-1.,0.,0.));
#13679=DIRECTION('',(0.,0.,1.));
#13680=DIRECTION('',(1.,0.,0.));
#13681=DIRECTION('',(0.,0.,-1.));
#13682=DIRECTION('',(-1.,0.,0.));
#13683=DIRECTION('',(0.,0.,1.));
#13684=DIRECTION('',(1.,0.,0.));
#13685=DIRECTION('',(0.,0.,-1.));
#13686=DIRECTION('',(-1.,0.,0.));
#13687=DIRECTION('',(0.,0.,1.));
#13688=DIRECTION('',(1.,7.96341056307904E-16,0.));
#13689=DIRECTION('',(-7.96341056307904E-16,1.,0.));
#13690=DIRECTION('',(-1.,0.,0.));
#13691=DIRECTION('',(0.,0.,1.));
#13692=DIRECTION('',(1.,0.,0.));
#13693=DIRECTION('',(0.,0.,-1.));
#13694=DIRECTION('',(-1.,0.,0.));
#13695=DIRECTION('',(0.,0.,1.));
#13696=DIRECTION('',(1.,0.,0.));
#13697=DIRECTION('',(0.,0.,-1.));
#13698=DIRECTION('',(-1.,0.,0.));
#13699=DIRECTION('',(0.,0.,1.));
#13700=DIRECTION('',(1.,0.,0.));
#13701=DIRECTION('',(0.,0.,-1.));
#13702=DIRECTION('',(-1.,0.,0.));
#13703=DIRECTION('',(0.,0.,1.));
#13704=DIRECTION('',(1.,0.,0.));
#13705=DIRECTION('',(0.,0.,-1.));
#13706=DIRECTION('',(-1.,0.,0.));
#13707=DIRECTION('',(0.,0.,1.));
#13708=DIRECTION('',(1.,0.,0.));
#13709=DIRECTION('',(0.,0.,-1.));
#13710=DIRECTION('',(-1.,0.,0.));
#13711=DIRECTION('',(0.,0.,1.));
#13712=DIRECTION('',(1.,0.,0.));
#13713=DIRECTION('',(0.,0.,-1.));
#13714=DIRECTION('',(-1.,0.,0.));
#13715=DIRECTION('',(0.,0.,1.));
#13716=DIRECTION('',(1.,0.,0.));
#13717=DIRECTION('',(0.,0.,-1.));
#13718=DIRECTION('',(-1.,0.,0.));
#13719=DIRECTION('',(0.,0.,1.));
#13720=DIRECTION('',(1.,0.,0.));
#13721=DIRECTION('',(0.,0.,-1.));
#13722=DIRECTION('',(1.,7.96341056307904E-16,0.));
#13723=DIRECTION('',(-7.96341056307904E-16,1.,0.));
#13724=DIRECTION('',(-1.,0.,0.));
#13725=DIRECTION('',(0.,0.,1.));
#13726=DIRECTION('',(0.,-1.,-1.53666449643615E-17));
#13727=DIRECTION('',(0.,1.53666449643615E-17,-1.));
#13728=DIRECTION('',(0.,0.,1.));
#13729=DIRECTION('',(1.,0.,0.));
#13730=CARTESIAN_POINT('',(0.,0.,0.));
#13731=CARTESIAN_POINT('',(0.145,0.405,-0.189));
#13732=CARTESIAN_POINT('',(0.145,0.405,-0.189));
#13733=CARTESIAN_POINT('',(0.145,0.,-0.189));
#13734=CARTESIAN_POINT('',(0.145,0.025,-0.189));
#13735=CARTESIAN_POINT('',(0.145,0.,-0.189));
#13736=CARTESIAN_POINT('',(0.145,0.,-0.164));
#13737=CARTESIAN_POINT('',(0.145,0.405,-0.164));
#13738=CARTESIAN_POINT('',(0.145,0.025,-0.164));
#13739=CARTESIAN_POINT('',(0.145,0.025,0.));
#13740=CARTESIAN_POINT('',(0.145,0.025,-0.178));
#13741=CARTESIAN_POINT('',(0.145,0.405,-0.178));
#13742=CARTESIAN_POINT('',(0.145,0.405,-0.178));
#13743=CARTESIAN_POINT('',(0.145,0.405,-0.189));
#13744=CARTESIAN_POINT('',(0.145,0.405,-0.212));
#13745=CARTESIAN_POINT('',(0.145,0.405,-0.212));
#13746=CARTESIAN_POINT('',(0.145,0.025,-0.212));
#13747=CARTESIAN_POINT('',(0.145,0.025,-0.189));
#13748=CARTESIAN_POINT('',(0.185,0.405,0.189));
#13749=CARTESIAN_POINT('',(0.185,0.405,-0.189));
#13750=CARTESIAN_POINT('',(0.185,0.025,-0.189));
#13751=CARTESIAN_POINT('',(0.185,0.,-0.189));
#13752=CARTESIAN_POINT('',(0.185,0.025,0.189));
#13753=CARTESIAN_POINT('',(0.185,0.025,-0.212));
#13754=CARTESIAN_POINT('',(0.185,0.405,-0.212));
#13755=CARTESIAN_POINT('',(0.185,0.405,-0.212));
#13756=CARTESIAN_POINT('',(0.185,0.405,0.189));
#13757=CARTESIAN_POINT('',(0.185,0.405,-0.178));
#13758=CARTESIAN_POINT('',(0.185,0.405,-0.178));
#13759=CARTESIAN_POINT('',(0.185,0.025,-0.178));
#13760=CARTESIAN_POINT('',(0.185,0.025,0.));
#13761=CARTESIAN_POINT('',(0.185,0.025,-0.164));
#13762=CARTESIAN_POINT('',(0.185,0.405,-0.164));
#13763=CARTESIAN_POINT('',(0.185,0.,-0.164));
#13764=CARTESIAN_POINT('',(0.185,0.,0.189));
#13765=CARTESIAN_POINT('',(0.825,0.,0.));
#13766=CARTESIAN_POINT('',(0.825,0.,-0.189));
#13767=CARTESIAN_POINT('',(0.825,0.,-0.164));
#13768=CARTESIAN_POINT('',(-0.185,0.405,-0.189));
#13769=CARTESIAN_POINT('',(-0.185,0.405,-0.189));
#13770=CARTESIAN_POINT('',(-0.185,0.,-0.189));
#13771=CARTESIAN_POINT('',(-0.185,0.025,-0.189));
#13772=CARTESIAN_POINT('',(-0.185,0.,-0.189));
#13773=CARTESIAN_POINT('',(-0.185,0.,-0.164));
#13774=CARTESIAN_POINT('',(-0.185,0.405,-0.164));
#13775=CARTESIAN_POINT('',(-0.185,0.025,-0.164));
#13776=CARTESIAN_POINT('',(-0.185,0.025,0.));
#13777=CARTESIAN_POINT('',(-0.185,0.025,-0.178));
#13778=CARTESIAN_POINT('',(-0.185,0.405,-0.178));
#13779=CARTESIAN_POINT('',(-0.185,0.405,-0.178));
#13780=CARTESIAN_POINT('',(-0.185,0.405,-0.189));
#13781=CARTESIAN_POINT('',(-0.185,0.405,-0.212));
#13782=CARTESIAN_POINT('',(-0.185,0.405,-0.212));
#13783=CARTESIAN_POINT('',(-0.185,0.025,-0.212));
#13784=CARTESIAN_POINT('',(-0.185,0.025,-0.189));
#13785=CARTESIAN_POINT('',(-0.145,0.405,0.189));
#13786=CARTESIAN_POINT('',(-0.145,0.405,-0.189));
#13787=CARTESIAN_POINT('',(-0.145,0.025,-0.189));
#13788=CARTESIAN_POINT('',(-0.145,0.,-0.189));
#13789=CARTESIAN_POINT('',(-0.145,0.025,0.189));
#13790=CARTESIAN_POINT('',(-0.145,0.025,-0.212));
#13791=CARTESIAN_POINT('',(-0.145,0.405,-0.212));
#13792=CARTESIAN_POINT('',(-0.145,0.405,-0.212));
#13793=CARTESIAN_POINT('',(-0.145,0.405,0.189));
#13794=CARTESIAN_POINT('',(-0.145,0.405,-0.178));
#13795=CARTESIAN_POINT('',(-0.145,0.405,-0.178));
#13796=CARTESIAN_POINT('',(-0.145,0.025,-0.178));
#13797=CARTESIAN_POINT('',(-0.145,0.025,0.));
#13798=CARTESIAN_POINT('',(-0.145,0.025,-0.164));
#13799=CARTESIAN_POINT('',(-0.145,0.405,-0.164));
#13800=CARTESIAN_POINT('',(-0.145,0.,-0.164));
#13801=CARTESIAN_POINT('',(-0.145,0.,0.189));
#13802=CARTESIAN_POINT('',(0.495,0.,0.));
#13803=CARTESIAN_POINT('',(0.495,0.,-0.189));
#13804=CARTESIAN_POINT('',(0.495,0.,-0.164));
#13805=CARTESIAN_POINT('',(0.,0.,0.));
#13806=CARTESIAN_POINT('',(0.89,0.,-0.0299999999999999));
#13807=CARTESIAN_POINT('',(0.89,0.,-0.055));
#13808=CARTESIAN_POINT('',(0.865,0.,-0.03));
#13809=CARTESIAN_POINT('',(0.865,0.,-0.03));
#13810=CARTESIAN_POINT('',(0.865,0.,0.03));
#13811=CARTESIAN_POINT('',(0.89,0.,0.0299999999999999));
#13812=CARTESIAN_POINT('',(0.89,0.,0.0549999999999999));
#13813=CARTESIAN_POINT('',(0.89,0.,0.055));
#13814=CARTESIAN_POINT('',(1.,0.,0.055));
#13815=CARTESIAN_POINT('',(1.,0.,0.0300000000000001));
#13816=CARTESIAN_POINT('',(1.025,0.,0.03));
#13817=CARTESIAN_POINT('',(1.025,0.,0.03));
#13818=CARTESIAN_POINT('',(1.025,0.,-0.03));
#13819=CARTESIAN_POINT('',(1.,0.,-0.0300000000000001));
#13820=CARTESIAN_POINT('',(1.,0.,-0.055));
#13821=CARTESIAN_POINT('',(1.,0.,-0.055));
#13822=CARTESIAN_POINT('',(0.,0.,-0.189));
#13823=CARTESIAN_POINT('',(1.0665,0.,-0.189));
#13824=CARTESIAN_POINT('',(0.8515,0.,-0.189));
#13825=CARTESIAN_POINT('',(1.0665,0.,0.212));
#13826=CARTESIAN_POINT('',(1.0665,0.,0.212));
#13827=CARTESIAN_POINT('',(0.8515,0.,0.212));
#13828=CARTESIAN_POINT('',(0.8515,0.,0.212));
#13829=CARTESIAN_POINT('',(0.8515,0.,-0.212));
#13830=CARTESIAN_POINT('',(-0.8015,0.405,-0.212));
#13831=CARTESIAN_POINT('',(-0.8015,0.025,-0.212));
#13832=CARTESIAN_POINT('',(-0.8015,0.025,-0.212));
#13833=CARTESIAN_POINT('',(-1.0665,0.025,-0.212));
#13834=CARTESIAN_POINT('',(-1.0665,0.405,-0.212));
#13835=CARTESIAN_POINT('',(-1.0665,0.405,-0.212));
#13836=CARTESIAN_POINT('',(-0.8015,0.405,-0.212));
#13837=CARTESIAN_POINT('',(-0.8015,0.405,-0.212));
#13838=CARTESIAN_POINT('',(-0.8015,0.405,-0.212));
#13839=CARTESIAN_POINT('',(-1.0665,0.405,-0.212));
#13840=CARTESIAN_POINT('',(-1.0665,0.405,-0.189));
#13841=CARTESIAN_POINT('',(-1.0665,0.,-0.189));
#13842=CARTESIAN_POINT('',(-1.0665,0.025,-0.189));
#13843=CARTESIAN_POINT('',(-1.0665,0.,-0.212));
#13844=CARTESIAN_POINT('',(-1.0665,0.,0.212));
#13845=CARTESIAN_POINT('',(-1.0665,0.405,0.212));
#13846=CARTESIAN_POINT('',(-1.0665,0.405,0.212));
#13847=CARTESIAN_POINT('',(-1.0665,0.405,-0.212));
#13848=CARTESIAN_POINT('',(-1.0665,0.025,-0.212));
#13849=CARTESIAN_POINT('',(1.0665,0.405,0.212));
#13850=CARTESIAN_POINT('',(1.0665,0.405,-0.189));
#13851=CARTESIAN_POINT('',(1.0665,0.025,-0.189));
#13852=CARTESIAN_POINT('',(1.0665,0.025,0.212));
#13853=CARTESIAN_POINT('',(1.0665,0.025,-0.212));
#13854=CARTESIAN_POINT('',(1.0665,0.405,-0.212));
#13855=CARTESIAN_POINT('',(1.0665,0.405,-0.212));
#13856=CARTESIAN_POINT('',(1.0665,0.405,0.212));
#13857=CARTESIAN_POINT('',(1.0665,0.405,0.212));
#13858=CARTESIAN_POINT('',(1.0665,0.405,0.212));
#13859=CARTESIAN_POINT('',(1.0665,0.405,-0.212));
#13860=CARTESIAN_POINT('',(1.0665,0.025,-0.212));
#13861=CARTESIAN_POINT('',(0.8015,0.025,-0.212));
#13862=CARTESIAN_POINT('',(0.8015,0.405,-0.212));
#13863=CARTESIAN_POINT('',(0.8015,0.405,-0.212));
#13864=CARTESIAN_POINT('',(1.0665,0.405,-0.212));
#13865=CARTESIAN_POINT('',(-0.8515,0.03,0.212));
#13866=CARTESIAN_POINT('',(-0.8515,0.03,-0.189));
#13867=CARTESIAN_POINT('',(-0.8515,0.025,-0.189));
#13868=CARTESIAN_POINT('',(-0.8515,0.,-0.189));
#13869=CARTESIAN_POINT('',(-0.8515,0.025,0.));
#13870=CARTESIAN_POINT('',(-0.8515,0.025,0.212));
#13871=CARTESIAN_POINT('',(-0.8515,0.03,0.212));
#13872=CARTESIAN_POINT('',(-0.8515,0.,0.212));
#13873=CARTESIAN_POINT('',(-0.8515,0.,0.212));
#13874=CARTESIAN_POINT('',(0.,0.,0.));
#13875=CARTESIAN_POINT('',(-0.945,0.,0.));
#13876=CARTESIAN_POINT('',(-0.945,0.,-0.0675));
#13877=CARTESIAN_POINT('',(0.,0.,-0.189));
#13878=CARTESIAN_POINT('',(-1.0665,0.,0.212));
#13879=CARTESIAN_POINT('',(0.8515,0.03,-0.212));
#13880=CARTESIAN_POINT('',(0.8515,0.03,-0.189));
#13881=CARTESIAN_POINT('',(0.8515,0.025,-0.189));
#13882=CARTESIAN_POINT('',(0.8515,0.03,0.212));
#13883=CARTESIAN_POINT('',(0.8515,0.025,0.212));
#13884=CARTESIAN_POINT('',(0.8515,0.025,0.));
#13885=CARTESIAN_POINT('',(-0.145,0.405,-0.212));
#13886=CARTESIAN_POINT('',(-0.145,0.025,-0.212));
#13887=CARTESIAN_POINT('',(-0.145,0.405,-0.212));
#13888=CARTESIAN_POINT('',(0.185,0.405,-0.212));
#13889=CARTESIAN_POINT('',(0.185,0.025,-0.212));
#13890=CARTESIAN_POINT('',(0.185,0.405,-0.212));
#13891=CARTESIAN_POINT('',(-0.68,0.405,-0.189));
#13892=CARTESIAN_POINT('',(-0.68,0.405,0.164));
#13893=CARTESIAN_POINT('',(-0.68,0.,0.164));
#13894=CARTESIAN_POINT('',(-0.68,0.025,0.164));
#13895=CARTESIAN_POINT('',(-0.68,0.,-0.189));
#13896=CARTESIAN_POINT('',(-0.68,0.,0.189));
#13897=CARTESIAN_POINT('',(-0.68,0.405,0.189));
#13898=CARTESIAN_POINT('',(-0.68,0.405,0.189));
#13899=CARTESIAN_POINT('',(-0.68,0.405,-0.189));
#13900=CARTESIAN_POINT('',(-0.68,0.405,0.178));
#13901=CARTESIAN_POINT('',(-0.68,0.405,0.178));
#13902=CARTESIAN_POINT('',(-0.68,0.025,0.178));
#13903=CARTESIAN_POINT('',(-0.68,0.025,0.));
#13904=CARTESIAN_POINT('',(-0.68,0.405,-0.189));
#13905=CARTESIAN_POINT('',(-0.68,0.405,-0.164));
#13906=CARTESIAN_POINT('',(-0.68,0.025,-0.164));
#13907=CARTESIAN_POINT('',(-0.68,0.,-0.164));
#13908=CARTESIAN_POINT('',(-0.68,0.025,0.));
#13909=CARTESIAN_POINT('',(-0.68,0.025,-0.178));
#13910=CARTESIAN_POINT('',(-0.68,0.405,-0.178));
#13911=CARTESIAN_POINT('',(-0.68,0.405,-0.178));
#13912=CARTESIAN_POINT('',(-0.68,0.405,-0.189));
#13913=CARTESIAN_POINT('',(-0.68,0.405,-0.189));
#13914=CARTESIAN_POINT('',(-0.68,0.405,-0.189));
#13915=CARTESIAN_POINT('',(-0.68,0.,-0.189));
#13916=CARTESIAN_POINT('',(-0.68,0.,-0.189));
#13917=CARTESIAN_POINT('',(-0.64,0.405,0.189));
#13918=CARTESIAN_POINT('',(-0.64,0.405,0.164));
#13919=CARTESIAN_POINT('',(-0.64,0.025,0.164));
#13920=CARTESIAN_POINT('',(-0.64,0.,0.164));
#13921=CARTESIAN_POINT('',(-0.64,0.025,0.));
#13922=CARTESIAN_POINT('',(-0.64,0.025,0.178));
#13923=CARTESIAN_POINT('',(-0.64,0.405,0.178));
#13924=CARTESIAN_POINT('',(-0.64,0.405,0.178));
#13925=CARTESIAN_POINT('',(-0.64,0.405,0.189));
#13926=CARTESIAN_POINT('',(-0.64,0.405,0.189));
#13927=CARTESIAN_POINT('',(-0.64,0.405,0.189));
#13928=CARTESIAN_POINT('',(-0.64,0.,0.189));
#13929=CARTESIAN_POINT('',(-0.64,0.,0.189));
#13930=CARTESIAN_POINT('',(-0.64,0.405,0.189));
#13931=CARTESIAN_POINT('',(-0.64,0.405,-0.164));
#13932=CARTESIAN_POINT('',(-0.64,0.,-0.164));
#13933=CARTESIAN_POINT('',(-0.64,0.025,-0.164));
#13934=CARTESIAN_POINT('',(-0.64,0.,0.189));
#13935=CARTESIAN_POINT('',(-0.64,0.,-0.189));
#13936=CARTESIAN_POINT('',(-0.64,0.405,-0.189));
#13937=CARTESIAN_POINT('',(-0.64,0.405,-0.189));
#13938=CARTESIAN_POINT('',(-0.64,0.405,0.189));
#13939=CARTESIAN_POINT('',(-0.64,0.405,-0.178));
#13940=CARTESIAN_POINT('',(-0.64,0.405,-0.178));
#13941=CARTESIAN_POINT('',(-0.64,0.025,-0.178));
#13942=CARTESIAN_POINT('',(-0.64,0.025,0.));
#13943=CARTESIAN_POINT('',(0.,0.,0.));
#13944=CARTESIAN_POINT('',(0.,0.,0.164));
#13945=CARTESIAN_POINT('',(-0.68,0.,0.189));
#13946=CARTESIAN_POINT('',(0.,0.,0.));
#13947=CARTESIAN_POINT('',(0.,0.,-0.164));
#13948=CARTESIAN_POINT('',(-0.64,0.,-0.189));
#13949=CARTESIAN_POINT('',(0.64,0.405,-0.189));
#13950=CARTESIAN_POINT('',(0.64,0.405,0.164));
#13951=CARTESIAN_POINT('',(0.64,0.,0.164));
#13952=CARTESIAN_POINT('',(0.64,0.025,0.164));
#13953=CARTESIAN_POINT('',(0.64,0.,-0.189));
#13954=CARTESIAN_POINT('',(0.64,0.,0.189));
#13955=CARTESIAN_POINT('',(0.64,0.405,0.189));
#13956=CARTESIAN_POINT('',(0.64,0.405,0.189));
#13957=CARTESIAN_POINT('',(0.64,0.405,-0.189));
#13958=CARTESIAN_POINT('',(0.64,0.405,0.178));
#13959=CARTESIAN_POINT('',(0.64,0.405,0.178));
#13960=CARTESIAN_POINT('',(0.64,0.025,0.178));
#13961=CARTESIAN_POINT('',(0.64,0.025,0.));
#13962=CARTESIAN_POINT('',(0.64,0.405,-0.189));
#13963=CARTESIAN_POINT('',(0.64,0.405,-0.164));
#13964=CARTESIAN_POINT('',(0.64,0.025,-0.164));
#13965=CARTESIAN_POINT('',(0.64,0.,-0.164));
#13966=CARTESIAN_POINT('',(0.64,0.025,0.));
#13967=CARTESIAN_POINT('',(0.64,0.025,-0.178));
#13968=CARTESIAN_POINT('',(0.64,0.405,-0.178));
#13969=CARTESIAN_POINT('',(0.64,0.405,-0.178));
#13970=CARTESIAN_POINT('',(0.64,0.405,-0.189));
#13971=CARTESIAN_POINT('',(0.64,0.405,-0.189));
#13972=CARTESIAN_POINT('',(0.64,0.405,-0.189));
#13973=CARTESIAN_POINT('',(0.64,0.,-0.189));
#13974=CARTESIAN_POINT('',(0.64,0.,-0.189));
#13975=CARTESIAN_POINT('',(0.68,0.405,0.189));
#13976=CARTESIAN_POINT('',(0.68,0.405,0.164));
#13977=CARTESIAN_POINT('',(0.68,0.025,0.164));
#13978=CARTESIAN_POINT('',(0.68,0.,0.164));
#13979=CARTESIAN_POINT('',(0.68,0.025,0.));
#13980=CARTESIAN_POINT('',(0.68,0.025,0.178));
#13981=CARTESIAN_POINT('',(0.68,0.405,0.178));
#13982=CARTESIAN_POINT('',(0.68,0.405,0.178));
#13983=CARTESIAN_POINT('',(0.68,0.405,0.189));
#13984=CARTESIAN_POINT('',(0.68,0.405,0.189));
#13985=CARTESIAN_POINT('',(0.68,0.405,0.189));
#13986=CARTESIAN_POINT('',(0.68,0.,0.189));
#13987=CARTESIAN_POINT('',(0.68,0.,0.189));
#13988=CARTESIAN_POINT('',(0.68,0.405,0.189));
#13989=CARTESIAN_POINT('',(0.68,0.405,-0.164));
#13990=CARTESIAN_POINT('',(0.68,0.,-0.164));
#13991=CARTESIAN_POINT('',(0.68,0.025,-0.164));
#13992=CARTESIAN_POINT('',(0.68,0.,0.189));
#13993=CARTESIAN_POINT('',(0.68,0.,-0.189));
#13994=CARTESIAN_POINT('',(0.68,0.405,-0.189));
#13995=CARTESIAN_POINT('',(0.68,0.405,-0.189));
#13996=CARTESIAN_POINT('',(0.68,0.405,0.189));
#13997=CARTESIAN_POINT('',(0.68,0.405,-0.178));
#13998=CARTESIAN_POINT('',(0.68,0.405,-0.178));
#13999=CARTESIAN_POINT('',(0.68,0.025,-0.178));
#14000=CARTESIAN_POINT('',(0.68,0.025,0.));
#14001=CARTESIAN_POINT('',(1.32,0.,0.));
#14002=CARTESIAN_POINT('',(1.32,0.,0.164));
#14003=CARTESIAN_POINT('',(0.64,0.,0.189));
#14004=CARTESIAN_POINT('',(1.32,0.,0.));
#14005=CARTESIAN_POINT('',(1.32,0.,-0.164));
#14006=CARTESIAN_POINT('',(0.68,0.,-0.189));
#14007=CARTESIAN_POINT('',(0.475,0.405,-0.189));
#14008=CARTESIAN_POINT('',(0.475,0.405,0.164));
#14009=CARTESIAN_POINT('',(0.475,0.,0.164));
#14010=CARTESIAN_POINT('',(0.475,0.025,0.164));
#14011=CARTESIAN_POINT('',(0.475,0.,-0.189));
#14012=CARTESIAN_POINT('',(0.475,0.,0.189));
#14013=CARTESIAN_POINT('',(0.475,0.405,0.189));
#14014=CARTESIAN_POINT('',(0.475,0.405,0.189));
#14015=CARTESIAN_POINT('',(0.475,0.405,-0.189));
#14016=CARTESIAN_POINT('',(0.475,0.405,0.178));
#14017=CARTESIAN_POINT('',(0.475,0.405,0.178));
#14018=CARTESIAN_POINT('',(0.475,0.025,0.178));
#14019=CARTESIAN_POINT('',(0.475,0.025,0.));
#14020=CARTESIAN_POINT('',(0.475,0.405,-0.189));
#14021=CARTESIAN_POINT('',(0.475,0.405,-0.164));
#14022=CARTESIAN_POINT('',(0.475,0.025,-0.164));
#14023=CARTESIAN_POINT('',(0.475,0.,-0.164));
#14024=CARTESIAN_POINT('',(0.475,0.025,0.));
#14025=CARTESIAN_POINT('',(0.475,0.025,-0.178));
#14026=CARTESIAN_POINT('',(0.475,0.405,-0.178));
#14027=CARTESIAN_POINT('',(0.475,0.405,-0.178));
#14028=CARTESIAN_POINT('',(0.475,0.405,-0.189));
#14029=CARTESIAN_POINT('',(0.475,0.405,-0.189));
#14030=CARTESIAN_POINT('',(0.475,0.405,-0.189));
#14031=CARTESIAN_POINT('',(0.475,0.,-0.189));
#14032=CARTESIAN_POINT('',(0.475,0.,-0.189));
#14033=CARTESIAN_POINT('',(0.515,0.405,0.189));
#14034=CARTESIAN_POINT('',(0.515,0.405,0.164));
#14035=CARTESIAN_POINT('',(0.515,0.025,0.164));
#14036=CARTESIAN_POINT('',(0.515,0.,0.164));
#14037=CARTESIAN_POINT('',(0.515,0.025,0.));
#14038=CARTESIAN_POINT('',(0.515,0.025,0.178));
#14039=CARTESIAN_POINT('',(0.515,0.405,0.178));
#14040=CARTESIAN_POINT('',(0.515,0.405,0.178));
#14041=CARTESIAN_POINT('',(0.515,0.405,0.189));
#14042=CARTESIAN_POINT('',(0.515,0.405,0.189));
#14043=CARTESIAN_POINT('',(0.515,0.405,0.189));
#14044=CARTESIAN_POINT('',(0.515,0.,0.189));
#14045=CARTESIAN_POINT('',(0.515,0.,0.189));
#14046=CARTESIAN_POINT('',(0.515,0.405,0.189));
#14047=CARTESIAN_POINT('',(0.515,0.405,-0.164));
#14048=CARTESIAN_POINT('',(0.515,0.,-0.164));
#14049=CARTESIAN_POINT('',(0.515,0.025,-0.164));
#14050=CARTESIAN_POINT('',(0.515,0.,0.189));
#14051=CARTESIAN_POINT('',(0.515,0.,-0.189));
#14052=CARTESIAN_POINT('',(0.515,0.405,-0.189));
#14053=CARTESIAN_POINT('',(0.515,0.405,-0.189));
#14054=CARTESIAN_POINT('',(0.515,0.405,0.189));
#14055=CARTESIAN_POINT('',(0.515,0.405,-0.178));
#14056=CARTESIAN_POINT('',(0.515,0.405,-0.178));
#14057=CARTESIAN_POINT('',(0.515,0.025,-0.178));
#14058=CARTESIAN_POINT('',(0.515,0.025,0.));
#14059=CARTESIAN_POINT('',(1.155,0.,0.));
#14060=CARTESIAN_POINT('',(1.155,0.,0.164));
#14061=CARTESIAN_POINT('',(0.475,0.,0.189));
#14062=CARTESIAN_POINT('',(1.155,0.,0.));
#14063=CARTESIAN_POINT('',(1.155,0.,-0.164));
#14064=CARTESIAN_POINT('',(0.515,0.,-0.189));
#14065=CARTESIAN_POINT('',(0.31,0.405,-0.189));
#14066=CARTESIAN_POINT('',(0.31,0.405,0.164));
#14067=CARTESIAN_POINT('',(0.31,0.,0.164));
#14068=CARTESIAN_POINT('',(0.31,0.025,0.164));
#14069=CARTESIAN_POINT('',(0.31,0.,-0.189));
#14070=CARTESIAN_POINT('',(0.31,0.,0.189));
#14071=CARTESIAN_POINT('',(0.31,0.405,0.189));
#14072=CARTESIAN_POINT('',(0.31,0.405,0.189));
#14073=CARTESIAN_POINT('',(0.31,0.405,-0.189));
#14074=CARTESIAN_POINT('',(0.31,0.405,0.178));
#14075=CARTESIAN_POINT('',(0.31,0.405,0.178));
#14076=CARTESIAN_POINT('',(0.31,0.025,0.178));
#14077=CARTESIAN_POINT('',(0.31,0.025,0.));
#14078=CARTESIAN_POINT('',(0.31,0.405,-0.189));
#14079=CARTESIAN_POINT('',(0.31,0.405,-0.164));
#14080=CARTESIAN_POINT('',(0.31,0.025,-0.164));
#14081=CARTESIAN_POINT('',(0.31,0.,-0.164));
#14082=CARTESIAN_POINT('',(0.31,0.025,0.));
#14083=CARTESIAN_POINT('',(0.31,0.025,-0.178));
#14084=CARTESIAN_POINT('',(0.31,0.405,-0.178));
#14085=CARTESIAN_POINT('',(0.31,0.405,-0.178));
#14086=CARTESIAN_POINT('',(0.31,0.405,-0.189));
#14087=CARTESIAN_POINT('',(0.31,0.405,-0.189));
#14088=CARTESIAN_POINT('',(0.31,0.405,-0.189));
#14089=CARTESIAN_POINT('',(0.31,0.,-0.189));
#14090=CARTESIAN_POINT('',(0.31,0.,-0.189));
#14091=CARTESIAN_POINT('',(0.35,0.405,0.189));
#14092=CARTESIAN_POINT('',(0.35,0.405,0.164));
#14093=CARTESIAN_POINT('',(0.35,0.025,0.164));
#14094=CARTESIAN_POINT('',(0.35,0.,0.164));
#14095=CARTESIAN_POINT('',(0.35,0.025,0.));
#14096=CARTESIAN_POINT('',(0.35,0.025,0.178));
#14097=CARTESIAN_POINT('',(0.35,0.405,0.178));
#14098=CARTESIAN_POINT('',(0.35,0.405,0.178));
#14099=CARTESIAN_POINT('',(0.35,0.405,0.189));
#14100=CARTESIAN_POINT('',(0.35,0.405,0.189));
#14101=CARTESIAN_POINT('',(0.35,0.405,0.189));
#14102=CARTESIAN_POINT('',(0.35,0.,0.189));
#14103=CARTESIAN_POINT('',(0.35,0.,0.189));
#14104=CARTESIAN_POINT('',(0.35,0.405,0.189));
#14105=CARTESIAN_POINT('',(0.35,0.405,-0.164));
#14106=CARTESIAN_POINT('',(0.35,0.,-0.164));
#14107=CARTESIAN_POINT('',(0.35,0.025,-0.164));
#14108=CARTESIAN_POINT('',(0.35,0.,0.189));
#14109=CARTESIAN_POINT('',(0.35,0.,-0.189));
#14110=CARTESIAN_POINT('',(0.35,0.405,-0.189));
#14111=CARTESIAN_POINT('',(0.35,0.405,-0.189));
#14112=CARTESIAN_POINT('',(0.35,0.405,0.189));
#14113=CARTESIAN_POINT('',(0.35,0.405,-0.178));
#14114=CARTESIAN_POINT('',(0.35,0.405,-0.178));
#14115=CARTESIAN_POINT('',(0.35,0.025,-0.178));
#14116=CARTESIAN_POINT('',(0.35,0.025,0.));
#14117=CARTESIAN_POINT('',(0.99,0.,0.));
#14118=CARTESIAN_POINT('',(0.99,0.,0.164));
#14119=CARTESIAN_POINT('',(0.31,0.,0.189));
#14120=CARTESIAN_POINT('',(0.99,0.,0.));
#14121=CARTESIAN_POINT('',(0.99,0.,-0.164));
#14122=CARTESIAN_POINT('',(0.35,0.,-0.189));
#14123=CARTESIAN_POINT('',(0.145,0.405,-0.189));
#14124=CARTESIAN_POINT('',(0.145,0.405,0.164));
#14125=CARTESIAN_POINT('',(0.145,0.,0.164));
#14126=CARTESIAN_POINT('',(0.145,0.025,0.164));
#14127=CARTESIAN_POINT('',(0.145,0.,-0.189));
#14128=CARTESIAN_POINT('',(0.145,0.,0.189));
#14129=CARTESIAN_POINT('',(0.145,0.405,0.189));
#14130=CARTESIAN_POINT('',(0.145,0.405,0.189));
#14131=CARTESIAN_POINT('',(0.145,0.405,-0.189));
#14132=CARTESIAN_POINT('',(0.145,0.405,0.178));
#14133=CARTESIAN_POINT('',(0.145,0.405,0.178));
#14134=CARTESIAN_POINT('',(0.145,0.025,0.178));
#14135=CARTESIAN_POINT('',(0.145,0.025,0.));
#14136=CARTESIAN_POINT('',(0.185,0.405,0.189));
#14137=CARTESIAN_POINT('',(0.185,0.405,0.164));
#14138=CARTESIAN_POINT('',(0.185,0.025,0.164));
#14139=CARTESIAN_POINT('',(0.185,0.,0.164));
#14140=CARTESIAN_POINT('',(0.185,0.025,0.));
#14141=CARTESIAN_POINT('',(0.185,0.025,0.178));
#14142=CARTESIAN_POINT('',(0.185,0.405,0.178));
#14143=CARTESIAN_POINT('',(0.185,0.405,0.178));
#14144=CARTESIAN_POINT('',(0.185,0.405,0.189));
#14145=CARTESIAN_POINT('',(0.185,0.405,0.189));
#14146=CARTESIAN_POINT('',(0.185,0.405,0.189));
#14147=CARTESIAN_POINT('',(0.185,0.,0.189));
#14148=CARTESIAN_POINT('',(0.185,0.,0.189));
#14149=CARTESIAN_POINT('',(0.825,0.,0.));
#14150=CARTESIAN_POINT('',(0.825,0.,0.164));
#14151=CARTESIAN_POINT('',(0.145,0.,0.189));
#14152=CARTESIAN_POINT('',(-0.185,0.405,-0.189));
#14153=CARTESIAN_POINT('',(-0.185,0.405,0.164));
#14154=CARTESIAN_POINT('',(-0.185,0.,0.164));
#14155=CARTESIAN_POINT('',(-0.185,0.025,0.164));
#14156=CARTESIAN_POINT('',(-0.185,0.,-0.189));
#14157=CARTESIAN_POINT('',(-0.185,0.,0.189));
#14158=CARTESIAN_POINT('',(-0.185,0.405,0.189));
#14159=CARTESIAN_POINT('',(-0.185,0.405,0.189));
#14160=CARTESIAN_POINT('',(-0.185,0.405,-0.189));
#14161=CARTESIAN_POINT('',(-0.185,0.405,0.178));
#14162=CARTESIAN_POINT('',(-0.185,0.405,0.178));
#14163=CARTESIAN_POINT('',(-0.185,0.025,0.178));
#14164=CARTESIAN_POINT('',(-0.185,0.025,0.));
#14165=CARTESIAN_POINT('',(-0.145,0.405,0.189));
#14166=CARTESIAN_POINT('',(-0.145,0.405,0.164));
#14167=CARTESIAN_POINT('',(-0.145,0.025,0.164));
#14168=CARTESIAN_POINT('',(-0.145,0.,0.164));
#14169=CARTESIAN_POINT('',(-0.145,0.025,0.));
#14170=CARTESIAN_POINT('',(-0.145,0.025,0.178));
#14171=CARTESIAN_POINT('',(-0.145,0.405,0.178));
#14172=CARTESIAN_POINT('',(-0.145,0.405,0.178));
#14173=CARTESIAN_POINT('',(-0.145,0.405,0.189));
#14174=CARTESIAN_POINT('',(-0.145,0.405,0.189));
#14175=CARTESIAN_POINT('',(-0.145,0.405,0.189));
#14176=CARTESIAN_POINT('',(-0.145,0.,0.189));
#14177=CARTESIAN_POINT('',(-0.145,0.,0.189));
#14178=CARTESIAN_POINT('',(0.495,0.,0.));
#14179=CARTESIAN_POINT('',(0.495,0.,0.164));
#14180=CARTESIAN_POINT('',(-0.185,0.,0.189));
#14181=CARTESIAN_POINT('',(-0.35,0.405,-0.189));
#14182=CARTESIAN_POINT('',(-0.35,0.405,0.164));
#14183=CARTESIAN_POINT('',(-0.35,0.,0.164));
#14184=CARTESIAN_POINT('',(-0.35,0.025,0.164));
#14185=CARTESIAN_POINT('',(-0.35,0.,-0.189));
#14186=CARTESIAN_POINT('',(-0.35,0.,0.189));
#14187=CARTESIAN_POINT('',(-0.35,0.405,0.189));
#14188=CARTESIAN_POINT('',(-0.35,0.405,0.189));
#14189=CARTESIAN_POINT('',(-0.35,0.405,-0.189));
#14190=CARTESIAN_POINT('',(-0.35,0.405,0.178));
#14191=CARTESIAN_POINT('',(-0.35,0.405,0.178));
#14192=CARTESIAN_POINT('',(-0.35,0.025,0.178));
#14193=CARTESIAN_POINT('',(-0.35,0.025,0.));
#14194=CARTESIAN_POINT('',(-0.35,0.405,-0.189));
#14195=CARTESIAN_POINT('',(-0.35,0.405,-0.164));
#14196=CARTESIAN_POINT('',(-0.35,0.025,-0.164));
#14197=CARTESIAN_POINT('',(-0.35,0.,-0.164));
#14198=CARTESIAN_POINT('',(-0.35,0.025,0.));
#14199=CARTESIAN_POINT('',(-0.35,0.025,-0.178));
#14200=CARTESIAN_POINT('',(-0.35,0.405,-0.178));
#14201=CARTESIAN_POINT('',(-0.35,0.405,-0.178));
#14202=CARTESIAN_POINT('',(-0.35,0.405,-0.189));
#14203=CARTESIAN_POINT('',(-0.35,0.405,-0.189));
#14204=CARTESIAN_POINT('',(-0.35,0.405,-0.189));
#14205=CARTESIAN_POINT('',(-0.35,0.,-0.189));
#14206=CARTESIAN_POINT('',(-0.35,0.,-0.189));
#14207=CARTESIAN_POINT('',(-0.31,0.405,0.189));
#14208=CARTESIAN_POINT('',(-0.31,0.405,0.164));
#14209=CARTESIAN_POINT('',(-0.31,0.025,0.164));
#14210=CARTESIAN_POINT('',(-0.31,0.,0.164));
#14211=CARTESIAN_POINT('',(-0.31,0.025,0.));
#14212=CARTESIAN_POINT('',(-0.31,0.025,0.178));
#14213=CARTESIAN_POINT('',(-0.31,0.405,0.178));
#14214=CARTESIAN_POINT('',(-0.31,0.405,0.178));
#14215=CARTESIAN_POINT('',(-0.31,0.405,0.189));
#14216=CARTESIAN_POINT('',(-0.31,0.405,0.189));
#14217=CARTESIAN_POINT('',(-0.31,0.405,0.189));
#14218=CARTESIAN_POINT('',(-0.31,0.,0.189));
#14219=CARTESIAN_POINT('',(-0.31,0.,0.189));
#14220=CARTESIAN_POINT('',(-0.31,0.405,0.189));
#14221=CARTESIAN_POINT('',(-0.31,0.405,-0.164));
#14222=CARTESIAN_POINT('',(-0.31,0.,-0.164));
#14223=CARTESIAN_POINT('',(-0.31,0.025,-0.164));
#14224=CARTESIAN_POINT('',(-0.31,0.,0.189));
#14225=CARTESIAN_POINT('',(-0.31,0.,-0.189));
#14226=CARTESIAN_POINT('',(-0.31,0.405,-0.189));
#14227=CARTESIAN_POINT('',(-0.31,0.405,-0.189));
#14228=CARTESIAN_POINT('',(-0.31,0.405,0.189));
#14229=CARTESIAN_POINT('',(-0.31,0.405,-0.178));
#14230=CARTESIAN_POINT('',(-0.31,0.405,-0.178));
#14231=CARTESIAN_POINT('',(-0.31,0.025,-0.178));
#14232=CARTESIAN_POINT('',(-0.31,0.025,0.));
#14233=CARTESIAN_POINT('',(0.33,0.,0.));
#14234=CARTESIAN_POINT('',(0.33,0.,0.164));
#14235=CARTESIAN_POINT('',(-0.35,0.,0.189));
#14236=CARTESIAN_POINT('',(0.33,0.,0.));
#14237=CARTESIAN_POINT('',(0.33,0.,-0.164));
#14238=CARTESIAN_POINT('',(-0.31,0.,-0.189));
#14239=CARTESIAN_POINT('',(-0.515,0.405,-0.189));
#14240=CARTESIAN_POINT('',(-0.515,0.405,0.164));
#14241=CARTESIAN_POINT('',(-0.515,0.,0.164));
#14242=CARTESIAN_POINT('',(-0.515,0.025,0.164));
#14243=CARTESIAN_POINT('',(-0.515,0.,-0.189));
#14244=CARTESIAN_POINT('',(-0.515,0.,0.189));
#14245=CARTESIAN_POINT('',(-0.515,0.405,0.189));
#14246=CARTESIAN_POINT('',(-0.515,0.405,0.189));
#14247=CARTESIAN_POINT('',(-0.515,0.405,-0.189));
#14248=CARTESIAN_POINT('',(-0.515,0.405,0.178));
#14249=CARTESIAN_POINT('',(-0.515,0.405,0.178));
#14250=CARTESIAN_POINT('',(-0.515,0.025,0.178));
#14251=CARTESIAN_POINT('',(-0.515,0.025,0.));
#14252=CARTESIAN_POINT('',(-0.515,0.405,-0.189));
#14253=CARTESIAN_POINT('',(-0.515,0.405,-0.164));
#14254=CARTESIAN_POINT('',(-0.515,0.025,-0.164));
#14255=CARTESIAN_POINT('',(-0.515,0.,-0.164));
#14256=CARTESIAN_POINT('',(-0.515,0.025,0.));
#14257=CARTESIAN_POINT('',(-0.515,0.025,-0.178));
#14258=CARTESIAN_POINT('',(-0.515,0.405,-0.178));
#14259=CARTESIAN_POINT('',(-0.515,0.405,-0.178));
#14260=CARTESIAN_POINT('',(-0.515,0.405,-0.189));
#14261=CARTESIAN_POINT('',(-0.515,0.405,-0.189));
#14262=CARTESIAN_POINT('',(-0.515,0.405,-0.189));
#14263=CARTESIAN_POINT('',(-0.515,0.,-0.189));
#14264=CARTESIAN_POINT('',(-0.515,0.,-0.189));
#14265=CARTESIAN_POINT('',(-0.475,0.405,0.189));
#14266=CARTESIAN_POINT('',(-0.475,0.405,0.164));
#14267=CARTESIAN_POINT('',(-0.475,0.025,0.164));
#14268=CARTESIAN_POINT('',(-0.475,0.,0.164));
#14269=CARTESIAN_POINT('',(-0.475,0.025,0.));
#14270=CARTESIAN_POINT('',(-0.475,0.025,0.178));
#14271=CARTESIAN_POINT('',(-0.475,0.405,0.178));
#14272=CARTESIAN_POINT('',(-0.475,0.405,0.178));
#14273=CARTESIAN_POINT('',(-0.475,0.405,0.189));
#14274=CARTESIAN_POINT('',(-0.475,0.405,0.189));
#14275=CARTESIAN_POINT('',(-0.475,0.405,0.189));
#14276=CARTESIAN_POINT('',(-0.475,0.,0.189));
#14277=CARTESIAN_POINT('',(-0.475,0.,0.189));
#14278=CARTESIAN_POINT('',(-0.475,0.405,0.189));
#14279=CARTESIAN_POINT('',(-0.475,0.405,-0.164));
#14280=CARTESIAN_POINT('',(-0.475,0.,-0.164));
#14281=CARTESIAN_POINT('',(-0.475,0.025,-0.164));
#14282=CARTESIAN_POINT('',(-0.475,0.,0.189));
#14283=CARTESIAN_POINT('',(-0.475,0.,-0.189));
#14284=CARTESIAN_POINT('',(-0.475,0.405,-0.189));
#14285=CARTESIAN_POINT('',(-0.475,0.405,-0.189));
#14286=CARTESIAN_POINT('',(-0.475,0.405,0.189));
#14287=CARTESIAN_POINT('',(-0.475,0.405,-0.178));
#14288=CARTESIAN_POINT('',(-0.475,0.405,-0.178));
#14289=CARTESIAN_POINT('',(-0.475,0.025,-0.178));
#14290=CARTESIAN_POINT('',(-0.475,0.025,0.));
#14291=CARTESIAN_POINT('',(0.165,0.,0.));
#14292=CARTESIAN_POINT('',(0.165,0.,0.164));
#14293=CARTESIAN_POINT('',(-0.515,0.,0.189));
#14294=CARTESIAN_POINT('',(0.165,0.,0.));
#14295=CARTESIAN_POINT('',(0.165,0.,-0.164));
#14296=CARTESIAN_POINT('',(-0.475,0.,-0.189));
#14297=CARTESIAN_POINT('',(-0.0199999999999999,0.405,-0.189));
#14298=CARTESIAN_POINT('',(-0.0199999999999999,0.405,0.164));
#14299=CARTESIAN_POINT('',(-0.0199999999999999,0.,0.164));
#14300=CARTESIAN_POINT('',(-0.0199999999999999,0.025,0.164));
#14301=CARTESIAN_POINT('',(-0.0199999999999999,0.,-0.189));
#14302=CARTESIAN_POINT('',(-0.0199999999999999,0.,0.189));
#14303=CARTESIAN_POINT('',(-0.0199999999999999,0.405,0.189));
#14304=CARTESIAN_POINT('',(-0.0199999999999999,0.025,0.189));
#14305=CARTESIAN_POINT('',(-0.0199999999999999,0.025,0.));
#14306=CARTESIAN_POINT('',(-0.0199999999999999,0.405,-0.189));
#14307=CARTESIAN_POINT('',(-0.0199999999999999,0.405,-0.164));
#14308=CARTESIAN_POINT('',(-0.0199999999999999,0.025,-0.164));
#14309=CARTESIAN_POINT('',(-0.0199999999999999,0.,-0.164));
#14310=CARTESIAN_POINT('',(-0.0199999999999999,0.025,0.));
#14311=CARTESIAN_POINT('',(-0.0199999999999999,0.025,-0.189));
#14312=CARTESIAN_POINT('',(-0.0199999999999999,0.405,-0.189));
#14313=CARTESIAN_POINT('',(-0.0199999999999999,0.,-0.189));
#14314=CARTESIAN_POINT('',(-0.0199999999999999,0.,-0.189));
#14315=CARTESIAN_POINT('',(0.0200000000000001,0.405,0.189));
#14316=CARTESIAN_POINT('',(0.0200000000000001,0.405,0.164));
#14317=CARTESIAN_POINT('',(0.0200000000000001,0.025,0.164));
#14318=CARTESIAN_POINT('',(0.0200000000000001,0.,0.164));
#14319=CARTESIAN_POINT('',(0.0200000000000001,0.025,0.));
#14320=CARTESIAN_POINT('',(0.0200000000000001,0.025,0.189));
#14321=CARTESIAN_POINT('',(0.0200000000000001,0.405,0.189));
#14322=CARTESIAN_POINT('',(0.0200000000000001,0.,0.189));
#14323=CARTESIAN_POINT('',(0.0200000000000001,0.,0.189));
#14324=CARTESIAN_POINT('',(0.0200000000000001,0.405,0.189));
#14325=CARTESIAN_POINT('',(0.0200000000000001,0.405,-0.164));
#14326=CARTESIAN_POINT('',(0.0200000000000001,0.,-0.164));
#14327=CARTESIAN_POINT('',(0.0200000000000001,0.025,-0.164));
#14328=CARTESIAN_POINT('',(0.0200000000000001,0.,0.189));
#14329=CARTESIAN_POINT('',(0.0200000000000001,0.,-0.189));
#14330=CARTESIAN_POINT('',(0.0200000000000001,0.405,-0.189));
#14331=CARTESIAN_POINT('',(0.0200000000000001,0.025,-0.189));
#14332=CARTESIAN_POINT('',(0.0200000000000001,0.025,0.));
#14333=CARTESIAN_POINT('',(0.66,0.,0.));
#14334=CARTESIAN_POINT('',(0.66,0.,0.164));
#14335=CARTESIAN_POINT('',(-0.0199999999999999,0.,0.189));
#14336=CARTESIAN_POINT('',(0.66,0.,0.));
#14337=CARTESIAN_POINT('',(0.66,0.,-0.164));
#14338=CARTESIAN_POINT('',(0.0200000000000001,0.,-0.189));
#14339=CARTESIAN_POINT('',(-0.801500000000001,0.405,0.178));
#14340=CARTESIAN_POINT('',(-0.801500000000001,0.405,0.178));
#14341=CARTESIAN_POINT('',(-0.801500000000001,0.025,0.178));
#14342=CARTESIAN_POINT('',(-0.801500000000001,0.405,0.178));
#14343=CARTESIAN_POINT('',(-0.801500000000001,0.025,0.178));
#14344=CARTESIAN_POINT('',(-0.801500000000001,0.405,0.178));
#14345=CARTESIAN_POINT('',(-0.801500000000001,0.405,0.178));
#14346=CARTESIAN_POINT('',(-0.801500000000001,0.025,0.178));
#14347=CARTESIAN_POINT('',(-0.801500000000001,0.405,0.178));
#14348=CARTESIAN_POINT('',(-0.801500000000001,0.405,0.178));
#14349=CARTESIAN_POINT('',(-0.801500000000001,0.025,0.178));
#14350=CARTESIAN_POINT('',(-0.102499999999999,0.025,0.178));
#14351=CARTESIAN_POINT('',(-0.102499999999999,0.405,0.178));
#14352=CARTESIAN_POINT('',(-0.102499999999999,0.405,0.178));
#14353=CARTESIAN_POINT('',(-0.801500000000001,0.405,0.178));
#14354=CARTESIAN_POINT('',(-0.102499999999999,0.405,-0.178));
#14355=CARTESIAN_POINT('',(-0.102499999999999,0.025,-0.178));
#14356=CARTESIAN_POINT('',(-0.102499999999999,0.405,-0.178));
#14357=CARTESIAN_POINT('',(-0.102499999999999,0.405,-0.178));
#14358=CARTESIAN_POINT('',(-0.102499999999999,0.405,-0.178));
#14359=CARTESIAN_POINT('',(-0.102499999999999,0.025,-0.178));
#14360=CARTESIAN_POINT('',(-0.102499999999999,0.405,-0.178));
#14361=CARTESIAN_POINT('',(-0.102499999999999,0.405,-0.178));
#14362=CARTESIAN_POINT('',(-0.102499999999999,0.025,-0.178));
#14363=CARTESIAN_POINT('',(-0.102499999999999,0.405,-0.178));
#14364=CARTESIAN_POINT('',(-0.102499999999999,0.405,-0.178));
#14365=CARTESIAN_POINT('',(-0.102499999999999,0.405,-0.178));
#14366=CARTESIAN_POINT('',(-0.102499999999999,0.405,-0.178));
#14367=CARTESIAN_POINT('',(-0.102499999999999,0.025,-0.178));
#14368=CARTESIAN_POINT('',(-0.102499999999999,0.025,-0.178));
#14369=CARTESIAN_POINT('',(0.102499999999999,0.405,0.178));
#14370=CARTESIAN_POINT('',(0.102499999999999,0.405,0.178));
#14371=CARTESIAN_POINT('',(0.102499999999999,0.405,0.178));
#14372=CARTESIAN_POINT('',(0.102499999999999,0.405,0.178));
#14373=CARTESIAN_POINT('',(0.102499999999999,0.025,0.178));
#14374=CARTESIAN_POINT('',(0.102499999999999,0.025,0.178));
#14375=CARTESIAN_POINT('',(0.102499999999999,0.405,0.178));
#14376=CARTESIAN_POINT('',(0.102499999999999,0.025,0.178));
#14377=CARTESIAN_POINT('',(0.102499999999999,0.405,0.178));
#14378=CARTESIAN_POINT('',(0.102499999999999,0.405,0.178));
#14379=CARTESIAN_POINT('',(0.102499999999999,0.025,0.178));
#14380=CARTESIAN_POINT('',(0.102499999999999,0.405,0.178));
#14381=CARTESIAN_POINT('',(0.102499999999999,0.405,0.178));
#14382=CARTESIAN_POINT('',(0.102499999999999,0.025,0.178));
#14383=CARTESIAN_POINT('',(0.102499999999999,0.405,0.178));
#14384=CARTESIAN_POINT('',(0.102499999999999,0.405,0.178));
#14385=CARTESIAN_POINT('',(0.102499999999999,0.025,0.178));
#14386=CARTESIAN_POINT('',(0.8015,0.025,0.178));
#14387=CARTESIAN_POINT('',(0.8015,0.405,0.178));
#14388=CARTESIAN_POINT('',(0.8015,0.405,0.178));
#14389=CARTESIAN_POINT('',(0.102499999999999,0.405,0.178));
#14390=CARTESIAN_POINT('',(0.8015,0.405,-0.178));
#14391=CARTESIAN_POINT('',(0.8015,0.025,-0.178));
#14392=CARTESIAN_POINT('',(0.102499999999999,0.025,-0.178));
#14393=CARTESIAN_POINT('',(0.102499999999999,0.405,-0.178));
#14394=CARTESIAN_POINT('',(0.102499999999999,0.405,-0.178));
#14395=CARTESIAN_POINT('',(0.8015,0.405,-0.178));
#14396=CARTESIAN_POINT('',(0.8015,0.405,-0.178));
#14397=CARTESIAN_POINT('',(0.8015,0.405,-0.178));
#14398=CARTESIAN_POINT('',(0.8015,0.025,-0.178));
#14399=CARTESIAN_POINT('',(0.8015,0.405,-0.178));
#14400=CARTESIAN_POINT('',(0.8015,0.405,-0.178));
#14401=CARTESIAN_POINT('',(0.8015,0.025,-0.178));
#14402=CARTESIAN_POINT('',(0.8015,0.405,-0.178));
#14403=CARTESIAN_POINT('',(0.8015,0.405,-0.178));
#14404=CARTESIAN_POINT('',(0.8015,0.025,-0.178));
#14405=CARTESIAN_POINT('',(0.8015,0.405,-0.178));
#14406=CARTESIAN_POINT('',(0.8015,0.405,-0.178));
#14407=CARTESIAN_POINT('',(0.8015,0.405,-0.178));
#14408=CARTESIAN_POINT('',(0.8015,0.405,-0.178));
#14409=CARTESIAN_POINT('',(0.8015,0.025,-0.178));
#14410=CARTESIAN_POINT('',(0.8015,0.025,-0.178));
#14411=CARTESIAN_POINT('',(0.,0.025,0.));
#14412=CARTESIAN_POINT('',(-0.8015,0.025,-0.178));
#14413=CARTESIAN_POINT('',(-0.8015,0.025,-0.178));
#14414=CARTESIAN_POINT('',(-0.102499999999999,0.025,-0.178));
#14415=CARTESIAN_POINT('',(0.8515,0.025,-0.164));
#14416=CARTESIAN_POINT('',(0.8515,0.025,-0.164));
#14417=CARTESIAN_POINT('',(0.8515,0.025,-0.164));
#14418=CARTESIAN_POINT('',(0.8515,0.025,-0.164));
#14419=CARTESIAN_POINT('',(-0.102499999999999,0.025,-0.189));
#14420=CARTESIAN_POINT('',(-0.102499999999999,0.025,-0.189));
#14421=CARTESIAN_POINT('',(0.102499999999999,0.025,-0.189));
#14422=CARTESIAN_POINT('',(0.8515,0.025,-0.164));
#14423=CARTESIAN_POINT('',(0.102499999999999,0.025,-0.189));
#14424=CARTESIAN_POINT('',(0.102499999999999,0.025,-0.189));
#14425=CARTESIAN_POINT('',(0.102499999999999,0.025,-0.178));
#14426=CARTESIAN_POINT('',(0.8515,0.025,-0.164));
#14427=CARTESIAN_POINT('',(0.8515,0.025,-0.164));
#14428=CARTESIAN_POINT('',(0.8515,0.025,-0.164));
#14429=CARTESIAN_POINT('',(0.8515,0.025,-0.164));
#14430=CARTESIAN_POINT('',(0.8015,0.025,-0.212));
#14431=CARTESIAN_POINT('',(2.,0.025,-0.189));
#14432=CARTESIAN_POINT('',(0.8015,0.025,0.212));
#14433=CARTESIAN_POINT('',(0.8015,0.025,0.212));
#14434=CARTESIAN_POINT('',(0.8015,0.025,0.178));
#14435=CARTESIAN_POINT('',(0.8515,0.025,0.164));
#14436=CARTESIAN_POINT('',(0.8515,0.025,0.164));
#14437=CARTESIAN_POINT('',(0.8515,0.025,0.164));
#14438=CARTESIAN_POINT('',(0.8515,0.025,0.164));
#14439=CARTESIAN_POINT('',(0.102499999999999,0.025,0.189));
#14440=CARTESIAN_POINT('',(0.102499999999999,0.025,0.189));
#14441=CARTESIAN_POINT('',(-0.102499999999999,0.025,0.189));
#14442=CARTESIAN_POINT('',(0.8515,0.025,0.164));
#14443=CARTESIAN_POINT('',(-0.102499999999999,0.025,0.189));
#14444=CARTESIAN_POINT('',(-0.102499999999999,0.025,0.189));
#14445=CARTESIAN_POINT('',(-0.102499999999999,0.025,0.178));
#14446=CARTESIAN_POINT('',(0.8515,0.025,0.164));
#14447=CARTESIAN_POINT('',(0.8515,0.025,0.164));
#14448=CARTESIAN_POINT('',(0.8515,0.025,0.164));
#14449=CARTESIAN_POINT('',(0.8515,0.025,0.164));
#14450=CARTESIAN_POINT('',(-0.801500000000001,0.025,0.178));
#14451=CARTESIAN_POINT('',(-0.801500000000001,0.025,0.178));
#14452=CARTESIAN_POINT('',(-0.8015,0.025,0.212));
#14453=CARTESIAN_POINT('',(-0.8015,0.025,0.212));
#14454=CARTESIAN_POINT('',(-1.0665,0.025,0.212));
#14455=CARTESIAN_POINT('',(2.,0.025,-0.189));
#14456=CARTESIAN_POINT('',(-0.801500000000001,0.405,0.178));
#14457=CARTESIAN_POINT('',(-0.801500000000001,0.405,0.178));
#14458=CARTESIAN_POINT('',(-0.801500000000001,0.405,0.178));
#14459=CARTESIAN_POINT('',(-0.801500000000001,0.405,0.178));
#14460=CARTESIAN_POINT('',(-0.102499999999999,0.405,-0.178));
#14461=CARTESIAN_POINT('',(-0.8015,0.405,-0.178));
#14462=CARTESIAN_POINT('',(-0.8015,0.405,-0.178));
#14463=CARTESIAN_POINT('',(-0.102499999999999,0.405,-0.178));
#14464=CARTESIAN_POINT('',(0.,0.405,0.));
#14465=CARTESIAN_POINT('',(-0.505,0.405,-0.155));
#14466=CARTESIAN_POINT('',(-0.505,0.405,-0.155));
#14467=CARTESIAN_POINT('',(-0.65,0.405,-0.155));
#14468=CARTESIAN_POINT('',(-0.505,0.405,-0.01));
#14469=CARTESIAN_POINT('',(-0.505,0.405,-0.01));
#14470=CARTESIAN_POINT('',(-0.65,0.405,-0.01));
#14471=CARTESIAN_POINT('',(-0.65,0.405,-0.01));
#14472=CARTESIAN_POINT('',(-0.65,0.405,-0.155));
#14473=CARTESIAN_POINT('',(-0.34,0.405,0.01));
#14474=CARTESIAN_POINT('',(-0.34,0.405,0.01));
#14475=CARTESIAN_POINT('',(-0.485,0.405,0.01));
#14476=CARTESIAN_POINT('',(-0.34,0.405,0.155));
#14477=CARTESIAN_POINT('',(-0.34,0.405,0.155));
#14478=CARTESIAN_POINT('',(-0.485,0.405,0.155));
#14479=CARTESIAN_POINT('',(-0.485,0.405,0.155));
#14480=CARTESIAN_POINT('',(-0.485,0.405,0.01));
#14481=CARTESIAN_POINT('',(-0.34,0.405,-0.155));
#14482=CARTESIAN_POINT('',(-0.34,0.405,-0.155));
#14483=CARTESIAN_POINT('',(-0.485,0.405,-0.155));
#14484=CARTESIAN_POINT('',(-0.34,0.405,-0.01));
#14485=CARTESIAN_POINT('',(-0.34,0.405,-0.01));
#14486=CARTESIAN_POINT('',(-0.485,0.405,-0.01));
#14487=CARTESIAN_POINT('',(-0.485,0.405,-0.01));
#14488=CARTESIAN_POINT('',(-0.485,0.405,-0.155));
#14489=CARTESIAN_POINT('',(-0.175,0.405,0.01));
#14490=CARTESIAN_POINT('',(-0.175,0.405,0.01));
#14491=CARTESIAN_POINT('',(-0.32,0.405,0.01));
#14492=CARTESIAN_POINT('',(-0.175,0.405,0.155));
#14493=CARTESIAN_POINT('',(-0.175,0.405,0.155));
#14494=CARTESIAN_POINT('',(-0.32,0.405,0.155));
#14495=CARTESIAN_POINT('',(-0.32,0.405,0.155));
#14496=CARTESIAN_POINT('',(-0.32,0.405,0.01));
#14497=CARTESIAN_POINT('',(-0.175,0.405,-0.155));
#14498=CARTESIAN_POINT('',(-0.175,0.405,-0.155));
#14499=CARTESIAN_POINT('',(-0.32,0.405,-0.155));
#14500=CARTESIAN_POINT('',(-0.175,0.405,-0.01));
#14501=CARTESIAN_POINT('',(-0.175,0.405,-0.01));
#14502=CARTESIAN_POINT('',(-0.32,0.405,-0.01));
#14503=CARTESIAN_POINT('',(-0.32,0.405,-0.01));
#14504=CARTESIAN_POINT('',(-0.32,0.405,-0.155));
#14505=CARTESIAN_POINT('',(-0.00999999999999996,0.405,0.01));
#14506=CARTESIAN_POINT('',(-0.00999999999999996,0.405,0.01));
#14507=CARTESIAN_POINT('',(-0.155,0.405,0.01));
#14508=CARTESIAN_POINT('',(-0.00999999999999996,0.405,0.155));
#14509=CARTESIAN_POINT('',(-0.00999999999999996,0.405,0.155));
#14510=CARTESIAN_POINT('',(-0.155,0.405,0.155));
#14511=CARTESIAN_POINT('',(-0.155,0.405,0.155));
#14512=CARTESIAN_POINT('',(-0.155,0.405,0.01));
#14513=CARTESIAN_POINT('',(-0.00999999999999996,0.405,-0.155));
#14514=CARTESIAN_POINT('',(-0.00999999999999996,0.405,-0.155));
#14515=CARTESIAN_POINT('',(-0.155,0.405,-0.155));
#14516=CARTESIAN_POINT('',(-0.00999999999999996,0.405,-0.01));
#14517=CARTESIAN_POINT('',(-0.00999999999999996,0.405,-0.01));
#14518=CARTESIAN_POINT('',(-0.155,0.405,-0.01));
#14519=CARTESIAN_POINT('',(-0.155,0.405,-0.01));
#14520=CARTESIAN_POINT('',(-0.155,0.405,-0.155));
#14521=CARTESIAN_POINT('',(0.155,0.405,0.01));
#14522=CARTESIAN_POINT('',(0.155,0.405,0.01));
#14523=CARTESIAN_POINT('',(0.01,0.405,0.01));
#14524=CARTESIAN_POINT('',(0.155,0.405,0.155));
#14525=CARTESIAN_POINT('',(0.155,0.405,0.155));
#14526=CARTESIAN_POINT('',(0.01,0.405,0.155));
#14527=CARTESIAN_POINT('',(0.01,0.405,0.155));
#14528=CARTESIAN_POINT('',(0.01,0.405,0.01));
#14529=CARTESIAN_POINT('',(0.155,0.405,-0.155));
#14530=CARTESIAN_POINT('',(0.155,0.405,-0.155));
#14531=CARTESIAN_POINT('',(0.01,0.405,-0.155));
#14532=CARTESIAN_POINT('',(0.155,0.405,-0.01));
#14533=CARTESIAN_POINT('',(0.155,0.405,-0.01));
#14534=CARTESIAN_POINT('',(0.01,0.405,-0.01));
#14535=CARTESIAN_POINT('',(0.01,0.405,-0.01));
#14536=CARTESIAN_POINT('',(0.01,0.405,-0.155));
#14537=CARTESIAN_POINT('',(0.32,0.405,0.01));
#14538=CARTESIAN_POINT('',(0.32,0.405,0.01));
#14539=CARTESIAN_POINT('',(0.175,0.405,0.01));
#14540=CARTESIAN_POINT('',(0.32,0.405,0.155));
#14541=CARTESIAN_POINT('',(0.32,0.405,0.155));
#14542=CARTESIAN_POINT('',(0.175,0.405,0.155));
#14543=CARTESIAN_POINT('',(0.175,0.405,0.155));
#14544=CARTESIAN_POINT('',(0.175,0.405,0.01));
#14545=CARTESIAN_POINT('',(0.32,0.405,-0.155));
#14546=CARTESIAN_POINT('',(0.32,0.405,-0.155));
#14547=CARTESIAN_POINT('',(0.175,0.405,-0.155));
#14548=CARTESIAN_POINT('',(0.32,0.405,-0.01));
#14549=CARTESIAN_POINT('',(0.32,0.405,-0.01));
#14550=CARTESIAN_POINT('',(0.175,0.405,-0.01));
#14551=CARTESIAN_POINT('',(0.175,0.405,-0.01));
#14552=CARTESIAN_POINT('',(0.175,0.405,-0.155));
#14553=CARTESIAN_POINT('',(0.485,0.405,0.01));
#14554=CARTESIAN_POINT('',(0.485,0.405,0.01));
#14555=CARTESIAN_POINT('',(0.34,0.405,0.01));
#14556=CARTESIAN_POINT('',(0.485,0.405,0.155));
#14557=CARTESIAN_POINT('',(0.485,0.405,0.155));
#14558=CARTESIAN_POINT('',(0.34,0.405,0.155));
#14559=CARTESIAN_POINT('',(0.34,0.405,0.155));
#14560=CARTESIAN_POINT('',(0.34,0.405,0.01));
#14561=CARTESIAN_POINT('',(0.485,0.405,-0.155));
#14562=CARTESIAN_POINT('',(0.485,0.405,-0.155));
#14563=CARTESIAN_POINT('',(0.34,0.405,-0.155));
#14564=CARTESIAN_POINT('',(0.485,0.405,-0.01));
#14565=CARTESIAN_POINT('',(0.485,0.405,-0.01));
#14566=CARTESIAN_POINT('',(0.34,0.405,-0.01));
#14567=CARTESIAN_POINT('',(0.34,0.405,-0.01));
#14568=CARTESIAN_POINT('',(0.34,0.405,-0.155));
#14569=CARTESIAN_POINT('',(0.65,0.405,0.01));
#14570=CARTESIAN_POINT('',(0.65,0.405,0.01));
#14571=CARTESIAN_POINT('',(0.505,0.405,0.01));
#14572=CARTESIAN_POINT('',(0.65,0.405,0.155));
#14573=CARTESIAN_POINT('',(0.65,0.405,0.155));
#14574=CARTESIAN_POINT('',(0.505,0.405,0.155));
#14575=CARTESIAN_POINT('',(0.505,0.405,0.155));
#14576=CARTESIAN_POINT('',(0.505,0.405,0.01));
#14577=CARTESIAN_POINT('',(0.65,0.405,-0.155));
#14578=CARTESIAN_POINT('',(0.65,0.405,-0.155));
#14579=CARTESIAN_POINT('',(0.505,0.405,-0.155));
#14580=CARTESIAN_POINT('',(0.65,0.405,-0.01));
#14581=CARTESIAN_POINT('',(0.65,0.405,-0.01));
#14582=CARTESIAN_POINT('',(0.505,0.405,-0.01));
#14583=CARTESIAN_POINT('',(0.505,0.405,-0.01));
#14584=CARTESIAN_POINT('',(0.505,0.405,-0.155));
#14585=CARTESIAN_POINT('',(-0.505,0.405,0.01));
#14586=CARTESIAN_POINT('',(-0.505,0.405,0.01));
#14587=CARTESIAN_POINT('',(-0.65,0.405,0.01));
#14588=CARTESIAN_POINT('',(-0.505,0.405,0.155));
#14589=CARTESIAN_POINT('',(-0.505,0.405,0.155));
#14590=CARTESIAN_POINT('',(-0.65,0.405,0.155));
#14591=CARTESIAN_POINT('',(-0.65,0.405,0.155));
#14592=CARTESIAN_POINT('',(-0.65,0.405,0.01));
#14593=CARTESIAN_POINT('',(0.66975,0.405,-0.155));
#14594=CARTESIAN_POINT('',(0.66975,0.405,-0.155));
#14595=CARTESIAN_POINT('',(0.66975,0.405,-0.01));
#14596=CARTESIAN_POINT('',(0.79475,0.405,-0.155));
#14597=CARTESIAN_POINT('',(0.79475,0.405,-0.155));
#14598=CARTESIAN_POINT('',(0.83475,0.405,-0.115));
#14599=CARTESIAN_POINT('',(0.83475,0.405,-0.115));
#14600=CARTESIAN_POINT('',(0.83475,0.405,-0.05));
#14601=CARTESIAN_POINT('',(0.83475,0.405,-0.05));
#14602=CARTESIAN_POINT('',(0.79475,0.405,-0.01));
#14603=CARTESIAN_POINT('',(0.79475,0.405,-0.01));
#14604=CARTESIAN_POINT('',(0.66975,0.405,-0.01));
#14605=CARTESIAN_POINT('',(-0.79475,0.405,-0.155));
#14606=CARTESIAN_POINT('',(-0.79475,0.405,-0.155));
#14607=CARTESIAN_POINT('',(-0.83475,0.405,-0.115));
#14608=CARTESIAN_POINT('',(-0.66975,0.405,-0.155));
#14609=CARTESIAN_POINT('',(-0.66975,0.405,-0.155));
#14610=CARTESIAN_POINT('',(-0.66975,0.405,-0.01));
#14611=CARTESIAN_POINT('',(-0.66975,0.405,-0.01));
#14612=CARTESIAN_POINT('',(-0.79475,0.405,-0.01));
#14613=CARTESIAN_POINT('',(-0.79475,0.405,-0.01));
#14614=CARTESIAN_POINT('',(-0.83475,0.405,-0.05));
#14615=CARTESIAN_POINT('',(-0.83475,0.405,-0.05));
#14616=CARTESIAN_POINT('',(-0.83475,0.405,-0.115));
#14617=CARTESIAN_POINT('',(0.70975,0.405,0.01));
#14618=CARTESIAN_POINT('',(0.70975,0.405,0.01));
#14619=CARTESIAN_POINT('',(0.66975,0.405,0.05));
#14620=CARTESIAN_POINT('',(0.83475,0.405,0.01));
#14621=CARTESIAN_POINT('',(0.83475,0.405,0.01));
#14622=CARTESIAN_POINT('',(0.83475,0.405,0.155));
#14623=CARTESIAN_POINT('',(0.83475,0.405,0.155));
#14624=CARTESIAN_POINT('',(0.66975,0.405,0.155));
#14625=CARTESIAN_POINT('',(0.66975,0.405,0.155));
#14626=CARTESIAN_POINT('',(0.66975,0.405,0.05));
#14627=CARTESIAN_POINT('',(-0.70975,0.405,0.01));
#14628=CARTESIAN_POINT('',(-0.70975,0.405,0.01));
#14629=CARTESIAN_POINT('',(-0.83475,0.405,0.01));
#14630=CARTESIAN_POINT('',(-0.66975,0.405,0.05));
#14631=CARTESIAN_POINT('',(-0.66975,0.405,0.05));
#14632=CARTESIAN_POINT('',(-0.66975,0.405,0.155));
#14633=CARTESIAN_POINT('',(-0.66975,0.405,0.155));
#14634=CARTESIAN_POINT('',(-0.83475,0.405,0.155));
#14635=CARTESIAN_POINT('',(-0.83475,0.405,0.155));
#14636=CARTESIAN_POINT('',(-0.83475,0.405,0.01));
#14637=CARTESIAN_POINT('',(0.102499999999999,0.405,-0.178));
#14638=CARTESIAN_POINT('',(0.102499999999999,0.405,-0.189));
#14639=CARTESIAN_POINT('',(0.102499999999999,0.405,-0.189));
#14640=CARTESIAN_POINT('',(-0.102499999999999,0.405,-0.189));
#14641=CARTESIAN_POINT('',(-0.102499999999999,0.405,-0.189));
#14642=CARTESIAN_POINT('',(-0.31,0.405,-0.189));
#14643=CARTESIAN_POINT('',(-0.475,0.405,-0.189));
#14644=CARTESIAN_POINT('',(-0.64,0.405,-0.189));
#14645=CARTESIAN_POINT('',(-0.8015,0.405,-0.178));
#14646=CARTESIAN_POINT('',(-1.0665,0.405,0.212));
#14647=CARTESIAN_POINT('',(-0.8015,0.405,0.212));
#14648=CARTESIAN_POINT('',(-0.8015,0.405,0.212));
#14649=CARTESIAN_POINT('',(-0.68,0.405,0.189));
#14650=CARTESIAN_POINT('',(-0.515,0.405,0.189));
#14651=CARTESIAN_POINT('',(-0.35,0.405,0.189));
#14652=CARTESIAN_POINT('',(-0.185,0.405,0.189));
#14653=CARTESIAN_POINT('',(-0.102499999999999,0.405,0.178));
#14654=CARTESIAN_POINT('',(-0.1025,0.405,0.188999995322188));
#14655=CARTESIAN_POINT('',(-0.102499999999999,0.405,0.189));
#14656=CARTESIAN_POINT('',(0.102499999999999,0.405,0.189));
#14657=CARTESIAN_POINT('',(0.102499999999999,0.405,0.189));
#14658=CARTESIAN_POINT('',(0.145,0.405,0.189));
#14659=CARTESIAN_POINT('',(0.31,0.405,0.189));
#14660=CARTESIAN_POINT('',(0.475,0.405,0.189));
#14661=CARTESIAN_POINT('',(0.64,0.405,0.189));
#14662=CARTESIAN_POINT('',(0.8015,0.405,0.178));
#14663=CARTESIAN_POINT('',(0.8015,0.405,0.212));
#14664=CARTESIAN_POINT('',(0.8015,0.405,0.212));
#14665=CARTESIAN_POINT('',(0.8015,0.405,-0.212));
#14666=CARTESIAN_POINT('',(0.68,0.405,-0.189));
#14667=CARTESIAN_POINT('',(0.515,0.405,-0.189));
#14668=CARTESIAN_POINT('',(0.35,0.405,-0.189));
#14669=CARTESIAN_POINT('',(0.865,0.405,-0.03));
#14670=CARTESIAN_POINT('',(0.865,0.405,-0.03));
#14671=CARTESIAN_POINT('',(0.865,0.405,0.03));
#14672=CARTESIAN_POINT('',(0.89,0.405,-0.0299999999999999));
#14673=CARTESIAN_POINT('',(0.89,0.405,-0.055));
#14674=CARTESIAN_POINT('',(1.,0.405,-0.055));
#14675=CARTESIAN_POINT('',(1.,0.405,-0.055));
#14676=CARTESIAN_POINT('',(1.,0.405,-0.0300000000000001));
#14677=CARTESIAN_POINT('',(1.025,0.405,-0.03));
#14678=CARTESIAN_POINT('',(1.025,0.405,0.03));
#14679=CARTESIAN_POINT('',(1.025,0.405,0.03));
#14680=CARTESIAN_POINT('',(1.,0.405,0.0300000000000001));
#14681=CARTESIAN_POINT('',(1.,0.405,0.055));
#14682=CARTESIAN_POINT('',(0.89,0.405,0.055));
#14683=CARTESIAN_POINT('',(0.89,0.405,0.0549999999999999));
#14684=CARTESIAN_POINT('',(0.89,0.405,0.0299999999999999));
#14685=CARTESIAN_POINT('',(-0.945,0.405,0.));
#14686=CARTESIAN_POINT('',(-0.945,0.405,-0.0925));
#14687=CARTESIAN_POINT('',(-0.102499999999999,0.405,0.189));
#14688=CARTESIAN_POINT('',(0.102499999999999,0.405,0.189));
#14689=CARTESIAN_POINT('',(0.1025,0.295,0.189));
#14690=CARTESIAN_POINT('',(-0.102499999999999,0.295,0.189));
#14691=CARTESIAN_POINT('',(-0.1025,0.295,0.189));
#14692=CARTESIAN_POINT('',(-0.102499999999999,0.405,0.189));
#14693=CARTESIAN_POINT('',(-1.0665,0.405,0.212));
#14694=CARTESIAN_POINT('',(-0.8015,0.405,0.212));
#14695=CARTESIAN_POINT('',(-0.8015,0.405,0.212));
#14696=CARTESIAN_POINT('',(-0.102499999999999,0.405,0.178));
#14697=CARTESIAN_POINT('',(-0.1025,0.295,0.239));
#14698=CARTESIAN_POINT('',(-0.1025,0.295,0.239));
#14699=CARTESIAN_POINT('',(-0.1025,0.33,0.239));
#14700=CARTESIAN_POINT('',(-0.1025,0.33,0.239));
#14701=CARTESIAN_POINT('',(-0.1025,0.405,0.188999995322188));
#14702=CARTESIAN_POINT('',(0.102499999999999,0.405,0.189));
#14703=CARTESIAN_POINT('',(0.1025,0.405,0.188999995322188));
#14704=CARTESIAN_POINT('',(0.1025,0.33,0.239));
#14705=CARTESIAN_POINT('',(0.1025,0.33,0.239));
#14706=CARTESIAN_POINT('',(0.1025,0.295,0.239));
#14707=CARTESIAN_POINT('',(0.1025,0.295,0.239));
#14708=CARTESIAN_POINT('',(0.8015,0.405,0.178));
#14709=CARTESIAN_POINT('',(0.8015,0.405,0.212));
#14710=CARTESIAN_POINT('',(0.8015,0.405,0.212));
#14711=CARTESIAN_POINT('',(0.8015,0.405,-0.212));
#14712=CARTESIAN_POINT('',(0.102499999999999,0.405,-0.178));
#14713=CARTESIAN_POINT('',(0.102499999999999,0.405,-0.189));
#14714=CARTESIAN_POINT('',(0.102499999999999,0.405,-0.189));
#14715=CARTESIAN_POINT('',(-0.102499999999999,0.405,-0.189));
#14716=CARTESIAN_POINT('',(-0.102499999999999,0.405,-0.189));
#14717=CARTESIAN_POINT('',(-0.8015,0.405,-0.178));
#14718=CARTESIAN_POINT('',(0.1025,0.295,0.239));
#14719=CARTESIAN_POINT('',(0.1025,0.295,0.239));
#14720=CARTESIAN_POINT('',(0.1025,0.33,0.239));
#14721=CARTESIAN_POINT('',(0.1025,0.33,0.239));
#14722=CARTESIAN_POINT('',(0.1025,0.405,0.188999995322188));
#14723=CARTESIAN_POINT('',(-0.945,0.405,0.));
#14724=CARTESIAN_POINT('',(-0.945,0.38,0.));
#14725=CARTESIAN_POINT('',(-0.945,0.38,-0.0675));
#14726=CARTESIAN_POINT('',(-0.945,0.,0.));
#14727=CARTESIAN_POINT('',(0.89,0.405,-0.0299999999999999));
#14728=CARTESIAN_POINT('',(0.89,0.405,-0.055));
#14729=CARTESIAN_POINT('',(0.865,0.405,-0.03));
#14730=CARTESIAN_POINT('',(0.865,0.405,-0.03));
#14731=CARTESIAN_POINT('',(0.865,0.405,0.03));
#14732=CARTESIAN_POINT('',(0.89,0.405,0.0299999999999999));
#14733=CARTESIAN_POINT('',(0.89,0.405,0.0549999999999999));
#14734=CARTESIAN_POINT('',(0.89,0.405,0.055));
#14735=CARTESIAN_POINT('',(1.,0.405,0.055));
#14736=CARTESIAN_POINT('',(1.,0.405,0.0300000000000001));
#14737=CARTESIAN_POINT('',(1.025,0.405,0.03));
#14738=CARTESIAN_POINT('',(1.025,0.405,0.03));
#14739=CARTESIAN_POINT('',(1.025,0.405,-0.03));
#14740=CARTESIAN_POINT('',(1.,0.405,-0.0300000000000001));
#14741=CARTESIAN_POINT('',(1.,0.405,-0.055));
#14742=CARTESIAN_POINT('',(1.,0.405,-0.055));
#14743=CARTESIAN_POINT('',(-0.68,0.405,0.189));
#14744=CARTESIAN_POINT('',(-0.64,0.405,-0.189));
#14745=CARTESIAN_POINT('',(0.64,0.405,0.189));
#14746=CARTESIAN_POINT('',(0.68,0.405,-0.189));
#14747=CARTESIAN_POINT('',(0.475,0.405,0.189));
#14748=CARTESIAN_POINT('',(0.515,0.405,-0.189));
#14749=CARTESIAN_POINT('',(0.31,0.405,0.189));
#14750=CARTESIAN_POINT('',(0.35,0.405,-0.189));
#14751=CARTESIAN_POINT('',(0.145,0.405,0.189));
#14752=CARTESIAN_POINT('',(-0.185,0.405,0.189));
#14753=CARTESIAN_POINT('',(-0.35,0.405,0.189));
#14754=CARTESIAN_POINT('',(-0.31,0.405,-0.189));
#14755=CARTESIAN_POINT('',(-0.515,0.405,0.189));
#14756=CARTESIAN_POINT('',(-0.475,0.405,-0.189));
#14757=CARTESIAN_POINT('',(0.8515,-0.005,-0.164));
#14758=CARTESIAN_POINT('',(0.8515,0.025,0.164));
#14759=CARTESIAN_POINT('',(0.8515,-0.005,-0.164));
#14760=CARTESIAN_POINT('',(0.8515,0.025,0.164));
#14761=CARTESIAN_POINT('',(0.8515,-0.005,-0.164));
#14762=CARTESIAN_POINT('',(0.8515,0.025,0.164));
#14763=CARTESIAN_POINT('',(0.8515,-0.005,-0.164));
#14764=CARTESIAN_POINT('',(0.8515,0.025,0.164));
#14765=CARTESIAN_POINT('',(0.8515,-0.005,-0.164));
#14766=CARTESIAN_POINT('',(0.8515,0.025,0.164));
#14767=CARTESIAN_POINT('',(0.8515,-0.005,-0.164));
#14768=CARTESIAN_POINT('',(0.8515,0.025,0.164));
#14769=CARTESIAN_POINT('',(0.8515,-0.005,-0.164));
#14770=CARTESIAN_POINT('',(0.8515,0.025,0.164));
#14771=CARTESIAN_POINT('',(0.8515,-0.005,-0.164));
#14772=CARTESIAN_POINT('',(0.8515,0.025,0.164));
#14773=CARTESIAN_POINT('',(0.8515,0.025,0.164));
#14774=CARTESIAN_POINT('',(0.8515,-0.005,-0.164));
#14775=CARTESIAN_POINT('',(2.,0.025,-0.289));
#14776=CARTESIAN_POINT('',(2.,0.025,-0.189));
#14777=CARTESIAN_POINT('',(2.,0.025,-0.189));
#14778=CARTESIAN_POINT('',(2.,0.025,-0.289));
#14779=CARTESIAN_POINT('',(2.,0.025,-0.189));
#14780=CARTESIAN_POINT('',(2.,0.025,-0.189));
#14781=CARTESIAN_POINT('',(2.,0.025,-0.189));
#14782=CARTESIAN_POINT('',(2.,0.025,-0.189));
#14783=CARTESIAN_POINT('',(-0.70975,0.12,0.01));
#14784=CARTESIAN_POINT('',(-0.83475,0.12,0.01));
#14785=CARTESIAN_POINT('',(-0.83475,0.12,0.01));
#14786=CARTESIAN_POINT('',(-0.70975,0.12,0.01));
#14787=CARTESIAN_POINT('',(-0.70975,0.12,0.01));
#14788=CARTESIAN_POINT('',(-0.70975,0.12,0.01));
#14789=CARTESIAN_POINT('',(-0.83475,0.12,0.01));
#14790=CARTESIAN_POINT('',(-0.83475,0.12,0.155));
#14791=CARTESIAN_POINT('',(-0.83475,0.12,0.155));
#14792=CARTESIAN_POINT('',(-0.83475,0.12,0.01));
#14793=CARTESIAN_POINT('',(-0.83475,0.12,0.155));
#14794=CARTESIAN_POINT('',(-0.66975,0.12,0.155));
#14795=CARTESIAN_POINT('',(-0.66975,0.12,0.155));
#14796=CARTESIAN_POINT('',(-0.83475,0.12,0.155));
#14797=CARTESIAN_POINT('',(-0.66975,0.12,0.155));
#14798=CARTESIAN_POINT('',(-0.66975,0.12,0.05));
#14799=CARTESIAN_POINT('',(-0.66975,0.12,0.05));
#14800=CARTESIAN_POINT('',(-0.66975,0.12,0.155));
#14801=CARTESIAN_POINT('',(-0.66975,0.12,0.05));
#14802=CARTESIAN_POINT('',(-0.66975,0.12,0.05));
#14803=CARTESIAN_POINT('',(0.,0.12,0.));
#14804=CARTESIAN_POINT('',(0.70975,0.12,0.01));
#14805=CARTESIAN_POINT('',(0.66975,0.12,0.05));
#14806=CARTESIAN_POINT('',(0.66975,0.12,0.05));
#14807=CARTESIAN_POINT('',(0.70975,0.12,0.01));
#14808=CARTESIAN_POINT('',(0.70975,0.12,0.01));
#14809=CARTESIAN_POINT('',(0.70975,0.12,0.01));
#14810=CARTESIAN_POINT('',(0.66975,0.12,0.05));
#14811=CARTESIAN_POINT('',(0.66975,0.12,0.155));
#14812=CARTESIAN_POINT('',(0.66975,0.12,0.155));
#14813=CARTESIAN_POINT('',(0.66975,0.12,0.05));
#14814=CARTESIAN_POINT('',(0.66975,0.12,0.155));
#14815=CARTESIAN_POINT('',(0.83475,0.12,0.155));
#14816=CARTESIAN_POINT('',(0.83475,0.12,0.155));
#14817=CARTESIAN_POINT('',(0.66975,0.12,0.155));
#14818=CARTESIAN_POINT('',(0.83475,0.12,0.155));
#14819=CARTESIAN_POINT('',(0.83475,0.12,0.01));
#14820=CARTESIAN_POINT('',(0.83475,0.12,0.01));
#14821=CARTESIAN_POINT('',(0.83475,0.12,0.155));
#14822=CARTESIAN_POINT('',(0.83475,0.12,0.01));
#14823=CARTESIAN_POINT('',(0.83475,0.12,0.01));
#14824=CARTESIAN_POINT('',(0.,0.12,0.));
#14825=CARTESIAN_POINT('',(-0.79475,0.12,-0.155));
#14826=CARTESIAN_POINT('',(-0.83475,0.12,-0.115));
#14827=CARTESIAN_POINT('',(-0.83475,0.12,-0.115));
#14828=CARTESIAN_POINT('',(-0.79475,0.12,-0.155));
#14829=CARTESIAN_POINT('',(-0.79475,0.12,-0.155));
#14830=CARTESIAN_POINT('',(-0.79475,0.12,-0.155));
#14831=CARTESIAN_POINT('',(-0.83475,0.12,-0.115));
#14832=CARTESIAN_POINT('',(-0.83475,0.12,-0.05));
#14833=CARTESIAN_POINT('',(-0.83475,0.12,-0.05));
#14834=CARTESIAN_POINT('',(-0.83475,0.12,-0.115));
#14835=CARTESIAN_POINT('',(-0.83475,0.12,-0.05));
#14836=CARTESIAN_POINT('',(-0.79475,0.12,-0.01));
#14837=CARTESIAN_POINT('',(-0.79475,0.12,-0.01));
#14838=CARTESIAN_POINT('',(-0.83475,0.12,-0.05));
#14839=CARTESIAN_POINT('',(-0.79475,0.12,-0.01));
#14840=CARTESIAN_POINT('',(-0.66975,0.12,-0.01));
#14841=CARTESIAN_POINT('',(-0.66975,0.12,-0.01));
#14842=CARTESIAN_POINT('',(-0.79475,0.12,-0.01));
#14843=CARTESIAN_POINT('',(-0.66975,0.12,-0.01));
#14844=CARTESIAN_POINT('',(-0.66975,0.12,-0.155));
#14845=CARTESIAN_POINT('',(-0.66975,0.12,-0.155));
#14846=CARTESIAN_POINT('',(-0.66975,0.12,-0.01));
#14847=CARTESIAN_POINT('',(-0.66975,0.12,-0.155));
#14848=CARTESIAN_POINT('',(-0.66975,0.12,-0.155));
#14849=CARTESIAN_POINT('',(0.,0.12,0.));
#14850=CARTESIAN_POINT('',(0.66975,0.12,-0.155));
#14851=CARTESIAN_POINT('',(0.66975,0.12,-0.01));
#14852=CARTESIAN_POINT('',(0.66975,0.12,-0.01));
#14853=CARTESIAN_POINT('',(0.66975,0.12,-0.155));
#14854=CARTESIAN_POINT('',(0.66975,0.12,-0.155));
#14855=CARTESIAN_POINT('',(0.66975,0.12,-0.155));
#14856=CARTESIAN_POINT('',(0.66975,0.12,-0.01));
#14857=CARTESIAN_POINT('',(0.79475,0.12,-0.01));
#14858=CARTESIAN_POINT('',(0.79475,0.12,-0.01));
#14859=CARTESIAN_POINT('',(0.66975,0.12,-0.01));
#14860=CARTESIAN_POINT('',(0.79475,0.12,-0.01));
#14861=CARTESIAN_POINT('',(0.83475,0.12,-0.05));
#14862=CARTESIAN_POINT('',(0.83475,0.12,-0.05));
#14863=CARTESIAN_POINT('',(0.79475,0.12,-0.01));
#14864=CARTESIAN_POINT('',(0.83475,0.12,-0.05));
#14865=CARTESIAN_POINT('',(0.83475,0.12,-0.115));
#14866=CARTESIAN_POINT('',(0.83475,0.12,-0.115));
#14867=CARTESIAN_POINT('',(0.83475,0.12,-0.05));
#14868=CARTESIAN_POINT('',(0.83475,0.12,-0.115));
#14869=CARTESIAN_POINT('',(0.79475,0.12,-0.155));
#14870=CARTESIAN_POINT('',(0.79475,0.12,-0.155));
#14871=CARTESIAN_POINT('',(0.83475,0.12,-0.115));
#14872=CARTESIAN_POINT('',(0.79475,0.12,-0.155));
#14873=CARTESIAN_POINT('',(0.79475,0.12,-0.155));
#14874=CARTESIAN_POINT('',(0.,0.12,0.));
#14875=CARTESIAN_POINT('',(-0.505,0.12,0.01));
#14876=CARTESIAN_POINT('',(-0.65,0.12,0.01));
#14877=CARTESIAN_POINT('',(-0.65,0.12,0.01));
#14878=CARTESIAN_POINT('',(-0.505,0.12,0.01));
#14879=CARTESIAN_POINT('',(-0.505,0.12,0.01));
#14880=CARTESIAN_POINT('',(-0.505,0.12,0.01));
#14881=CARTESIAN_POINT('',(-0.65,0.12,0.01));
#14882=CARTESIAN_POINT('',(-0.65,0.12,0.155));
#14883=CARTESIAN_POINT('',(-0.65,0.12,0.155));
#14884=CARTESIAN_POINT('',(-0.65,0.12,0.01));
#14885=CARTESIAN_POINT('',(-0.65,0.12,0.155));
#14886=CARTESIAN_POINT('',(-0.505,0.12,0.155));
#14887=CARTESIAN_POINT('',(-0.505,0.12,0.155));
#14888=CARTESIAN_POINT('',(-0.65,0.12,0.155));
#14889=CARTESIAN_POINT('',(-0.505,0.12,0.155));
#14890=CARTESIAN_POINT('',(-0.505,0.12,0.155));
#14891=CARTESIAN_POINT('',(0.,0.12,0.));
#14892=CARTESIAN_POINT('',(0.65,0.12,-0.155));
#14893=CARTESIAN_POINT('',(0.505,0.12,-0.155));
#14894=CARTESIAN_POINT('',(0.505,0.12,-0.155));
#14895=CARTESIAN_POINT('',(0.65,0.12,-0.155));
#14896=CARTESIAN_POINT('',(0.65,0.12,-0.155));
#14897=CARTESIAN_POINT('',(0.65,0.12,-0.155));
#14898=CARTESIAN_POINT('',(0.505,0.12,-0.155));
#14899=CARTESIAN_POINT('',(0.505,0.12,-0.01));
#14900=CARTESIAN_POINT('',(0.505,0.12,-0.01));
#14901=CARTESIAN_POINT('',(0.505,0.12,-0.155));
#14902=CARTESIAN_POINT('',(0.505,0.12,-0.01));
#14903=CARTESIAN_POINT('',(0.65,0.12,-0.01));
#14904=CARTESIAN_POINT('',(0.65,0.12,-0.01));
#14905=CARTESIAN_POINT('',(0.505,0.12,-0.01));
#14906=CARTESIAN_POINT('',(0.65,0.12,-0.01));
#14907=CARTESIAN_POINT('',(0.65,0.12,-0.01));
#14908=CARTESIAN_POINT('',(1.155,0.12,-0.165));
#14909=CARTESIAN_POINT('',(0.65,0.12,0.01));
#14910=CARTESIAN_POINT('',(0.505,0.12,0.01));
#14911=CARTESIAN_POINT('',(0.505,0.12,0.01));
#14912=CARTESIAN_POINT('',(0.65,0.12,0.01));
#14913=CARTESIAN_POINT('',(0.65,0.12,0.01));
#14914=CARTESIAN_POINT('',(0.65,0.12,0.01));
#14915=CARTESIAN_POINT('',(0.505,0.12,0.01));
#14916=CARTESIAN_POINT('',(0.505,0.12,0.155));
#14917=CARTESIAN_POINT('',(0.505,0.12,0.155));
#14918=CARTESIAN_POINT('',(0.505,0.12,0.01));
#14919=CARTESIAN_POINT('',(0.505,0.12,0.155));
#14920=CARTESIAN_POINT('',(0.65,0.12,0.155));
#14921=CARTESIAN_POINT('',(0.65,0.12,0.155));
#14922=CARTESIAN_POINT('',(0.505,0.12,0.155));
#14923=CARTESIAN_POINT('',(0.65,0.12,0.155));
#14924=CARTESIAN_POINT('',(0.65,0.12,0.155));
#14925=CARTESIAN_POINT('',(1.155,0.12,0.));
#14926=CARTESIAN_POINT('',(0.485,0.12,-0.155));
#14927=CARTESIAN_POINT('',(0.34,0.12,-0.155));
#14928=CARTESIAN_POINT('',(0.34,0.12,-0.155));
#14929=CARTESIAN_POINT('',(0.485,0.12,-0.155));
#14930=CARTESIAN_POINT('',(0.485,0.12,-0.155));
#14931=CARTESIAN_POINT('',(0.485,0.12,-0.155));
#14932=CARTESIAN_POINT('',(0.34,0.12,-0.155));
#14933=CARTESIAN_POINT('',(0.34,0.12,-0.01));
#14934=CARTESIAN_POINT('',(0.34,0.12,-0.01));
#14935=CARTESIAN_POINT('',(0.34,0.12,-0.155));
#14936=CARTESIAN_POINT('',(0.34,0.12,-0.01));
#14937=CARTESIAN_POINT('',(0.485,0.12,-0.01));
#14938=CARTESIAN_POINT('',(0.485,0.12,-0.01));
#14939=CARTESIAN_POINT('',(0.34,0.12,-0.01));
#14940=CARTESIAN_POINT('',(0.485,0.12,-0.01));
#14941=CARTESIAN_POINT('',(0.485,0.12,-0.01));
#14942=CARTESIAN_POINT('',(0.99,0.12,-0.165));
#14943=CARTESIAN_POINT('',(0.485,0.12,0.01));
#14944=CARTESIAN_POINT('',(0.34,0.12,0.01));
#14945=CARTESIAN_POINT('',(0.34,0.12,0.01));
#14946=CARTESIAN_POINT('',(0.485,0.12,0.01));
#14947=CARTESIAN_POINT('',(0.485,0.12,0.01));
#14948=CARTESIAN_POINT('',(0.485,0.12,0.01));
#14949=CARTESIAN_POINT('',(0.34,0.12,0.01));
#14950=CARTESIAN_POINT('',(0.34,0.12,0.155));
#14951=CARTESIAN_POINT('',(0.34,0.12,0.155));
#14952=CARTESIAN_POINT('',(0.34,0.12,0.01));
#14953=CARTESIAN_POINT('',(0.34,0.12,0.155));
#14954=CARTESIAN_POINT('',(0.485,0.12,0.155));
#14955=CARTESIAN_POINT('',(0.485,0.12,0.155));
#14956=CARTESIAN_POINT('',(0.34,0.12,0.155));
#14957=CARTESIAN_POINT('',(0.485,0.12,0.155));
#14958=CARTESIAN_POINT('',(0.485,0.12,0.155));
#14959=CARTESIAN_POINT('',(0.99,0.12,0.));
#14960=CARTESIAN_POINT('',(0.32,0.12,-0.155));
#14961=CARTESIAN_POINT('',(0.175,0.12,-0.155));
#14962=CARTESIAN_POINT('',(0.175,0.12,-0.155));
#14963=CARTESIAN_POINT('',(0.32,0.12,-0.155));
#14964=CARTESIAN_POINT('',(0.32,0.12,-0.155));
#14965=CARTESIAN_POINT('',(0.32,0.12,-0.155));
#14966=CARTESIAN_POINT('',(0.175,0.12,-0.155));
#14967=CARTESIAN_POINT('',(0.175,0.12,-0.01));
#14968=CARTESIAN_POINT('',(0.175,0.12,-0.01));
#14969=CARTESIAN_POINT('',(0.175,0.12,-0.155));
#14970=CARTESIAN_POINT('',(0.175,0.12,-0.01));
#14971=CARTESIAN_POINT('',(0.32,0.12,-0.01));
#14972=CARTESIAN_POINT('',(0.32,0.12,-0.01));
#14973=CARTESIAN_POINT('',(0.175,0.12,-0.01));
#14974=CARTESIAN_POINT('',(0.32,0.12,-0.01));
#14975=CARTESIAN_POINT('',(0.32,0.12,-0.01));
#14976=CARTESIAN_POINT('',(0.825,0.12,-0.165));
#14977=CARTESIAN_POINT('',(0.32,0.12,0.01));
#14978=CARTESIAN_POINT('',(0.175,0.12,0.01));
#14979=CARTESIAN_POINT('',(0.175,0.12,0.01));
#14980=CARTESIAN_POINT('',(0.32,0.12,0.01));
#14981=CARTESIAN_POINT('',(0.32,0.12,0.01));
#14982=CARTESIAN_POINT('',(0.32,0.12,0.01));
#14983=CARTESIAN_POINT('',(0.175,0.12,0.01));
#14984=CARTESIAN_POINT('',(0.175,0.12,0.155));
#14985=CARTESIAN_POINT('',(0.175,0.12,0.155));
#14986=CARTESIAN_POINT('',(0.175,0.12,0.01));
#14987=CARTESIAN_POINT('',(0.175,0.12,0.155));
#14988=CARTESIAN_POINT('',(0.32,0.12,0.155));
#14989=CARTESIAN_POINT('',(0.32,0.12,0.155));
#14990=CARTESIAN_POINT('',(0.175,0.12,0.155));
#14991=CARTESIAN_POINT('',(0.32,0.12,0.155));
#14992=CARTESIAN_POINT('',(0.32,0.12,0.155));
#14993=CARTESIAN_POINT('',(0.825,0.12,0.));
#14994=CARTESIAN_POINT('',(0.155,0.12,-0.155));
#14995=CARTESIAN_POINT('',(0.01,0.12,-0.155));
#14996=CARTESIAN_POINT('',(0.01,0.12,-0.155));
#14997=CARTESIAN_POINT('',(0.155,0.12,-0.155));
#14998=CARTESIAN_POINT('',(0.155,0.12,-0.155));
#14999=CARTESIAN_POINT('',(0.155,0.12,-0.155));
#15000=CARTESIAN_POINT('',(0.01,0.12,-0.155));
#15001=CARTESIAN_POINT('',(0.01,0.12,-0.01));
#15002=CARTESIAN_POINT('',(0.01,0.12,-0.01));
#15003=CARTESIAN_POINT('',(0.01,0.12,-0.155));
#15004=CARTESIAN_POINT('',(0.01,0.12,-0.01));
#15005=CARTESIAN_POINT('',(0.155,0.12,-0.01));
#15006=CARTESIAN_POINT('',(0.155,0.12,-0.01));
#15007=CARTESIAN_POINT('',(0.01,0.12,-0.01));
#15008=CARTESIAN_POINT('',(0.155,0.12,-0.01));
#15009=CARTESIAN_POINT('',(0.155,0.12,-0.01));
#15010=CARTESIAN_POINT('',(0.66,0.12,-0.165));
#15011=CARTESIAN_POINT('',(0.155,0.12,0.01));
#15012=CARTESIAN_POINT('',(0.01,0.12,0.01));
#15013=CARTESIAN_POINT('',(0.01,0.12,0.01));
#15014=CARTESIAN_POINT('',(0.155,0.12,0.01));
#15015=CARTESIAN_POINT('',(0.155,0.12,0.01));
#15016=CARTESIAN_POINT('',(0.155,0.12,0.01));
#15017=CARTESIAN_POINT('',(0.01,0.12,0.01));
#15018=CARTESIAN_POINT('',(0.01,0.12,0.155));
#15019=CARTESIAN_POINT('',(0.01,0.12,0.155));
#15020=CARTESIAN_POINT('',(0.01,0.12,0.01));
#15021=CARTESIAN_POINT('',(0.01,0.12,0.155));
#15022=CARTESIAN_POINT('',(0.155,0.12,0.155));
#15023=CARTESIAN_POINT('',(0.155,0.12,0.155));
#15024=CARTESIAN_POINT('',(0.01,0.12,0.155));
#15025=CARTESIAN_POINT('',(0.155,0.12,0.155));
#15026=CARTESIAN_POINT('',(0.155,0.12,0.155));
#15027=CARTESIAN_POINT('',(0.66,0.12,0.));
#15028=CARTESIAN_POINT('',(-0.00999999999999996,0.12,-0.155));
#15029=CARTESIAN_POINT('',(-0.155,0.12,-0.155));
#15030=CARTESIAN_POINT('',(-0.155,0.12,-0.155));
#15031=CARTESIAN_POINT('',(-0.00999999999999996,0.12,-0.155));
#15032=CARTESIAN_POINT('',(-0.00999999999999996,0.12,-0.155));
#15033=CARTESIAN_POINT('',(-0.00999999999999996,0.12,-0.155));
#15034=CARTESIAN_POINT('',(-0.155,0.12,-0.155));
#15035=CARTESIAN_POINT('',(-0.155,0.12,-0.01));
#15036=CARTESIAN_POINT('',(-0.155,0.12,-0.01));
#15037=CARTESIAN_POINT('',(-0.155,0.12,-0.155));
#15038=CARTESIAN_POINT('',(-0.155,0.12,-0.01));
#15039=CARTESIAN_POINT('',(-0.00999999999999996,0.12,-0.01));
#15040=CARTESIAN_POINT('',(-0.00999999999999996,0.12,-0.01));
#15041=CARTESIAN_POINT('',(-0.155,0.12,-0.01));
#15042=CARTESIAN_POINT('',(-0.00999999999999996,0.12,-0.01));
#15043=CARTESIAN_POINT('',(-0.00999999999999996,0.12,-0.01));
#15044=CARTESIAN_POINT('',(0.495,0.12,-0.165));
#15045=CARTESIAN_POINT('',(-0.00999999999999996,0.12,0.01));
#15046=CARTESIAN_POINT('',(-0.155,0.12,0.01));
#15047=CARTESIAN_POINT('',(-0.155,0.12,0.01));
#15048=CARTESIAN_POINT('',(-0.00999999999999996,0.12,0.01));
#15049=CARTESIAN_POINT('',(-0.00999999999999996,0.12,0.01));
#15050=CARTESIAN_POINT('',(-0.00999999999999996,0.12,0.01));
#15051=CARTESIAN_POINT('',(-0.155,0.12,0.01));
#15052=CARTESIAN_POINT('',(-0.155,0.12,0.155));
#15053=CARTESIAN_POINT('',(-0.155,0.12,0.155));
#15054=CARTESIAN_POINT('',(-0.155,0.12,0.01));
#15055=CARTESIAN_POINT('',(-0.155,0.12,0.155));
#15056=CARTESIAN_POINT('',(-0.00999999999999996,0.12,0.155));
#15057=CARTESIAN_POINT('',(-0.00999999999999996,0.12,0.155));
#15058=CARTESIAN_POINT('',(-0.155,0.12,0.155));
#15059=CARTESIAN_POINT('',(-0.00999999999999996,0.12,0.155));
#15060=CARTESIAN_POINT('',(-0.00999999999999996,0.12,0.155));
#15061=CARTESIAN_POINT('',(0.495,0.12,0.));
#15062=CARTESIAN_POINT('',(-0.175,0.12,-0.155));
#15063=CARTESIAN_POINT('',(-0.32,0.12,-0.155));
#15064=CARTESIAN_POINT('',(-0.32,0.12,-0.155));
#15065=CARTESIAN_POINT('',(-0.175,0.12,-0.155));
#15066=CARTESIAN_POINT('',(-0.175,0.12,-0.155));
#15067=CARTESIAN_POINT('',(-0.175,0.12,-0.155));
#15068=CARTESIAN_POINT('',(-0.32,0.12,-0.155));
#15069=CARTESIAN_POINT('',(-0.32,0.12,-0.01));
#15070=CARTESIAN_POINT('',(-0.32,0.12,-0.01));
#15071=CARTESIAN_POINT('',(-0.32,0.12,-0.155));
#15072=CARTESIAN_POINT('',(-0.32,0.12,-0.01));
#15073=CARTESIAN_POINT('',(-0.175,0.12,-0.01));
#15074=CARTESIAN_POINT('',(-0.175,0.12,-0.01));
#15075=CARTESIAN_POINT('',(-0.32,0.12,-0.01));
#15076=CARTESIAN_POINT('',(-0.175,0.12,-0.01));
#15077=CARTESIAN_POINT('',(-0.175,0.12,-0.01));
#15078=CARTESIAN_POINT('',(0.33,0.12,-0.165));
#15079=CARTESIAN_POINT('',(-0.175,0.12,0.01));
#15080=CARTESIAN_POINT('',(-0.32,0.12,0.01));
#15081=CARTESIAN_POINT('',(-0.32,0.12,0.01));
#15082=CARTESIAN_POINT('',(-0.175,0.12,0.01));
#15083=CARTESIAN_POINT('',(-0.175,0.12,0.01));
#15084=CARTESIAN_POINT('',(-0.175,0.12,0.01));
#15085=CARTESIAN_POINT('',(-0.32,0.12,0.01));
#15086=CARTESIAN_POINT('',(-0.32,0.12,0.155));
#15087=CARTESIAN_POINT('',(-0.32,0.12,0.155));
#15088=CARTESIAN_POINT('',(-0.32,0.12,0.01));
#15089=CARTESIAN_POINT('',(-0.32,0.12,0.155));
#15090=CARTESIAN_POINT('',(-0.175,0.12,0.155));
#15091=CARTESIAN_POINT('',(-0.175,0.12,0.155));
#15092=CARTESIAN_POINT('',(-0.32,0.12,0.155));
#15093=CARTESIAN_POINT('',(-0.175,0.12,0.155));
#15094=CARTESIAN_POINT('',(-0.175,0.12,0.155));
#15095=CARTESIAN_POINT('',(0.33,0.12,0.));
#15096=CARTESIAN_POINT('',(-0.34,0.12,-0.155));
#15097=CARTESIAN_POINT('',(-0.485,0.12,-0.155));
#15098=CARTESIAN_POINT('',(-0.485,0.12,-0.155));
#15099=CARTESIAN_POINT('',(-0.34,0.12,-0.155));
#15100=CARTESIAN_POINT('',(-0.34,0.12,-0.155));
#15101=CARTESIAN_POINT('',(-0.34,0.12,-0.155));
#15102=CARTESIAN_POINT('',(-0.485,0.12,-0.155));
#15103=CARTESIAN_POINT('',(-0.485,0.12,-0.01));
#15104=CARTESIAN_POINT('',(-0.485,0.12,-0.01));
#15105=CARTESIAN_POINT('',(-0.485,0.12,-0.155));
#15106=CARTESIAN_POINT('',(-0.485,0.12,-0.01));
#15107=CARTESIAN_POINT('',(-0.34,0.12,-0.01));
#15108=CARTESIAN_POINT('',(-0.34,0.12,-0.01));
#15109=CARTESIAN_POINT('',(-0.485,0.12,-0.01));
#15110=CARTESIAN_POINT('',(-0.34,0.12,-0.01));
#15111=CARTESIAN_POINT('',(-0.34,0.12,-0.01));
#15112=CARTESIAN_POINT('',(0.165,0.12,-0.165));
#15113=CARTESIAN_POINT('',(-0.34,0.12,0.01));
#15114=CARTESIAN_POINT('',(-0.485,0.12,0.01));
#15115=CARTESIAN_POINT('',(-0.485,0.12,0.01));
#15116=CARTESIAN_POINT('',(-0.34,0.12,0.01));
#15117=CARTESIAN_POINT('',(-0.34,0.12,0.01));
#15118=CARTESIAN_POINT('',(-0.34,0.12,0.01));
#15119=CARTESIAN_POINT('',(-0.485,0.12,0.01));
#15120=CARTESIAN_POINT('',(-0.485,0.12,0.155));
#15121=CARTESIAN_POINT('',(-0.485,0.12,0.155));
#15122=CARTESIAN_POINT('',(-0.485,0.12,0.01));
#15123=CARTESIAN_POINT('',(-0.485,0.12,0.155));
#15124=CARTESIAN_POINT('',(-0.34,0.12,0.155));
#15125=CARTESIAN_POINT('',(-0.34,0.12,0.155));
#15126=CARTESIAN_POINT('',(-0.485,0.12,0.155));
#15127=CARTESIAN_POINT('',(-0.34,0.12,0.155));
#15128=CARTESIAN_POINT('',(-0.34,0.12,0.155));
#15129=CARTESIAN_POINT('',(0.165,0.12,0.));
#15130=CARTESIAN_POINT('',(-0.505,0.12,-0.155));
#15131=CARTESIAN_POINT('',(-0.65,0.12,-0.155));
#15132=CARTESIAN_POINT('',(-0.65,0.12,-0.155));
#15133=CARTESIAN_POINT('',(-0.505,0.12,-0.155));
#15134=CARTESIAN_POINT('',(-0.505,0.12,-0.155));
#15135=CARTESIAN_POINT('',(-0.505,0.12,-0.155));
#15136=CARTESIAN_POINT('',(-0.65,0.12,-0.155));
#15137=CARTESIAN_POINT('',(-0.65,0.12,-0.01));
#15138=CARTESIAN_POINT('',(-0.65,0.12,-0.01));
#15139=CARTESIAN_POINT('',(-0.65,0.12,-0.155));
#15140=CARTESIAN_POINT('',(-0.65,0.12,-0.01));
#15141=CARTESIAN_POINT('',(-0.505,0.12,-0.01));
#15142=CARTESIAN_POINT('',(-0.505,0.12,-0.01));
#15143=CARTESIAN_POINT('',(-0.65,0.12,-0.01));
#15144=CARTESIAN_POINT('',(-0.505,0.12,-0.01));
#15145=CARTESIAN_POINT('',(-0.505,0.12,-0.01));
#15146=CARTESIAN_POINT('',(0.,0.12,-0.165));
#15147=CARTESIAN_POINT('',(0.,0.,0.));
#15148=CARTESIAN_POINT('',(-0.7675,0.1675,0.11));
#15149=CARTESIAN_POINT('',(-0.7675,0.1645,0.11));
#15150=CARTESIAN_POINT('',(-0.7675,0.1645,-0.11));
#15151=CARTESIAN_POINT('',(-0.7675,0.1645,0.11));
#15152=CARTESIAN_POINT('',(-0.7675,0.1675,-0.11));
#15153=CARTESIAN_POINT('',(-0.7675,0.1625,-0.11));
#15154=CARTESIAN_POINT('',(-0.7675,0.1625,0.11));
#15155=CARTESIAN_POINT('',(-0.7675,0.1625,0.11));
#15156=CARTESIAN_POINT('',(-0.7675,0.1675,0.11));
#15157=CARTESIAN_POINT('',(0.7675,0.1625,0.11));
#15158=CARTESIAN_POINT('',(0.7675,0.1645,0.11));
#15159=CARTESIAN_POINT('',(0.7675,0.1645,0.11));
#15160=CARTESIAN_POINT('',(0.7675,0.1645,-0.11));
#15161=CARTESIAN_POINT('',(0.7675,0.1625,0.11));
#15162=CARTESIAN_POINT('',(0.7675,0.1625,0.11));
#15163=CARTESIAN_POINT('',(0.7675,0.1625,0.11));
#15164=CARTESIAN_POINT('',(0.7675,0.1625,-0.11));
#15165=CARTESIAN_POINT('',(0.7675,0.1625,-0.11));
#15166=CARTESIAN_POINT('',(0.,0.,0.11));
#15167=CARTESIAN_POINT('',(0.,0.1645,0.11));
#15168=CARTESIAN_POINT('',(-0.7675,0.1625,0.11));
#15169=CARTESIAN_POINT('',(0.,0.,-0.11));
#15170=CARTESIAN_POINT('',(0.,0.1645,-0.11));
#15171=CARTESIAN_POINT('',(-0.7675,0.1625,-0.11));
#15172=CARTESIAN_POINT('',(0.765,0.0675,-0.15));
#15173=CARTESIAN_POINT('',(-0.72,0.0675,-0.15));
#15174=CARTESIAN_POINT('',(-0.72,0.0675,-0.06));
#15175=CARTESIAN_POINT('',(-0.72,-0.0225,-0.15));
#15176=CARTESIAN_POINT('',(0.765,0.0675000000000001,-0.06));
#15177=CARTESIAN_POINT('',(-0.765,0.0675000000000001,-0.06));
#15178=CARTESIAN_POINT('',(-0.765,0.0675,-0.15));
#15179=CARTESIAN_POINT('',(-0.765,-0.0225,-0.15));
#15180=CARTESIAN_POINT('',(0.765,-0.0225,-0.15));
#15181=CARTESIAN_POINT('',(0.765,0.0675,-0.15));
#15182=CARTESIAN_POINT('',(0.72,0.0675,-0.15));
#15183=CARTESIAN_POINT('',(0.72,-0.0225,-0.15));
#15184=CARTESIAN_POINT('',(0.72,0.0675,-0.06));
#15185=CARTESIAN_POINT('',(0.765,-0.0225,-0.15));
#15186=CARTESIAN_POINT('',(0.765,-0.0225,-0.15));
#15187=CARTESIAN_POINT('',(0.765,0.0675,-0.15));
#15188=CARTESIAN_POINT('',(0.765,0.0675000000000001,-0.06));
#15189=CARTESIAN_POINT('',(0.765,0.0675000000000001,-0.06));
#15190=CARTESIAN_POINT('',(0.765,0.0675,-0.15));
#15191=CARTESIAN_POINT('',(0.6,0.0675,-0.15));
#15192=CARTESIAN_POINT('',(0.6,0.0675,-0.06));
#15193=CARTESIAN_POINT('',(0.6,-0.0225,-0.15));
#15194=CARTESIAN_POINT('',(0.765,0.0675000000000001,-0.06));
#15195=CARTESIAN_POINT('',(0.555,0.0675,-0.06));
#15196=CARTESIAN_POINT('',(0.555,0.0675,-0.15));
#15197=CARTESIAN_POINT('',(0.555,-0.0225,-0.15));
#15198=CARTESIAN_POINT('',(0.765,-0.0225,-0.15));
#15199=CARTESIAN_POINT('',(0.765,0.0675,-0.15));
#15200=CARTESIAN_POINT('',(0.435,0.0675,-0.15));
#15201=CARTESIAN_POINT('',(0.435,0.0675,-0.06));
#15202=CARTESIAN_POINT('',(0.435,-0.0225,-0.15));
#15203=CARTESIAN_POINT('',(0.765,0.0675000000000001,-0.06));
#15204=CARTESIAN_POINT('',(0.39,0.0675,-0.06));
#15205=CARTESIAN_POINT('',(0.39,0.0675,-0.15));
#15206=CARTESIAN_POINT('',(0.39,-0.0225,-0.15));
#15207=CARTESIAN_POINT('',(0.765,-0.0225,-0.15));
#15208=CARTESIAN_POINT('',(0.765,0.0675,-0.15));
#15209=CARTESIAN_POINT('',(0.27,0.0675,-0.15));
#15210=CARTESIAN_POINT('',(0.27,0.0675,-0.06));
#15211=CARTESIAN_POINT('',(0.27,-0.0225,-0.15));
#15212=CARTESIAN_POINT('',(0.765,0.0675000000000001,-0.06));
#15213=CARTESIAN_POINT('',(0.225,0.0675,-0.06));
#15214=CARTESIAN_POINT('',(0.225,0.0675,-0.15));
#15215=CARTESIAN_POINT('',(0.225,-0.0225,-0.15));
#15216=CARTESIAN_POINT('',(0.765,-0.0225,-0.15));
#15217=CARTESIAN_POINT('',(0.765,0.0675,-0.15));
#15218=CARTESIAN_POINT('',(0.105,0.0675,-0.15));
#15219=CARTESIAN_POINT('',(0.105,0.0675,-0.06));
#15220=CARTESIAN_POINT('',(0.105,-0.0225,-0.15));
#15221=CARTESIAN_POINT('',(0.765,0.0675000000000001,-0.06));
#15222=CARTESIAN_POINT('',(0.0600000000000002,0.0675,-0.06));
#15223=CARTESIAN_POINT('',(0.0600000000000002,0.0675,-0.15));
#15224=CARTESIAN_POINT('',(0.0600000000000002,-0.0225,-0.15));
#15225=CARTESIAN_POINT('',(0.765,-0.0225,-0.15));
#15226=CARTESIAN_POINT('',(0.765,0.0675,-0.15));
#15227=CARTESIAN_POINT('',(-0.06,0.0675,-0.15));
#15228=CARTESIAN_POINT('',(-0.06,0.0675,-0.06));
#15229=CARTESIAN_POINT('',(-0.06,-0.0225,-0.15));
#15230=CARTESIAN_POINT('',(0.765,0.0675000000000001,-0.06));
#15231=CARTESIAN_POINT('',(-0.105,0.0675,-0.06));
#15232=CARTESIAN_POINT('',(-0.105,0.0675,-0.15));
#15233=CARTESIAN_POINT('',(-0.105,-0.0225,-0.15));
#15234=CARTESIAN_POINT('',(0.765,-0.0225,-0.15));
#15235=CARTESIAN_POINT('',(0.765,0.0675,-0.15));
#15236=CARTESIAN_POINT('',(-0.225,0.0675,-0.15));
#15237=CARTESIAN_POINT('',(-0.225,0.0675,-0.06));
#15238=CARTESIAN_POINT('',(-0.225,-0.0225,-0.15));
#15239=CARTESIAN_POINT('',(0.765,0.0675000000000001,-0.06));
#15240=CARTESIAN_POINT('',(-0.27,0.0675,-0.06));
#15241=CARTESIAN_POINT('',(-0.27,0.0675,-0.15));
#15242=CARTESIAN_POINT('',(-0.27,-0.0225,-0.15));
#15243=CARTESIAN_POINT('',(0.765,-0.0225,-0.15));
#15244=CARTESIAN_POINT('',(0.765,0.0675,-0.15));
#15245=CARTESIAN_POINT('',(-0.39,0.0675,-0.15));
#15246=CARTESIAN_POINT('',(-0.39,0.0675,-0.06));
#15247=CARTESIAN_POINT('',(-0.39,-0.0225,-0.15));
#15248=CARTESIAN_POINT('',(0.765,0.0675000000000001,-0.06));
#15249=CARTESIAN_POINT('',(-0.435,0.0675,-0.06));
#15250=CARTESIAN_POINT('',(-0.435,0.0675,-0.15));
#15251=CARTESIAN_POINT('',(-0.435,-0.0225,-0.15));
#15252=CARTESIAN_POINT('',(0.765,-0.0225,-0.15));
#15253=CARTESIAN_POINT('',(0.765,0.0675,-0.15));
#15254=CARTESIAN_POINT('',(-0.555,0.0675,-0.15));
#15255=CARTESIAN_POINT('',(-0.555,0.0675,-0.06));
#15256=CARTESIAN_POINT('',(-0.555,-0.0225,-0.15));
#15257=CARTESIAN_POINT('',(0.765,0.0675000000000001,-0.06));
#15258=CARTESIAN_POINT('',(-0.6,0.0675,-0.06));
#15259=CARTESIAN_POINT('',(-0.6,0.0675,-0.15));
#15260=CARTESIAN_POINT('',(-0.6,-0.0225,-0.15));
#15261=CARTESIAN_POINT('',(0.765,-0.0225,-0.15));
#15262=CARTESIAN_POINT('',(0.765,-0.0225,-0.15));
#15263=CARTESIAN_POINT('',(-0.72,-0.0225,-0.15));
#15264=CARTESIAN_POINT('',(-0.72,-0.0225,-0.359));
#15265=CARTESIAN_POINT('',(-0.765,-0.0225,-0.15));
#15266=CARTESIAN_POINT('',(-0.765,-0.0225,-0.359));
#15267=CARTESIAN_POINT('',(0.765,-0.0225,-0.359));
#15268=CARTESIAN_POINT('',(0.765,-0.0225,-0.15));
#15269=CARTESIAN_POINT('',(0.72,-0.0225,-0.15));
#15270=CARTESIAN_POINT('',(0.72,-0.0225,-0.359));
#15271=CARTESIAN_POINT('',(0.765,-0.0225,-0.359));
#15272=CARTESIAN_POINT('',(0.765,-0.0225,-0.359));
#15273=CARTESIAN_POINT('',(0.765,-0.0225,-0.15));
#15274=CARTESIAN_POINT('',(0.765,-0.0225,-0.15));
#15275=CARTESIAN_POINT('',(0.6,-0.0225,-0.15));
#15276=CARTESIAN_POINT('',(0.6,-0.0225,-0.359));
#15277=CARTESIAN_POINT('',(0.555,-0.0225,-0.15));
#15278=CARTESIAN_POINT('',(0.555,-0.0225,-0.359));
#15279=CARTESIAN_POINT('',(0.765,-0.0225,-0.359));
#15280=CARTESIAN_POINT('',(0.765,-0.0225,-0.15));
#15281=CARTESIAN_POINT('',(0.435,-0.0225,-0.15));
#15282=CARTESIAN_POINT('',(0.435,-0.0225,-0.359));
#15283=CARTESIAN_POINT('',(0.39,-0.0225,-0.15));
#15284=CARTESIAN_POINT('',(0.39,-0.0225,-0.359));
#15285=CARTESIAN_POINT('',(0.765,-0.0225,-0.359));
#15286=CARTESIAN_POINT('',(0.765,-0.0225,-0.15));
#15287=CARTESIAN_POINT('',(0.27,-0.0225,-0.15));
#15288=CARTESIAN_POINT('',(0.27,-0.0225,-0.359));
#15289=CARTESIAN_POINT('',(0.225,-0.0225,-0.15));
#15290=CARTESIAN_POINT('',(0.225,-0.0225,-0.359));
#15291=CARTESIAN_POINT('',(0.765,-0.0225,-0.359));
#15292=CARTESIAN_POINT('',(0.765,-0.0225,-0.15));
#15293=CARTESIAN_POINT('',(0.105,-0.0225,-0.15));
#15294=CARTESIAN_POINT('',(0.105,-0.0225,-0.359));
#15295=CARTESIAN_POINT('',(0.06,-0.0225,-0.15));
#15296=CARTESIAN_POINT('',(0.06,-0.0225,-0.359));
#15297=CARTESIAN_POINT('',(0.765,-0.0225,-0.359));
#15298=CARTESIAN_POINT('',(0.765,-0.0225,-0.15));
#15299=CARTESIAN_POINT('',(-0.06,-0.0225,-0.15));
#15300=CARTESIAN_POINT('',(-0.06,-0.0225,-0.359));
#15301=CARTESIAN_POINT('',(-0.105,-0.0225,-0.15));
#15302=CARTESIAN_POINT('',(-0.105,-0.0225,-0.359));
#15303=CARTESIAN_POINT('',(0.765,-0.0225,-0.359));
#15304=CARTESIAN_POINT('',(0.765,-0.0225,-0.15));
#15305=CARTESIAN_POINT('',(-0.225,-0.0225,-0.15));
#15306=CARTESIAN_POINT('',(-0.225,-0.0225,-0.359));
#15307=CARTESIAN_POINT('',(-0.27,-0.0225,-0.15));
#15308=CARTESIAN_POINT('',(-0.27,-0.0225,-0.359));
#15309=CARTESIAN_POINT('',(0.765,-0.0225,-0.359));
#15310=CARTESIAN_POINT('',(0.765,-0.0225,-0.15));
#15311=CARTESIAN_POINT('',(-0.39,-0.0225,-0.15));
#15312=CARTESIAN_POINT('',(-0.39,-0.0225,-0.359));
#15313=CARTESIAN_POINT('',(-0.435,-0.0225,-0.15));
#15314=CARTESIAN_POINT('',(-0.435,-0.0225,-0.359));
#15315=CARTESIAN_POINT('',(0.765,-0.0225,-0.359));
#15316=CARTESIAN_POINT('',(0.765,-0.0225,-0.15));
#15317=CARTESIAN_POINT('',(-0.555,-0.0225,-0.15));
#15318=CARTESIAN_POINT('',(-0.555,-0.0225,-0.359));
#15319=CARTESIAN_POINT('',(-0.6,-0.0225,-0.15));
#15320=CARTESIAN_POINT('',(-0.6,-0.0225,-0.359));
#15321=CARTESIAN_POINT('',(0.765,-0.0225,-0.359));
#15322=CARTESIAN_POINT('',(0.765,-0.0225,-0.359));
#15323=CARTESIAN_POINT('',(-0.72,-0.0225,-0.359));
#15324=CARTESIAN_POINT('',(-0.72,0.0225,-0.359));
#15325=CARTESIAN_POINT('',(-0.765,-0.0225,-0.359));
#15326=CARTESIAN_POINT('',(-0.765,0.0225,-0.359));
#15327=CARTESIAN_POINT('',(0.765,0.0225,-0.359));
#15328=CARTESIAN_POINT('',(0.765,-0.0225,-0.359));
#15329=CARTESIAN_POINT('',(0.72,-0.0225,-0.359));
#15330=CARTESIAN_POINT('',(0.72,0.0225,-0.359));
#15331=CARTESIAN_POINT('',(0.765,0.0225,-0.359));
#15332=CARTESIAN_POINT('',(0.765,0.0225,-0.359));
#15333=CARTESIAN_POINT('',(0.765,-0.0225,-0.359));
#15334=CARTESIAN_POINT('',(0.765,-0.0225,-0.359));
#15335=CARTESIAN_POINT('',(0.6,-0.0225,-0.359));
#15336=CARTESIAN_POINT('',(0.6,0.0225,-0.359));
#15337=CARTESIAN_POINT('',(0.555,-0.0225,-0.359));
#15338=CARTESIAN_POINT('',(0.555,0.0225,-0.359));
#15339=CARTESIAN_POINT('',(0.765,0.0225,-0.359));
#15340=CARTESIAN_POINT('',(0.765,-0.0225,-0.359));
#15341=CARTESIAN_POINT('',(0.435,-0.0225,-0.359));
#15342=CARTESIAN_POINT('',(0.435,0.0225,-0.359));
#15343=CARTESIAN_POINT('',(0.39,-0.0225,-0.359));
#15344=CARTESIAN_POINT('',(0.39,0.0225,-0.359));
#15345=CARTESIAN_POINT('',(0.765,0.0225,-0.359));
#15346=CARTESIAN_POINT('',(0.765,-0.0225,-0.359));
#15347=CARTESIAN_POINT('',(0.27,-0.0225,-0.359));
#15348=CARTESIAN_POINT('',(0.27,0.0225,-0.359));
#15349=CARTESIAN_POINT('',(0.225,-0.0225,-0.359));
#15350=CARTESIAN_POINT('',(0.225,0.0225,-0.359));
#15351=CARTESIAN_POINT('',(0.765,0.0225,-0.359));
#15352=CARTESIAN_POINT('',(0.765,-0.0225,-0.359));
#15353=CARTESIAN_POINT('',(0.105,-0.0225,-0.359));
#15354=CARTESIAN_POINT('',(0.105,0.0225,-0.359));
#15355=CARTESIAN_POINT('',(0.0600000000000002,-0.0225,-0.359));
#15356=CARTESIAN_POINT('',(0.0600000000000002,0.0225,-0.359));
#15357=CARTESIAN_POINT('',(0.765,0.0225,-0.359));
#15358=CARTESIAN_POINT('',(0.765,-0.0225,-0.359));
#15359=CARTESIAN_POINT('',(-0.06,-0.0225,-0.359));
#15360=CARTESIAN_POINT('',(-0.06,0.0225,-0.359));
#15361=CARTESIAN_POINT('',(-0.105,-0.0225,-0.359));
#15362=CARTESIAN_POINT('',(-0.105,0.0225,-0.359));
#15363=CARTESIAN_POINT('',(0.765,0.0225,-0.359));
#15364=CARTESIAN_POINT('',(0.765,-0.0225,-0.359));
#15365=CARTESIAN_POINT('',(-0.225,-0.0225,-0.359));
#15366=CARTESIAN_POINT('',(-0.225,0.0225,-0.359));
#15367=CARTESIAN_POINT('',(-0.27,-0.0225,-0.359));
#15368=CARTESIAN_POINT('',(-0.27,0.0225,-0.359));
#15369=CARTESIAN_POINT('',(0.765,0.0225,-0.359));
#15370=CARTESIAN_POINT('',(0.765,-0.0225,-0.359));
#15371=CARTESIAN_POINT('',(-0.39,-0.0225,-0.359));
#15372=CARTESIAN_POINT('',(-0.39,0.0225,-0.359));
#15373=CARTESIAN_POINT('',(-0.435,-0.0225,-0.359));
#15374=CARTESIAN_POINT('',(-0.435,0.0225,-0.359));
#15375=CARTESIAN_POINT('',(0.765,0.0225,-0.359));
#15376=CARTESIAN_POINT('',(0.765,-0.0225,-0.359));
#15377=CARTESIAN_POINT('',(-0.555,-0.0225,-0.359));
#15378=CARTESIAN_POINT('',(-0.555,0.0225,-0.359));
#15379=CARTESIAN_POINT('',(-0.6,-0.0225,-0.359));
#15380=CARTESIAN_POINT('',(-0.6,0.0225,-0.359));
#15381=CARTESIAN_POINT('',(0.765,0.0225,-0.359));
#15382=CARTESIAN_POINT('',(0.765,0.0225,-0.359));
#15383=CARTESIAN_POINT('',(-0.72,0.0225,-0.359));
#15384=CARTESIAN_POINT('',(-0.72,0.0225,-0.15));
#15385=CARTESIAN_POINT('',(-0.765,0.0225,-0.359));
#15386=CARTESIAN_POINT('',(-0.765,0.0225,-0.15));
#15387=CARTESIAN_POINT('',(0.765,0.0225,-0.15));
#15388=CARTESIAN_POINT('',(0.765,0.0225,-0.359));
#15389=CARTESIAN_POINT('',(0.72,0.0225,-0.359));
#15390=CARTESIAN_POINT('',(0.72,0.0225,-0.15));
#15391=CARTESIAN_POINT('',(0.765,0.0225,-0.15));
#15392=CARTESIAN_POINT('',(0.765,0.0225,-0.15));
#15393=CARTESIAN_POINT('',(0.765,0.0225,-0.359));
#15394=CARTESIAN_POINT('',(0.765,0.0225,-0.359));
#15395=CARTESIAN_POINT('',(0.6,0.0225,-0.359));
#15396=CARTESIAN_POINT('',(0.6,0.0225,-0.15));
#15397=CARTESIAN_POINT('',(0.555,0.0225,-0.359));
#15398=CARTESIAN_POINT('',(0.555,0.0225,-0.15));
#15399=CARTESIAN_POINT('',(0.765,0.0225,-0.15));
#15400=CARTESIAN_POINT('',(0.765,0.0225,-0.359));
#15401=CARTESIAN_POINT('',(0.435,0.0225,-0.359));
#15402=CARTESIAN_POINT('',(0.435,0.0225,-0.15));
#15403=CARTESIAN_POINT('',(0.39,0.0225,-0.359));
#15404=CARTESIAN_POINT('',(0.39,0.0225,-0.15));
#15405=CARTESIAN_POINT('',(0.765,0.0225,-0.15));
#15406=CARTESIAN_POINT('',(0.765,0.0225,-0.359));
#15407=CARTESIAN_POINT('',(0.27,0.0225,-0.359));
#15408=CARTESIAN_POINT('',(0.27,0.0225,-0.15));
#15409=CARTESIAN_POINT('',(0.225,0.0225,-0.359));
#15410=CARTESIAN_POINT('',(0.225,0.0225,-0.15));
#15411=CARTESIAN_POINT('',(0.765,0.0225,-0.15));
#15412=CARTESIAN_POINT('',(0.765,0.0225,-0.359));
#15413=CARTESIAN_POINT('',(0.105,0.0225,-0.359));
#15414=CARTESIAN_POINT('',(0.105,0.0225,-0.15));
#15415=CARTESIAN_POINT('',(0.06,0.0225,-0.359));
#15416=CARTESIAN_POINT('',(0.06,0.0225,-0.15));
#15417=CARTESIAN_POINT('',(0.765,0.0225,-0.15));
#15418=CARTESIAN_POINT('',(0.765,0.0225,-0.359));
#15419=CARTESIAN_POINT('',(-0.06,0.0225,-0.359));
#15420=CARTESIAN_POINT('',(-0.06,0.0225,-0.15));
#15421=CARTESIAN_POINT('',(-0.105,0.0225,-0.359));
#15422=CARTESIAN_POINT('',(-0.105,0.0225,-0.15));
#15423=CARTESIAN_POINT('',(0.765,0.0225,-0.15));
#15424=CARTESIAN_POINT('',(0.765,0.0225,-0.359));
#15425=CARTESIAN_POINT('',(-0.225,0.0225,-0.359));
#15426=CARTESIAN_POINT('',(-0.225,0.0225,-0.15));
#15427=CARTESIAN_POINT('',(-0.27,0.0225,-0.359));
#15428=CARTESIAN_POINT('',(-0.27,0.0225,-0.15));
#15429=CARTESIAN_POINT('',(0.765,0.0225,-0.15));
#15430=CARTESIAN_POINT('',(0.765,0.0225,-0.359));
#15431=CARTESIAN_POINT('',(-0.39,0.0225,-0.359));
#15432=CARTESIAN_POINT('',(-0.39,0.0225,-0.15));
#15433=CARTESIAN_POINT('',(-0.435,0.0225,-0.359));
#15434=CARTESIAN_POINT('',(-0.435,0.0225,-0.15));
#15435=CARTESIAN_POINT('',(0.765,0.0225,-0.15));
#15436=CARTESIAN_POINT('',(0.765,0.0225,-0.359));
#15437=CARTESIAN_POINT('',(-0.555,0.0225,-0.359));
#15438=CARTESIAN_POINT('',(-0.555,0.0225,-0.15));
#15439=CARTESIAN_POINT('',(-0.6,0.0225,-0.359));
#15440=CARTESIAN_POINT('',(-0.6,0.0225,-0.15));
#15441=CARTESIAN_POINT('',(0.765,0.0225,-0.15));
#15442=CARTESIAN_POINT('',(0.765,0.0675,-0.15));
#15443=CARTESIAN_POINT('',(0.765,0.0675,-0.105));
#15444=CARTESIAN_POINT('',(-0.72,0.0675,-0.105));
#15445=CARTESIAN_POINT('',(-0.765,0.0675,-0.105));
#15446=CARTESIAN_POINT('',(-0.72,0.0675,-0.15));
#15447=CARTESIAN_POINT('',(-0.765,0.0675,-0.15));
#15448=CARTESIAN_POINT('',(0.765,0.0675,-0.15));
#15449=CARTESIAN_POINT('',(0.72,0.0675,-0.15));
#15450=CARTESIAN_POINT('',(0.72,0.0675,-0.105));
#15451=CARTESIAN_POINT('',(0.765,0.0675,-0.105));
#15452=CARTESIAN_POINT('',(0.765,0.0675,-0.105));
#15453=CARTESIAN_POINT('',(0.765,0.0675,-0.15));
#15454=CARTESIAN_POINT('',(0.765,0.0675,-0.15));
#15455=CARTESIAN_POINT('',(0.765,0.0675,-0.105));
#15456=CARTESIAN_POINT('',(0.6,0.0675,-0.105));
#15457=CARTESIAN_POINT('',(0.555,0.0675,-0.105));
#15458=CARTESIAN_POINT('',(0.6,0.0675,-0.15));
#15459=CARTESIAN_POINT('',(0.555,0.0675,-0.15));
#15460=CARTESIAN_POINT('',(0.765,0.0675,-0.15));
#15461=CARTESIAN_POINT('',(0.765,0.0675,-0.105));
#15462=CARTESIAN_POINT('',(0.435,0.0675,-0.105));
#15463=CARTESIAN_POINT('',(0.39,0.0675,-0.105));
#15464=CARTESIAN_POINT('',(0.435,0.0675,-0.15));
#15465=CARTESIAN_POINT('',(0.39,0.0675,-0.15));
#15466=CARTESIAN_POINT('',(0.765,0.0675,-0.15));
#15467=CARTESIAN_POINT('',(0.765,0.0675,-0.105));
#15468=CARTESIAN_POINT('',(0.27,0.0675,-0.105));
#15469=CARTESIAN_POINT('',(0.225,0.0675,-0.105));
#15470=CARTESIAN_POINT('',(0.27,0.0675,-0.15));
#15471=CARTESIAN_POINT('',(0.225,0.0675,-0.15));
#15472=CARTESIAN_POINT('',(0.765,0.0675,-0.15));
#15473=CARTESIAN_POINT('',(0.765,0.0675,-0.105));
#15474=CARTESIAN_POINT('',(0.105,0.0675,-0.105));
#15475=CARTESIAN_POINT('',(0.0600000000000002,0.0675,-0.105));
#15476=CARTESIAN_POINT('',(0.105,0.0675,-0.15));
#15477=CARTESIAN_POINT('',(0.0600000000000002,0.0675,-0.15));
#15478=CARTESIAN_POINT('',(0.765,0.0675,-0.15));
#15479=CARTESIAN_POINT('',(0.765,0.0675,-0.105));
#15480=CARTESIAN_POINT('',(-0.06,0.0675,-0.105));
#15481=CARTESIAN_POINT('',(-0.105,0.0675,-0.105));
#15482=CARTESIAN_POINT('',(-0.06,0.0675,-0.15));
#15483=CARTESIAN_POINT('',(-0.105,0.0675,-0.15));
#15484=CARTESIAN_POINT('',(0.765,0.0675,-0.15));
#15485=CARTESIAN_POINT('',(0.765,0.0675,-0.105));
#15486=CARTESIAN_POINT('',(-0.225,0.0675,-0.105));
#15487=CARTESIAN_POINT('',(-0.27,0.0675,-0.105));
#15488=CARTESIAN_POINT('',(-0.225,0.0675,-0.15));
#15489=CARTESIAN_POINT('',(-0.27,0.0675,-0.15));
#15490=CARTESIAN_POINT('',(0.765,0.0675,-0.15));
#15491=CARTESIAN_POINT('',(0.765,0.0675,-0.105));
#15492=CARTESIAN_POINT('',(-0.39,0.0675,-0.105));
#15493=CARTESIAN_POINT('',(-0.435,0.0675,-0.105));
#15494=CARTESIAN_POINT('',(-0.39,0.0675,-0.15));
#15495=CARTESIAN_POINT('',(-0.435,0.0675,-0.15));
#15496=CARTESIAN_POINT('',(0.765,0.0675,-0.15));
#15497=CARTESIAN_POINT('',(0.765,0.0675,-0.105));
#15498=CARTESIAN_POINT('',(-0.555,0.0675,-0.105));
#15499=CARTESIAN_POINT('',(-0.6,0.0675,-0.105));
#15500=CARTESIAN_POINT('',(-0.555,0.0675,-0.15));
#15501=CARTESIAN_POINT('',(-0.6,0.0675,-0.15));
#15502=CARTESIAN_POINT('',(0.765,0.0675,-0.105));
#15503=CARTESIAN_POINT('',(-0.72,0.0675,-0.105));
#15504=CARTESIAN_POINT('',(-0.72,0.1625,-0.105));
#15505=CARTESIAN_POINT('',(-0.765,0.0675,-0.105));
#15506=CARTESIAN_POINT('',(-0.765,0.1625,-0.105));
#15507=CARTESIAN_POINT('',(0.765,0.1625,-0.105));
#15508=CARTESIAN_POINT('',(0.765,0.0675,-0.105));
#15509=CARTESIAN_POINT('',(0.72,0.0675,-0.105));
#15510=CARTESIAN_POINT('',(0.72,0.1625,-0.105));
#15511=CARTESIAN_POINT('',(0.765,0.1625,-0.105));
#15512=CARTESIAN_POINT('',(0.765,0.1625,-0.105));
#15513=CARTESIAN_POINT('',(0.765,0.0675,-0.105));
#15514=CARTESIAN_POINT('',(0.765,0.0675,-0.105));
#15515=CARTESIAN_POINT('',(0.6,0.0675,-0.105));
#15516=CARTESIAN_POINT('',(0.6,0.1625,-0.105));
#15517=CARTESIAN_POINT('',(0.555,0.0675,-0.105));
#15518=CARTESIAN_POINT('',(0.555,0.1625,-0.105));
#15519=CARTESIAN_POINT('',(0.765,0.1625,-0.105));
#15520=CARTESIAN_POINT('',(0.765,0.0675,-0.105));
#15521=CARTESIAN_POINT('',(0.435,0.0675,-0.105));
#15522=CARTESIAN_POINT('',(0.435,0.1625,-0.105));
#15523=CARTESIAN_POINT('',(0.39,0.0675,-0.105));
#15524=CARTESIAN_POINT('',(0.39,0.1625,-0.105));
#15525=CARTESIAN_POINT('',(0.765,0.1625,-0.105));
#15526=CARTESIAN_POINT('',(0.765,0.0675,-0.105));
#15527=CARTESIAN_POINT('',(0.27,0.0675,-0.105));
#15528=CARTESIAN_POINT('',(0.27,0.1625,-0.105));
#15529=CARTESIAN_POINT('',(0.225,0.0675,-0.105));
#15530=CARTESIAN_POINT('',(0.225,0.1625,-0.105));
#15531=CARTESIAN_POINT('',(0.765,0.1625,-0.105));
#15532=CARTESIAN_POINT('',(0.765,0.0675,-0.105));
#15533=CARTESIAN_POINT('',(0.105,0.0675,-0.105));
#15534=CARTESIAN_POINT('',(0.105,0.1625,-0.105));
#15535=CARTESIAN_POINT('',(0.0600000000000002,0.0675,-0.105));
#15536=CARTESIAN_POINT('',(0.06,0.1625,-0.105));
#15537=CARTESIAN_POINT('',(0.765,0.1625,-0.105));
#15538=CARTESIAN_POINT('',(0.765,0.0675,-0.105));
#15539=CARTESIAN_POINT('',(-0.06,0.0675,-0.105));
#15540=CARTESIAN_POINT('',(-0.06,0.1625,-0.105));
#15541=CARTESIAN_POINT('',(-0.105,0.0675,-0.105));
#15542=CARTESIAN_POINT('',(-0.105,0.1625,-0.105));
#15543=CARTESIAN_POINT('',(0.765,0.1625,-0.105));
#15544=CARTESIAN_POINT('',(0.765,0.0675,-0.105));
#15545=CARTESIAN_POINT('',(-0.225,0.0675,-0.105));
#15546=CARTESIAN_POINT('',(-0.225,0.1625,-0.105));
#15547=CARTESIAN_POINT('',(-0.27,0.0675,-0.105));
#15548=CARTESIAN_POINT('',(-0.27,0.1625,-0.105));
#15549=CARTESIAN_POINT('',(0.765,0.1625,-0.105));
#15550=CARTESIAN_POINT('',(0.765,0.0675,-0.105));
#15551=CARTESIAN_POINT('',(-0.39,0.0675,-0.105));
#15552=CARTESIAN_POINT('',(-0.39,0.1625,-0.105));
#15553=CARTESIAN_POINT('',(-0.435,0.0675,-0.105));
#15554=CARTESIAN_POINT('',(-0.435,0.1625,-0.105));
#15555=CARTESIAN_POINT('',(0.765,0.1625,-0.105));
#15556=CARTESIAN_POINT('',(0.765,0.0675,-0.105));
#15557=CARTESIAN_POINT('',(-0.555,0.0675,-0.105));
#15558=CARTESIAN_POINT('',(-0.555,0.1625,-0.105));
#15559=CARTESIAN_POINT('',(-0.6,0.0675,-0.105));
#15560=CARTESIAN_POINT('',(-0.6,0.1625,-0.105));
#15561=CARTESIAN_POINT('',(0.765,0.1625,-0.105));
#15562=CARTESIAN_POINT('',(0.765,0.44,-0.06));
#15563=CARTESIAN_POINT('',(-0.72,0.44,-0.06));
#15564=CARTESIAN_POINT('',(-0.72,0.1625,-0.0599999999999998));
#15565=CARTESIAN_POINT('',(0.765,0.1625,-0.06));
#15566=CARTESIAN_POINT('',(-0.765,0.1625,-0.06));
#15567=CARTESIAN_POINT('',(-0.765,0.44,-0.06));
#15568=CARTESIAN_POINT('',(0.765,0.44,-0.06));
#15569=CARTESIAN_POINT('',(0.72,0.44,-0.06));
#15570=CARTESIAN_POINT('',(0.72,0.1625,-0.0599999999999998));
#15571=CARTESIAN_POINT('',(0.765,0.44,-0.06));
#15572=CARTESIAN_POINT('',(0.765,0.1625,-0.06));
#15573=CARTESIAN_POINT('',(0.765,0.1625,-0.06));
#15574=CARTESIAN_POINT('',(0.765,0.44,-0.06));
#15575=CARTESIAN_POINT('',(0.6,0.44,-0.06));
#15576=CARTESIAN_POINT('',(0.6,0.1625,-0.06));
#15577=CARTESIAN_POINT('',(0.765,0.1625,-0.06));
#15578=CARTESIAN_POINT('',(0.555,0.1625,-0.0599999999999998));
#15579=CARTESIAN_POINT('',(0.555,0.44,-0.06));
#15580=CARTESIAN_POINT('',(0.765,0.44,-0.06));
#15581=CARTESIAN_POINT('',(0.435,0.44,-0.06));
#15582=CARTESIAN_POINT('',(0.435,0.1625,-0.06));
#15583=CARTESIAN_POINT('',(0.765,0.1625,-0.06));
#15584=CARTESIAN_POINT('',(0.39,0.1625,-0.0599999999999998));
#15585=CARTESIAN_POINT('',(0.39,0.44,-0.06));
#15586=CARTESIAN_POINT('',(0.765,0.44,-0.06));
#15587=CARTESIAN_POINT('',(0.27,0.44,-0.06));
#15588=CARTESIAN_POINT('',(0.27,0.1625,-0.06));
#15589=CARTESIAN_POINT('',(0.765,0.1625,-0.06));
#15590=CARTESIAN_POINT('',(0.225,0.1625,-0.0599999999999998));
#15591=CARTESIAN_POINT('',(0.225,0.44,-0.06));
#15592=CARTESIAN_POINT('',(0.765,0.44,-0.06));
#15593=CARTESIAN_POINT('',(0.105,0.44,-0.06));
#15594=CARTESIAN_POINT('',(0.105,0.1625,-0.06));
#15595=CARTESIAN_POINT('',(0.765,0.1625,-0.06));
#15596=CARTESIAN_POINT('',(0.06,0.1625,-0.0599999999999998));
#15597=CARTESIAN_POINT('',(0.0600000000000002,0.44,-0.06));
#15598=CARTESIAN_POINT('',(0.765,0.44,-0.06));
#15599=CARTESIAN_POINT('',(-0.06,0.44,-0.06));
#15600=CARTESIAN_POINT('',(-0.06,0.1625,-0.06));
#15601=CARTESIAN_POINT('',(0.765,0.1625,-0.06));
#15602=CARTESIAN_POINT('',(-0.105,0.1625,-0.0599999999999998));
#15603=CARTESIAN_POINT('',(-0.105,0.44,-0.06));
#15604=CARTESIAN_POINT('',(0.765,0.44,-0.06));
#15605=CARTESIAN_POINT('',(-0.225,0.44,-0.06));
#15606=CARTESIAN_POINT('',(-0.225,0.1625,-0.06));
#15607=CARTESIAN_POINT('',(0.765,0.1625,-0.06));
#15608=CARTESIAN_POINT('',(-0.27,0.1625,-0.0599999999999998));
#15609=CARTESIAN_POINT('',(-0.27,0.44,-0.06));
#15610=CARTESIAN_POINT('',(0.765,0.44,-0.06));
#15611=CARTESIAN_POINT('',(-0.39,0.44,-0.06));
#15612=CARTESIAN_POINT('',(-0.39,0.1625,-0.06));
#15613=CARTESIAN_POINT('',(0.765,0.1625,-0.06));
#15614=CARTESIAN_POINT('',(-0.435,0.1625,-0.0599999999999998));
#15615=CARTESIAN_POINT('',(-0.435,0.44,-0.06));
#15616=CARTESIAN_POINT('',(0.765,0.44,-0.06));
#15617=CARTESIAN_POINT('',(-0.555,0.44,-0.06));
#15618=CARTESIAN_POINT('',(-0.555,0.1625,-0.06));
#15619=CARTESIAN_POINT('',(0.765,0.1625,-0.06));
#15620=CARTESIAN_POINT('',(-0.6,0.1625,-0.06));
#15621=CARTESIAN_POINT('',(-0.6,0.44,-0.06));
#15622=CARTESIAN_POINT('',(0.765,-0.1495,0.015));
#15623=CARTESIAN_POINT('',(-0.72,-0.1495,0.015));
#15624=CARTESIAN_POINT('',(-0.72,-0.1495,0.105));
#15625=CARTESIAN_POINT('',(-0.72,-0.2395,0.015));
#15626=CARTESIAN_POINT('',(0.765,-0.1495,0.105));
#15627=CARTESIAN_POINT('',(-0.765,-0.1495,0.105));
#15628=CARTESIAN_POINT('',(-0.765,-0.1495,0.015));
#15629=CARTESIAN_POINT('',(-0.765,-0.2395,0.015));
#15630=CARTESIAN_POINT('',(0.765,-0.2395,0.015));
#15631=CARTESIAN_POINT('',(0.765,-0.1495,0.015));
#15632=CARTESIAN_POINT('',(0.72,-0.1495,0.015));
#15633=CARTESIAN_POINT('',(0.72,-0.2395,0.015));
#15634=CARTESIAN_POINT('',(0.72,-0.1495,0.105));
#15635=CARTESIAN_POINT('',(0.765,-0.2395,0.015));
#15636=CARTESIAN_POINT('',(0.765,-0.2395,0.015));
#15637=CARTESIAN_POINT('',(0.765,-0.1495,0.015));
#15638=CARTESIAN_POINT('',(0.765,-0.1495,0.105));
#15639=CARTESIAN_POINT('',(0.765,-0.1495,0.105));
#15640=CARTESIAN_POINT('',(0.765,-0.1495,0.015));
#15641=CARTESIAN_POINT('',(0.6,-0.1495,0.015));
#15642=CARTESIAN_POINT('',(0.6,-0.1495,0.105));
#15643=CARTESIAN_POINT('',(0.6,-0.2395,0.015));
#15644=CARTESIAN_POINT('',(0.765,-0.1495,0.105));
#15645=CARTESIAN_POINT('',(0.555,-0.1495,0.105));
#15646=CARTESIAN_POINT('',(0.555,-0.1495,0.015));
#15647=CARTESIAN_POINT('',(0.555,-0.2395,0.015));
#15648=CARTESIAN_POINT('',(0.765,-0.2395,0.015));
#15649=CARTESIAN_POINT('',(0.765,-0.1495,0.015));
#15650=CARTESIAN_POINT('',(0.435,-0.1495,0.015));
#15651=CARTESIAN_POINT('',(0.435,-0.1495,0.105));
#15652=CARTESIAN_POINT('',(0.435,-0.2395,0.015));
#15653=CARTESIAN_POINT('',(0.765,-0.1495,0.105));
#15654=CARTESIAN_POINT('',(0.39,-0.1495,0.105));
#15655=CARTESIAN_POINT('',(0.39,-0.1495,0.015));
#15656=CARTESIAN_POINT('',(0.39,-0.2395,0.015));
#15657=CARTESIAN_POINT('',(0.765,-0.2395,0.015));
#15658=CARTESIAN_POINT('',(0.765,-0.1495,0.015));
#15659=CARTESIAN_POINT('',(0.27,-0.1495,0.015));
#15660=CARTESIAN_POINT('',(0.27,-0.1495,0.105));
#15661=CARTESIAN_POINT('',(0.27,-0.2395,0.015));
#15662=CARTESIAN_POINT('',(0.765,-0.1495,0.105));
#15663=CARTESIAN_POINT('',(0.225,-0.1495,0.105));
#15664=CARTESIAN_POINT('',(0.225,-0.1495,0.015));
#15665=CARTESIAN_POINT('',(0.225,-0.2395,0.015));
#15666=CARTESIAN_POINT('',(0.765,-0.2395,0.015));
#15667=CARTESIAN_POINT('',(0.765,-0.1495,0.015));
#15668=CARTESIAN_POINT('',(0.105,-0.1495,0.015));
#15669=CARTESIAN_POINT('',(0.105,-0.1495,0.105));
#15670=CARTESIAN_POINT('',(0.105,-0.2395,0.015));
#15671=CARTESIAN_POINT('',(0.765,-0.1495,0.105));
#15672=CARTESIAN_POINT('',(0.06,-0.1495,0.105));
#15673=CARTESIAN_POINT('',(0.0600000000000002,-0.1495,0.015));
#15674=CARTESIAN_POINT('',(0.0600000000000002,-0.2395,0.015));
#15675=CARTESIAN_POINT('',(0.765,-0.2395,0.015));
#15676=CARTESIAN_POINT('',(0.765,-0.1495,0.015));
#15677=CARTESIAN_POINT('',(-0.06,-0.1495,0.015));
#15678=CARTESIAN_POINT('',(-0.06,-0.1495,0.105));
#15679=CARTESIAN_POINT('',(-0.06,-0.2395,0.015));
#15680=CARTESIAN_POINT('',(0.765,-0.1495,0.105));
#15681=CARTESIAN_POINT('',(-0.105,-0.1495,0.105));
#15682=CARTESIAN_POINT('',(-0.105,-0.1495,0.015));
#15683=CARTESIAN_POINT('',(-0.105,-0.2395,0.015));
#15684=CARTESIAN_POINT('',(0.765,-0.2395,0.015));
#15685=CARTESIAN_POINT('',(0.765,-0.1495,0.015));
#15686=CARTESIAN_POINT('',(-0.225,-0.1495,0.015));
#15687=CARTESIAN_POINT('',(-0.225,-0.1495,0.105));
#15688=CARTESIAN_POINT('',(-0.225,-0.2395,0.015));
#15689=CARTESIAN_POINT('',(0.765,-0.1495,0.105));
#15690=CARTESIAN_POINT('',(-0.27,-0.1495,0.105));
#15691=CARTESIAN_POINT('',(-0.27,-0.1495,0.015));
#15692=CARTESIAN_POINT('',(-0.27,-0.2395,0.015));
#15693=CARTESIAN_POINT('',(0.765,-0.2395,0.015));
#15694=CARTESIAN_POINT('',(0.765,-0.1495,0.015));
#15695=CARTESIAN_POINT('',(-0.39,-0.1495,0.015));
#15696=CARTESIAN_POINT('',(-0.39,-0.1495,0.105));
#15697=CARTESIAN_POINT('',(-0.39,-0.2395,0.015));
#15698=CARTESIAN_POINT('',(0.765,-0.1495,0.105));
#15699=CARTESIAN_POINT('',(-0.435,-0.1495,0.105));
#15700=CARTESIAN_POINT('',(-0.435,-0.1495,0.015));
#15701=CARTESIAN_POINT('',(-0.435,-0.2395,0.015));
#15702=CARTESIAN_POINT('',(0.765,-0.2395,0.015));
#15703=CARTESIAN_POINT('',(0.765,-0.1495,0.015));
#15704=CARTESIAN_POINT('',(-0.555,-0.1495,0.015));
#15705=CARTESIAN_POINT('',(-0.555,-0.1495,0.105));
#15706=CARTESIAN_POINT('',(-0.555,-0.2395,0.015));
#15707=CARTESIAN_POINT('',(0.765,-0.1495,0.105));
#15708=CARTESIAN_POINT('',(-0.6,-0.1495,0.105));
#15709=CARTESIAN_POINT('',(-0.6,-0.1495,0.015));
#15710=CARTESIAN_POINT('',(-0.6,-0.2395,0.015));
#15711=CARTESIAN_POINT('',(0.765,-0.2395,0.015));
#15712=CARTESIAN_POINT('',(0.765,-0.2395,0.015));
#15713=CARTESIAN_POINT('',(-0.72,-0.2395,0.015));
#15714=CARTESIAN_POINT('',(-0.72,-0.2395,-0.359));
#15715=CARTESIAN_POINT('',(-0.765,-0.2395,0.015));
#15716=CARTESIAN_POINT('',(-0.765,-0.2395,-0.359));
#15717=CARTESIAN_POINT('',(0.765,-0.2395,-0.359));
#15718=CARTESIAN_POINT('',(0.765,-0.2395,0.015));
#15719=CARTESIAN_POINT('',(0.72,-0.2395,0.015));
#15720=CARTESIAN_POINT('',(0.72,-0.2395,-0.359));
#15721=CARTESIAN_POINT('',(0.765,-0.2395,-0.359));
#15722=CARTESIAN_POINT('',(0.765,-0.2395,-0.359));
#15723=CARTESIAN_POINT('',(0.765,-0.2395,0.015));
#15724=CARTESIAN_POINT('',(0.765,-0.2395,0.015));
#15725=CARTESIAN_POINT('',(0.6,-0.2395,0.015));
#15726=CARTESIAN_POINT('',(0.6,-0.2395,-0.359));
#15727=CARTESIAN_POINT('',(0.555,-0.2395,0.015));
#15728=CARTESIAN_POINT('',(0.555,-0.2395,-0.359));
#15729=CARTESIAN_POINT('',(0.765,-0.2395,-0.359));
#15730=CARTESIAN_POINT('',(0.765,-0.2395,0.015));
#15731=CARTESIAN_POINT('',(0.435,-0.2395,0.015));
#15732=CARTESIAN_POINT('',(0.435,-0.2395,-0.359));
#15733=CARTESIAN_POINT('',(0.39,-0.2395,0.015));
#15734=CARTESIAN_POINT('',(0.39,-0.2395,-0.359));
#15735=CARTESIAN_POINT('',(0.765,-0.2395,-0.359));
#15736=CARTESIAN_POINT('',(0.765,-0.2395,0.015));
#15737=CARTESIAN_POINT('',(0.27,-0.2395,0.015));
#15738=CARTESIAN_POINT('',(0.27,-0.2395,-0.359));
#15739=CARTESIAN_POINT('',(0.225,-0.2395,0.015));
#15740=CARTESIAN_POINT('',(0.225,-0.2395,-0.359));
#15741=CARTESIAN_POINT('',(0.765,-0.2395,-0.359));
#15742=CARTESIAN_POINT('',(0.765,-0.2395,0.015));
#15743=CARTESIAN_POINT('',(0.105,-0.2395,0.015));
#15744=CARTESIAN_POINT('',(0.105,-0.2395,-0.359));
#15745=CARTESIAN_POINT('',(0.0600000000000002,-0.2395,0.015));
#15746=CARTESIAN_POINT('',(0.0600000000000002,-0.2395,-0.359));
#15747=CARTESIAN_POINT('',(0.765,-0.2395,-0.359));
#15748=CARTESIAN_POINT('',(0.765,-0.2395,0.015));
#15749=CARTESIAN_POINT('',(-0.06,-0.2395,0.015));
#15750=CARTESIAN_POINT('',(-0.06,-0.2395,-0.359));
#15751=CARTESIAN_POINT('',(-0.105,-0.2395,0.015));
#15752=CARTESIAN_POINT('',(-0.105,-0.2395,-0.359));
#15753=CARTESIAN_POINT('',(0.765,-0.2395,-0.359));
#15754=CARTESIAN_POINT('',(0.765,-0.2395,0.015));
#15755=CARTESIAN_POINT('',(-0.225,-0.2395,0.015));
#15756=CARTESIAN_POINT('',(-0.225,-0.2395,-0.359));
#15757=CARTESIAN_POINT('',(-0.27,-0.2395,0.015));
#15758=CARTESIAN_POINT('',(-0.27,-0.2395,-0.359));
#15759=CARTESIAN_POINT('',(0.765,-0.2395,-0.359));
#15760=CARTESIAN_POINT('',(0.765,-0.2395,0.015));
#15761=CARTESIAN_POINT('',(-0.39,-0.2395,0.015));
#15762=CARTESIAN_POINT('',(-0.39,-0.2395,-0.359));
#15763=CARTESIAN_POINT('',(-0.435,-0.2395,0.015));
#15764=CARTESIAN_POINT('',(-0.435,-0.2395,-0.359));
#15765=CARTESIAN_POINT('',(0.765,-0.2395,-0.359));
#15766=CARTESIAN_POINT('',(0.765,-0.2395,0.015));
#15767=CARTESIAN_POINT('',(-0.555,-0.2395,0.015));
#15768=CARTESIAN_POINT('',(-0.555,-0.2395,-0.359));
#15769=CARTESIAN_POINT('',(-0.6,-0.2395,0.015));
#15770=CARTESIAN_POINT('',(-0.6,-0.2395,-0.359));
#15771=CARTESIAN_POINT('',(0.765,-0.2395,-0.359));
#15772=CARTESIAN_POINT('',(0.765,-0.2395,-0.359));
#15773=CARTESIAN_POINT('',(-0.72,-0.2395,-0.359));
#15774=CARTESIAN_POINT('',(-0.72,-0.1945,-0.359));
#15775=CARTESIAN_POINT('',(-0.765,-0.2395,-0.359));
#15776=CARTESIAN_POINT('',(-0.765,-0.1945,-0.359));
#15777=CARTESIAN_POINT('',(0.765,-0.1945,-0.359));
#15778=CARTESIAN_POINT('',(0.765,-0.2395,-0.359));
#15779=CARTESIAN_POINT('',(0.72,-0.2395,-0.359));
#15780=CARTESIAN_POINT('',(0.72,-0.1945,-0.359));
#15781=CARTESIAN_POINT('',(0.765,-0.1945,-0.359));
#15782=CARTESIAN_POINT('',(0.765,-0.1945,-0.359));
#15783=CARTESIAN_POINT('',(0.765,-0.2395,-0.359));
#15784=CARTESIAN_POINT('',(0.765,-0.2395,-0.359));
#15785=CARTESIAN_POINT('',(0.6,-0.2395,-0.359));
#15786=CARTESIAN_POINT('',(0.6,-0.1945,-0.359));
#15787=CARTESIAN_POINT('',(0.555,-0.2395,-0.359));
#15788=CARTESIAN_POINT('',(0.555,-0.1945,-0.359));
#15789=CARTESIAN_POINT('',(0.765,-0.1945,-0.359));
#15790=CARTESIAN_POINT('',(0.765,-0.2395,-0.359));
#15791=CARTESIAN_POINT('',(0.435,-0.2395,-0.359));
#15792=CARTESIAN_POINT('',(0.435,-0.1945,-0.359));
#15793=CARTESIAN_POINT('',(0.39,-0.2395,-0.359));
#15794=CARTESIAN_POINT('',(0.39,-0.1945,-0.359));
#15795=CARTESIAN_POINT('',(0.765,-0.1945,-0.359));
#15796=CARTESIAN_POINT('',(0.765,-0.2395,-0.359));
#15797=CARTESIAN_POINT('',(0.27,-0.2395,-0.359));
#15798=CARTESIAN_POINT('',(0.27,-0.1945,-0.359));
#15799=CARTESIAN_POINT('',(0.225,-0.2395,-0.359));
#15800=CARTESIAN_POINT('',(0.225,-0.1945,-0.359));
#15801=CARTESIAN_POINT('',(0.765,-0.1945,-0.359));
#15802=CARTESIAN_POINT('',(0.765,-0.2395,-0.359));
#15803=CARTESIAN_POINT('',(0.105,-0.2395,-0.359));
#15804=CARTESIAN_POINT('',(0.105,-0.1945,-0.359));
#15805=CARTESIAN_POINT('',(0.0600000000000002,-0.2395,-0.359));
#15806=CARTESIAN_POINT('',(0.0600000000000002,-0.1945,-0.359));
#15807=CARTESIAN_POINT('',(0.765,-0.1945,-0.359));
#15808=CARTESIAN_POINT('',(0.765,-0.2395,-0.359));
#15809=CARTESIAN_POINT('',(-0.06,-0.2395,-0.359));
#15810=CARTESIAN_POINT('',(-0.06,-0.1945,-0.359));
#15811=CARTESIAN_POINT('',(-0.105,-0.2395,-0.359));
#15812=CARTESIAN_POINT('',(-0.105,-0.1945,-0.359));
#15813=CARTESIAN_POINT('',(0.765,-0.1945,-0.359));
#15814=CARTESIAN_POINT('',(0.765,-0.2395,-0.359));
#15815=CARTESIAN_POINT('',(-0.225,-0.2395,-0.359));
#15816=CARTESIAN_POINT('',(-0.225,-0.1945,-0.359));
#15817=CARTESIAN_POINT('',(-0.27,-0.2395,-0.359));
#15818=CARTESIAN_POINT('',(-0.27,-0.1945,-0.359));
#15819=CARTESIAN_POINT('',(0.765,-0.1945,-0.359));
#15820=CARTESIAN_POINT('',(0.765,-0.2395,-0.359));
#15821=CARTESIAN_POINT('',(-0.39,-0.2395,-0.359));
#15822=CARTESIAN_POINT('',(-0.39,-0.1945,-0.359));
#15823=CARTESIAN_POINT('',(-0.435,-0.2395,-0.359));
#15824=CARTESIAN_POINT('',(-0.435,-0.1945,-0.359));
#15825=CARTESIAN_POINT('',(0.765,-0.1945,-0.359));
#15826=CARTESIAN_POINT('',(0.765,-0.2395,-0.359));
#15827=CARTESIAN_POINT('',(-0.555,-0.2395,-0.359));
#15828=CARTESIAN_POINT('',(-0.555,-0.1945,-0.359));
#15829=CARTESIAN_POINT('',(-0.6,-0.2395,-0.359));
#15830=CARTESIAN_POINT('',(-0.6,-0.1945,-0.359));
#15831=CARTESIAN_POINT('',(0.765,-0.1945,-0.359));
#15832=CARTESIAN_POINT('',(0.765,-0.1945,-0.359));
#15833=CARTESIAN_POINT('',(-0.72,-0.1945,-0.359));
#15834=CARTESIAN_POINT('',(-0.72,-0.1945,0.015));
#15835=CARTESIAN_POINT('',(-0.765,-0.1945,-0.359));
#15836=CARTESIAN_POINT('',(-0.765,-0.1945,0.015));
#15837=CARTESIAN_POINT('',(0.765,-0.1945,0.015));
#15838=CARTESIAN_POINT('',(0.765,-0.1945,-0.359));
#15839=CARTESIAN_POINT('',(0.72,-0.1945,-0.359));
#15840=CARTESIAN_POINT('',(0.72,-0.1945,0.015));
#15841=CARTESIAN_POINT('',(0.765,-0.1945,0.015));
#15842=CARTESIAN_POINT('',(0.765,-0.1945,0.015));
#15843=CARTESIAN_POINT('',(0.765,-0.1945,-0.359));
#15844=CARTESIAN_POINT('',(0.765,-0.1945,-0.359));
#15845=CARTESIAN_POINT('',(0.6,-0.1945,-0.359));
#15846=CARTESIAN_POINT('',(0.6,-0.1945,0.015));
#15847=CARTESIAN_POINT('',(0.555,-0.1945,-0.359));
#15848=CARTESIAN_POINT('',(0.555,-0.1945,0.015));
#15849=CARTESIAN_POINT('',(0.765,-0.1945,0.015));
#15850=CARTESIAN_POINT('',(0.765,-0.1945,-0.359));
#15851=CARTESIAN_POINT('',(0.435,-0.1945,-0.359));
#15852=CARTESIAN_POINT('',(0.435,-0.1945,0.015));
#15853=CARTESIAN_POINT('',(0.39,-0.1945,-0.359));
#15854=CARTESIAN_POINT('',(0.39,-0.1945,0.015));
#15855=CARTESIAN_POINT('',(0.765,-0.1945,0.015));
#15856=CARTESIAN_POINT('',(0.765,-0.1945,-0.359));
#15857=CARTESIAN_POINT('',(0.27,-0.1945,-0.359));
#15858=CARTESIAN_POINT('',(0.27,-0.1945,0.015));
#15859=CARTESIAN_POINT('',(0.225,-0.1945,-0.359));
#15860=CARTESIAN_POINT('',(0.225,-0.1945,0.015));
#15861=CARTESIAN_POINT('',(0.765,-0.1945,0.015));
#15862=CARTESIAN_POINT('',(0.765,-0.1945,-0.359));
#15863=CARTESIAN_POINT('',(0.105,-0.1945,-0.359));
#15864=CARTESIAN_POINT('',(0.105,-0.1945,0.015));
#15865=CARTESIAN_POINT('',(0.0600000000000002,-0.1945,-0.359));
#15866=CARTESIAN_POINT('',(0.0600000000000002,-0.1945,0.015));
#15867=CARTESIAN_POINT('',(0.765,-0.1945,0.015));
#15868=CARTESIAN_POINT('',(0.765,-0.1945,-0.359));
#15869=CARTESIAN_POINT('',(-0.06,-0.1945,-0.359));
#15870=CARTESIAN_POINT('',(-0.06,-0.1945,0.015));
#15871=CARTESIAN_POINT('',(-0.105,-0.1945,-0.359));
#15872=CARTESIAN_POINT('',(-0.105,-0.1945,0.015));
#15873=CARTESIAN_POINT('',(0.765,-0.1945,0.015));
#15874=CARTESIAN_POINT('',(0.765,-0.1945,-0.359));
#15875=CARTESIAN_POINT('',(-0.225,-0.1945,-0.359));
#15876=CARTESIAN_POINT('',(-0.225,-0.1945,0.015));
#15877=CARTESIAN_POINT('',(-0.27,-0.1945,-0.359));
#15878=CARTESIAN_POINT('',(-0.27,-0.1945,0.015));
#15879=CARTESIAN_POINT('',(0.765,-0.1945,0.015));
#15880=CARTESIAN_POINT('',(0.765,-0.1945,-0.359));
#15881=CARTESIAN_POINT('',(-0.39,-0.1945,-0.359));
#15882=CARTESIAN_POINT('',(-0.39,-0.1945,0.015));
#15883=CARTESIAN_POINT('',(-0.435,-0.1945,-0.359));
#15884=CARTESIAN_POINT('',(-0.435,-0.1945,0.015));
#15885=CARTESIAN_POINT('',(0.765,-0.1945,0.015));
#15886=CARTESIAN_POINT('',(0.765,-0.1945,-0.359));
#15887=CARTESIAN_POINT('',(-0.555,-0.1945,-0.359));
#15888=CARTESIAN_POINT('',(-0.555,-0.1945,0.015));
#15889=CARTESIAN_POINT('',(-0.6,-0.1945,-0.359));
#15890=CARTESIAN_POINT('',(-0.6,-0.1945,0.015));
#15891=CARTESIAN_POINT('',(0.765,-0.1945,0.015));
#15892=CARTESIAN_POINT('',(0.765,-0.1495,0.015));
#15893=CARTESIAN_POINT('',(0.765,-0.1495,0.06));
#15894=CARTESIAN_POINT('',(-0.72,-0.1495,0.06));
#15895=CARTESIAN_POINT('',(-0.765,-0.1495,0.06));
#15896=CARTESIAN_POINT('',(-0.72,-0.1495,0.015));
#15897=CARTESIAN_POINT('',(-0.765,-0.1495,0.015));
#15898=CARTESIAN_POINT('',(0.765,-0.1495,0.015));
#15899=CARTESIAN_POINT('',(0.72,-0.1495,0.015));
#15900=CARTESIAN_POINT('',(0.72,-0.1495,0.06));
#15901=CARTESIAN_POINT('',(0.765,-0.1495,0.06));
#15902=CARTESIAN_POINT('',(0.765,-0.1495,0.06));
#15903=CARTESIAN_POINT('',(0.765,-0.1495,0.015));
#15904=CARTESIAN_POINT('',(0.765,-0.1495,0.015));
#15905=CARTESIAN_POINT('',(0.765,-0.1495,0.06));
#15906=CARTESIAN_POINT('',(0.6,-0.1495,0.06));
#15907=CARTESIAN_POINT('',(0.555,-0.1495,0.06));
#15908=CARTESIAN_POINT('',(0.6,-0.1495,0.015));
#15909=CARTESIAN_POINT('',(0.555,-0.1495,0.015));
#15910=CARTESIAN_POINT('',(0.765,-0.1495,0.015));
#15911=CARTESIAN_POINT('',(0.765,-0.1495,0.06));
#15912=CARTESIAN_POINT('',(0.435,-0.1495,0.06));
#15913=CARTESIAN_POINT('',(0.39,-0.1495,0.06));
#15914=CARTESIAN_POINT('',(0.435,-0.1495,0.015));
#15915=CARTESIAN_POINT('',(0.39,-0.1495,0.015));
#15916=CARTESIAN_POINT('',(0.765,-0.1495,0.015));
#15917=CARTESIAN_POINT('',(0.765,-0.1495,0.06));
#15918=CARTESIAN_POINT('',(0.27,-0.1495,0.06));
#15919=CARTESIAN_POINT('',(0.225,-0.1495,0.06));
#15920=CARTESIAN_POINT('',(0.27,-0.1495,0.015));
#15921=CARTESIAN_POINT('',(0.225,-0.1495,0.015));
#15922=CARTESIAN_POINT('',(0.765,-0.1495,0.015));
#15923=CARTESIAN_POINT('',(0.765,-0.1495,0.06));
#15924=CARTESIAN_POINT('',(0.105,-0.1495,0.06));
#15925=CARTESIAN_POINT('',(0.0600000000000002,-0.1495,0.06));
#15926=CARTESIAN_POINT('',(0.105,-0.1495,0.015));
#15927=CARTESIAN_POINT('',(0.0600000000000002,-0.1495,0.015));
#15928=CARTESIAN_POINT('',(0.765,-0.1495,0.015));
#15929=CARTESIAN_POINT('',(0.765,-0.1495,0.06));
#15930=CARTESIAN_POINT('',(-0.06,-0.1495,0.06));
#15931=CARTESIAN_POINT('',(-0.105,-0.1495,0.06));
#15932=CARTESIAN_POINT('',(-0.06,-0.1495,0.015));
#15933=CARTESIAN_POINT('',(-0.105,-0.1495,0.015));
#15934=CARTESIAN_POINT('',(0.765,-0.1495,0.015));
#15935=CARTESIAN_POINT('',(0.765,-0.1495,0.06));
#15936=CARTESIAN_POINT('',(-0.225,-0.1495,0.06));
#15937=CARTESIAN_POINT('',(-0.27,-0.1495,0.06));
#15938=CARTESIAN_POINT('',(-0.225,-0.1495,0.015));
#15939=CARTESIAN_POINT('',(-0.27,-0.1495,0.015));
#15940=CARTESIAN_POINT('',(0.765,-0.1495,0.015));
#15941=CARTESIAN_POINT('',(0.765,-0.1495,0.06));
#15942=CARTESIAN_POINT('',(-0.39,-0.1495,0.06));
#15943=CARTESIAN_POINT('',(-0.435,-0.1495,0.06));
#15944=CARTESIAN_POINT('',(-0.39,-0.1495,0.015));
#15945=CARTESIAN_POINT('',(-0.435,-0.1495,0.015));
#15946=CARTESIAN_POINT('',(0.765,-0.1495,0.015));
#15947=CARTESIAN_POINT('',(0.765,-0.1495,0.06));
#15948=CARTESIAN_POINT('',(-0.555,-0.1495,0.06));
#15949=CARTESIAN_POINT('',(-0.6,-0.1495,0.06));
#15950=CARTESIAN_POINT('',(-0.555,-0.1495,0.015));
#15951=CARTESIAN_POINT('',(-0.6,-0.1495,0.015));
#15952=CARTESIAN_POINT('',(0.765,-0.1495,0.06));
#15953=CARTESIAN_POINT('',(-0.72,-0.1495,0.06));
#15954=CARTESIAN_POINT('',(-0.72,0.1625,0.0600000000000002));
#15955=CARTESIAN_POINT('',(-0.765,-0.1495,0.06));
#15956=CARTESIAN_POINT('',(-0.765,0.1625,0.06));
#15957=CARTESIAN_POINT('',(-0.7675,0.1625,0.06));
#15958=CARTESIAN_POINT('',(0.765,-0.1495,0.06));
#15959=CARTESIAN_POINT('',(0.72,-0.1495,0.06));
#15960=CARTESIAN_POINT('',(0.72,0.1625,0.0600000000000002));
#15961=CARTESIAN_POINT('',(-0.7675,0.1625,0.06));
#15962=CARTESIAN_POINT('',(0.765,0.1625,0.06));
#15963=CARTESIAN_POINT('',(0.765,-0.1495,0.06));
#15964=CARTESIAN_POINT('',(0.765,-0.1495,0.06));
#15965=CARTESIAN_POINT('',(0.6,-0.1495,0.06));
#15966=CARTESIAN_POINT('',(0.6,0.1625,0.0600000000000003));
#15967=CARTESIAN_POINT('',(0.555,-0.1495,0.06));
#15968=CARTESIAN_POINT('',(0.555,0.1625,0.0600000000000002));
#15969=CARTESIAN_POINT('',(-0.7675,0.1625,0.06));
#15970=CARTESIAN_POINT('',(0.765,-0.1495,0.06));
#15971=CARTESIAN_POINT('',(0.435,-0.1495,0.06));
#15972=CARTESIAN_POINT('',(0.435,0.1625,0.0600000000000003));
#15973=CARTESIAN_POINT('',(0.39,-0.1495,0.06));
#15974=CARTESIAN_POINT('',(0.39,0.1625,0.0600000000000002));
#15975=CARTESIAN_POINT('',(-0.7675,0.1625,0.06));
#15976=CARTESIAN_POINT('',(0.765,-0.1495,0.06));
#15977=CARTESIAN_POINT('',(0.27,-0.1495,0.06));
#15978=CARTESIAN_POINT('',(0.27,0.1625,0.0600000000000003));
#15979=CARTESIAN_POINT('',(0.225,-0.1495,0.06));
#15980=CARTESIAN_POINT('',(0.225,0.1625,0.0600000000000002));
#15981=CARTESIAN_POINT('',(-0.7675,0.1625,0.06));
#15982=CARTESIAN_POINT('',(0.765,-0.1495,0.06));
#15983=CARTESIAN_POINT('',(0.105,-0.1495,0.06));
#15984=CARTESIAN_POINT('',(0.105,0.1625,0.0600000000000003));
#15985=CARTESIAN_POINT('',(0.06,-0.1495,0.06));
#15986=CARTESIAN_POINT('',(0.06,0.1625,0.0600000000000002));
#15987=CARTESIAN_POINT('',(-0.7675,0.1625,0.06));
#15988=CARTESIAN_POINT('',(0.765,-0.1495,0.06));
#15989=CARTESIAN_POINT('',(-0.06,-0.1495,0.06));
#15990=CARTESIAN_POINT('',(-0.06,0.1625,0.0600000000000003));
#15991=CARTESIAN_POINT('',(-0.105,-0.1495,0.06));
#15992=CARTESIAN_POINT('',(-0.105,0.1625,0.0600000000000002));
#15993=CARTESIAN_POINT('',(-0.7675,0.1625,0.06));
#15994=CARTESIAN_POINT('',(0.765,-0.1495,0.06));
#15995=CARTESIAN_POINT('',(-0.225,-0.1495,0.06));
#15996=CARTESIAN_POINT('',(-0.225,0.1625,0.0600000000000003));
#15997=CARTESIAN_POINT('',(-0.27,-0.1495,0.06));
#15998=CARTESIAN_POINT('',(-0.27,0.1625,0.0600000000000002));
#15999=CARTESIAN_POINT('',(-0.7675,0.1625,0.06));
#16000=CARTESIAN_POINT('',(0.765,-0.1495,0.06));
#16001=CARTESIAN_POINT('',(-0.39,-0.1495,0.06));
#16002=CARTESIAN_POINT('',(-0.39,0.1625,0.0600000000000003));
#16003=CARTESIAN_POINT('',(-0.435,-0.1495,0.06));
#16004=CARTESIAN_POINT('',(-0.435,0.1625,0.0600000000000002));
#16005=CARTESIAN_POINT('',(-0.7675,0.1625,0.06));
#16006=CARTESIAN_POINT('',(0.765,-0.1495,0.06));
#16007=CARTESIAN_POINT('',(-0.555,-0.1495,0.06));
#16008=CARTESIAN_POINT('',(-0.555,0.1625,0.0600000000000003));
#16009=CARTESIAN_POINT('',(-0.6,-0.1495,0.06));
#16010=CARTESIAN_POINT('',(-0.6,0.1625,0.0600000000000002));
#16011=CARTESIAN_POINT('',(-0.7675,0.1625,0.06));
#16012=CARTESIAN_POINT('',(0.765,0.41,0.105));
#16013=CARTESIAN_POINT('',(-0.72,0.41,0.105));
#16014=CARTESIAN_POINT('',(-0.72,0.1625,0.105));
#16015=CARTESIAN_POINT('',(-0.7675,0.1625,0.105));
#16016=CARTESIAN_POINT('',(-0.765,0.1625,0.105));
#16017=CARTESIAN_POINT('',(-0.765,0.41,0.105));
#16018=CARTESIAN_POINT('',(0.765,0.41,0.105));
#16019=CARTESIAN_POINT('',(0.72,0.41,0.105));
#16020=CARTESIAN_POINT('',(0.72,0.1625,0.105));
#16021=CARTESIAN_POINT('',(0.765,0.41,0.105));
#16022=CARTESIAN_POINT('',(0.765,0.1625,0.105));
#16023=CARTESIAN_POINT('',(-0.7675,0.1625,0.105));
#16024=CARTESIAN_POINT('',(0.765,0.41,0.105));
#16025=CARTESIAN_POINT('',(0.6,0.41,0.105));
#16026=CARTESIAN_POINT('',(0.6,0.1625,0.105));
#16027=CARTESIAN_POINT('',(-0.7675,0.1625,0.105));
#16028=CARTESIAN_POINT('',(0.555,0.1625,0.105));
#16029=CARTESIAN_POINT('',(0.555,0.41,0.105));
#16030=CARTESIAN_POINT('',(0.765,0.41,0.105));
#16031=CARTESIAN_POINT('',(0.435,0.41,0.105));
#16032=CARTESIAN_POINT('',(0.435,0.1625,0.105));
#16033=CARTESIAN_POINT('',(-0.7675,0.1625,0.105));
#16034=CARTESIAN_POINT('',(0.39,0.1625,0.105));
#16035=CARTESIAN_POINT('',(0.39,0.41,0.105));
#16036=CARTESIAN_POINT('',(0.765,0.41,0.105));
#16037=CARTESIAN_POINT('',(0.27,0.41,0.105));
#16038=CARTESIAN_POINT('',(0.27,0.1625,0.105));
#16039=CARTESIAN_POINT('',(-0.7675,0.1625,0.105));
#16040=CARTESIAN_POINT('',(0.225,0.1625,0.105));
#16041=CARTESIAN_POINT('',(0.225,0.41,0.105));
#16042=CARTESIAN_POINT('',(0.765,0.41,0.105));
#16043=CARTESIAN_POINT('',(0.105,0.41,0.105));
#16044=CARTESIAN_POINT('',(0.105,0.1625,0.105));
#16045=CARTESIAN_POINT('',(-0.7675,0.1625,0.105));
#16046=CARTESIAN_POINT('',(0.06,0.1625,0.105));
#16047=CARTESIAN_POINT('',(0.06,0.41,0.105));
#16048=CARTESIAN_POINT('',(0.765,0.41,0.105));
#16049=CARTESIAN_POINT('',(-0.06,0.41,0.105));
#16050=CARTESIAN_POINT('',(-0.06,0.1625,0.105));
#16051=CARTESIAN_POINT('',(-0.7675,0.1625,0.105));
#16052=CARTESIAN_POINT('',(-0.105,0.1625,0.105));
#16053=CARTESIAN_POINT('',(-0.105,0.41,0.105));
#16054=CARTESIAN_POINT('',(0.765,0.41,0.105));
#16055=CARTESIAN_POINT('',(-0.225,0.41,0.105));
#16056=CARTESIAN_POINT('',(-0.225,0.1625,0.105));
#16057=CARTESIAN_POINT('',(-0.7675,0.1625,0.105));
#16058=CARTESIAN_POINT('',(-0.27,0.1625,0.105));
#16059=CARTESIAN_POINT('',(-0.27,0.41,0.105));
#16060=CARTESIAN_POINT('',(0.765,0.41,0.105));
#16061=CARTESIAN_POINT('',(-0.39,0.41,0.105));
#16062=CARTESIAN_POINT('',(-0.39,0.1625,0.105));
#16063=CARTESIAN_POINT('',(-0.7675,0.1625,0.105));
#16064=CARTESIAN_POINT('',(-0.435,0.1625,0.105));
#16065=CARTESIAN_POINT('',(-0.435,0.41,0.105));
#16066=CARTESIAN_POINT('',(0.765,0.41,0.105));
#16067=CARTESIAN_POINT('',(-0.555,0.41,0.105));
#16068=CARTESIAN_POINT('',(-0.555,0.1625,0.105));
#16069=CARTESIAN_POINT('',(-0.7675,0.1625,0.105));
#16070=CARTESIAN_POINT('',(-0.6,0.1625,0.105));
#16071=CARTESIAN_POINT('',(-0.6,0.41,0.105));
#16072=CARTESIAN_POINT('',(-0.7675,0.1625,0.11));
#16073=CARTESIAN_POINT('',(-0.72,0.1625,0.6861));
#16074=CARTESIAN_POINT('',(-0.765,0.1625,0.11));
#16075=CARTESIAN_POINT('',(-0.72,0.1625,0.6861));
#16076=CARTESIAN_POINT('',(-0.765,0.1625,-0.15));
#16077=CARTESIAN_POINT('',(0.765,0.1625,0.11));
#16078=CARTESIAN_POINT('',(0.72,0.1625,0.6861));
#16079=CARTESIAN_POINT('',(0.765,0.1625,-0.15));
#16080=CARTESIAN_POINT('',(0.72,0.1625,0.6861));
#16081=CARTESIAN_POINT('',(0.6,0.1625,0.6861));
#16082=CARTESIAN_POINT('',(0.555,0.1625,0.6861));
#16083=CARTESIAN_POINT('',(0.6,0.1625,0.6861));
#16084=CARTESIAN_POINT('',(0.555,0.1625,0.6861));
#16085=CARTESIAN_POINT('',(0.435,0.1625,0.6861));
#16086=CARTESIAN_POINT('',(0.39,0.1625,0.6861));
#16087=CARTESIAN_POINT('',(0.435,0.1625,0.6861));
#16088=CARTESIAN_POINT('',(0.39,0.1625,0.6861));
#16089=CARTESIAN_POINT('',(0.27,0.1625,0.6861));
#16090=CARTESIAN_POINT('',(0.225,0.1625,0.6861));
#16091=CARTESIAN_POINT('',(0.27,0.1625,0.6861));
#16092=CARTESIAN_POINT('',(0.225,0.1625,0.6861));
#16093=CARTESIAN_POINT('',(0.105,0.1625,0.6861));
#16094=CARTESIAN_POINT('',(0.06,0.1625,0.6861));
#16095=CARTESIAN_POINT('',(0.105,0.1625,0.6861));
#16096=CARTESIAN_POINT('',(0.06,0.1625,0.6861));
#16097=CARTESIAN_POINT('',(-0.06,0.1625,0.6861));
#16098=CARTESIAN_POINT('',(-0.105,0.1625,0.6861));
#16099=CARTESIAN_POINT('',(-0.06,0.1625,0.6861));
#16100=CARTESIAN_POINT('',(-0.105,0.1625,0.6861));
#16101=CARTESIAN_POINT('',(-0.225,0.1625,0.6861));
#16102=CARTESIAN_POINT('',(-0.27,0.1625,0.6861));
#16103=CARTESIAN_POINT('',(-0.225,0.1625,0.6861));
#16104=CARTESIAN_POINT('',(-0.27,0.1625,0.6861));
#16105=CARTESIAN_POINT('',(-0.39,0.1625,0.6861));
#16106=CARTESIAN_POINT('',(-0.435,0.1625,0.6861));
#16107=CARTESIAN_POINT('',(-0.39,0.1625,0.6861));
#16108=CARTESIAN_POINT('',(-0.435,0.1625,0.6861));
#16109=CARTESIAN_POINT('',(-0.555,0.1625,0.6861));
#16110=CARTESIAN_POINT('',(-0.6,0.1625,0.6861));
#16111=CARTESIAN_POINT('',(-0.555,0.1625,0.6861));
#16112=CARTESIAN_POINT('',(-0.6,0.1625,0.6861));
#16113=CARTESIAN_POINT('',(-0.765,0.0675,-0.15));
#16114=CARTESIAN_POINT('',(0.765,0.0675,-0.15));
#16115=CARTESIAN_POINT('',(0.765,-0.1495,0.015));
#16116=CARTESIAN_POINT('',(-0.765,-0.1495,0.015));
#16117=CARTESIAN_POINT('',(-0.6,-0.6861,0.6861));
#16118=CARTESIAN_POINT('',(-0.72,0.1625,0.6861));
#16119=CARTESIAN_POINT('',(-0.555,0.1625,0.6861));
#16120=CARTESIAN_POINT('',(-0.435,-0.6861,0.6861));
#16121=CARTESIAN_POINT('',(-0.39,0.1625,0.6861));
#16122=CARTESIAN_POINT('',(-0.27,-0.6861,0.6861));
#16123=CARTESIAN_POINT('',(-0.225,0.1625,0.6861));
#16124=CARTESIAN_POINT('',(-0.105,-0.6861,0.6861));
#16125=CARTESIAN_POINT('',(-0.06,0.1625,0.6861));
#16126=CARTESIAN_POINT('',(0.06,-0.6861,0.6861));
#16127=CARTESIAN_POINT('',(0.105,0.1625,0.6861));
#16128=CARTESIAN_POINT('',(0.225,-0.6861,0.6861));
#16129=CARTESIAN_POINT('',(0.27,0.1625,0.6861));
#16130=CARTESIAN_POINT('',(0.39,-0.6861,0.6861));
#16131=CARTESIAN_POINT('',(0.435,0.1625,0.6861));
#16132=CARTESIAN_POINT('',(0.555,-0.6861,0.6861));
#16133=CARTESIAN_POINT('',(0.6,0.1625,0.6861));
#16134=CARTESIAN_POINT('',(0.72,-0.6861,0.6861));
#16135=CARTESIAN_POINT('',(-0.6,-0.6861,0.6861));
#16136=CARTESIAN_POINT('',(-0.72,0.1625,0.6861));
#16137=CARTESIAN_POINT('',(-0.555,0.1625,0.6861));
#16138=CARTESIAN_POINT('',(-0.435,-0.6861,0.6861));
#16139=CARTESIAN_POINT('',(-0.39,0.1625,0.6861));
#16140=CARTESIAN_POINT('',(-0.27,-0.6861,0.6861));
#16141=CARTESIAN_POINT('',(-0.225,0.1625,0.6861));
#16142=CARTESIAN_POINT('',(-0.105,-0.6861,0.6861));
#16143=CARTESIAN_POINT('',(-0.06,0.1625,0.6861));
#16144=CARTESIAN_POINT('',(0.06,-0.6861,0.6861));
#16145=CARTESIAN_POINT('',(0.105,0.1625,0.6861));
#16146=CARTESIAN_POINT('',(0.225,-0.6861,0.6861));
#16147=CARTESIAN_POINT('',(0.27,0.1625,0.6861));
#16148=CARTESIAN_POINT('',(0.39,-0.6861,0.6861));
#16149=CARTESIAN_POINT('',(0.435,0.1625,0.6861));
#16150=CARTESIAN_POINT('',(0.555,-0.6861,0.6861));
#16151=CARTESIAN_POINT('',(0.72,-0.6861,0.6861));
#16152=CARTESIAN_POINT('',(0.6,0.1625,0.6861));
#16153=CARTESIAN_POINT('',(1.53,0.1645,10.));
#16154=CARTESIAN_POINT('',(0.,-0.06,0.));
#16155=CARTESIAN_POINT('',(-0.7675,0.1675,0.11));
#16156=CARTESIAN_POINT('',(-0.7675,0.1645,0.11));
#16157=CARTESIAN_POINT('',(-0.7675,0.1645,0.11));
#16158=CARTESIAN_POINT('',(-0.7675,0.1645,-0.11));
#16159=CARTESIAN_POINT('',(-0.7675,0.1675,0.11));
#16160=CARTESIAN_POINT('',(-0.7675,0.1675,0.11));
#16161=CARTESIAN_POINT('',(-0.7675,0.1675,0.11));
#16162=CARTESIAN_POINT('',(-0.7675,0.1675,-0.11));
#16163=CARTESIAN_POINT('',(-0.7675,0.1675,-0.11));
#16164=CARTESIAN_POINT('',(0.7675,0.1625,0.11));
#16165=CARTESIAN_POINT('',(0.7675,0.1645,0.11));
#16166=CARTESIAN_POINT('',(0.7675,0.1645,-0.11));
#16167=CARTESIAN_POINT('',(0.7675,0.1645,0.11));
#16168=CARTESIAN_POINT('',(0.7675,0.1625,-0.11));
#16169=CARTESIAN_POINT('',(0.7675,0.1675,-0.11));
#16170=CARTESIAN_POINT('',(0.7675,0.1675,0.11));
#16171=CARTESIAN_POINT('',(0.7675,0.1675,0.11));
#16172=CARTESIAN_POINT('',(0.7675,0.1625,0.11));
#16173=CARTESIAN_POINT('',(0.,0.,0.11));
#16174=CARTESIAN_POINT('',(0.,0.1645,0.11));
#16175=CARTESIAN_POINT('',(0.7675,0.1675,0.11));
#16176=CARTESIAN_POINT('',(0.,0.,-0.11));
#16177=CARTESIAN_POINT('',(0.,0.1645,-0.11));
#16178=CARTESIAN_POINT('',(0.7675,0.1675,-0.11));
#16179=CARTESIAN_POINT('',(0.765,0.44,-0.06));
#16180=CARTESIAN_POINT('',(-0.72,0.439999999999999,-0.06));
#16181=CARTESIAN_POINT('',(-0.72,0.44,-0.06));
#16182=CARTESIAN_POINT('',(-0.72,0.1675,-0.0599999999999998));
#16183=CARTESIAN_POINT('',(0.765,0.44,-0.06));
#16184=CARTESIAN_POINT('',(-0.765,0.44,-0.06));
#16185=CARTESIAN_POINT('',(-0.765,0.44,-0.06));
#16186=CARTESIAN_POINT('',(-0.765,0.1675,-0.06));
#16187=CARTESIAN_POINT('',(0.765,0.1675,-0.06));
#16188=CARTESIAN_POINT('',(0.765,0.44,-0.06));
#16189=CARTESIAN_POINT('',(-0.6,0.44,-0.06));
#16190=CARTESIAN_POINT('',(-0.6,0.1675,-0.0599999999999998));
#16191=CARTESIAN_POINT('',(-0.599999999999999,0.44,-0.06));
#16192=CARTESIAN_POINT('',(0.765,0.1675,-0.06));
#16193=CARTESIAN_POINT('',(-0.555,0.1675,-0.0599999999999998));
#16194=CARTESIAN_POINT('',(-0.555,0.44,-0.06));
#16195=CARTESIAN_POINT('',(-0.555,0.44,-0.06));
#16196=CARTESIAN_POINT('',(0.765,0.44,-0.06));
#16197=CARTESIAN_POINT('',(0.765,0.44,-0.06));
#16198=CARTESIAN_POINT('',(-0.435,0.44,-0.06));
#16199=CARTESIAN_POINT('',(-0.435,0.1675,-0.0599999999999998));
#16200=CARTESIAN_POINT('',(-0.435,0.44,-0.06));
#16201=CARTESIAN_POINT('',(0.765,0.1675,-0.06));
#16202=CARTESIAN_POINT('',(-0.39,0.1675,-0.0599999999999998));
#16203=CARTESIAN_POINT('',(-0.39,0.44,-0.06));
#16204=CARTESIAN_POINT('',(-0.39,0.44,-0.06));
#16205=CARTESIAN_POINT('',(0.765,0.44,-0.06));
#16206=CARTESIAN_POINT('',(0.765,0.44,-0.06));
#16207=CARTESIAN_POINT('',(-0.27,0.44,-0.06));
#16208=CARTESIAN_POINT('',(-0.27,0.1675,-0.0599999999999998));
#16209=CARTESIAN_POINT('',(-0.27,0.44,-0.06));
#16210=CARTESIAN_POINT('',(0.765,0.1675,-0.06));
#16211=CARTESIAN_POINT('',(-0.225,0.1675,-0.0599999999999998));
#16212=CARTESIAN_POINT('',(-0.225,0.44,-0.06));
#16213=CARTESIAN_POINT('',(-0.225,0.44,-0.06));
#16214=CARTESIAN_POINT('',(0.765,0.44,-0.06));
#16215=CARTESIAN_POINT('',(0.765,0.44,-0.06));
#16216=CARTESIAN_POINT('',(-0.105,0.44,-0.06));
#16217=CARTESIAN_POINT('',(-0.105,0.1675,-0.0599999999999998));
#16218=CARTESIAN_POINT('',(-0.105,0.44,-0.06));
#16219=CARTESIAN_POINT('',(0.765,0.1675,-0.06));
#16220=CARTESIAN_POINT('',(-0.06,0.1675,-0.0599999999999998));
#16221=CARTESIAN_POINT('',(-0.0599999999999999,0.44,-0.06));
#16222=CARTESIAN_POINT('',(-0.0599999999999999,0.44,-0.06));
#16223=CARTESIAN_POINT('',(0.765,0.44,-0.06));
#16224=CARTESIAN_POINT('',(0.765,0.44,-0.06));
#16225=CARTESIAN_POINT('',(0.0600000000000002,0.44,-0.06));
#16226=CARTESIAN_POINT('',(0.06,0.1675,-0.0599999999999998));
#16227=CARTESIAN_POINT('',(0.0600000000000005,0.44,-0.06));
#16228=CARTESIAN_POINT('',(0.765,0.1675,-0.06));
#16229=CARTESIAN_POINT('',(0.105,0.1675,-0.0599999999999998));
#16230=CARTESIAN_POINT('',(0.105,0.44,-0.06));
#16231=CARTESIAN_POINT('',(0.105,0.44,-0.06));
#16232=CARTESIAN_POINT('',(0.765,0.44,-0.06));
#16233=CARTESIAN_POINT('',(0.765,0.44,-0.06));
#16234=CARTESIAN_POINT('',(0.225,0.44,-0.06));
#16235=CARTESIAN_POINT('',(0.225,0.1675,-0.0599999999999998));
#16236=CARTESIAN_POINT('',(0.225,0.44,-0.06));
#16237=CARTESIAN_POINT('',(0.765,0.1675,-0.06));
#16238=CARTESIAN_POINT('',(0.27,0.1675,-0.0599999999999998));
#16239=CARTESIAN_POINT('',(0.27,0.44,-0.06));
#16240=CARTESIAN_POINT('',(0.27,0.44,-0.06));
#16241=CARTESIAN_POINT('',(0.765,0.44,-0.06));
#16242=CARTESIAN_POINT('',(0.765,0.44,-0.06));
#16243=CARTESIAN_POINT('',(0.39,0.44,-0.06));
#16244=CARTESIAN_POINT('',(0.39,0.1675,-0.0599999999999998));
#16245=CARTESIAN_POINT('',(0.39,0.44,-0.06));
#16246=CARTESIAN_POINT('',(0.765,0.1675,-0.06));
#16247=CARTESIAN_POINT('',(0.435,0.1675,-0.0599999999999998));
#16248=CARTESIAN_POINT('',(0.435,0.44,-0.06));
#16249=CARTESIAN_POINT('',(0.435,0.44,-0.06));
#16250=CARTESIAN_POINT('',(0.765,0.44,-0.06));
#16251=CARTESIAN_POINT('',(0.765,0.44,-0.06));
#16252=CARTESIAN_POINT('',(0.555,0.44,-0.06));
#16253=CARTESIAN_POINT('',(0.555,0.1675,-0.0599999999999998));
#16254=CARTESIAN_POINT('',(0.555,0.44,-0.06));
#16255=CARTESIAN_POINT('',(0.765,0.1675,-0.06));
#16256=CARTESIAN_POINT('',(0.6,0.1675,-0.0599999999999998));
#16257=CARTESIAN_POINT('',(0.6,0.44,-0.06));
#16258=CARTESIAN_POINT('',(0.6,0.44,-0.06));
#16259=CARTESIAN_POINT('',(0.765,0.44,-0.06));
#16260=CARTESIAN_POINT('',(0.765,0.44,-0.06));
#16261=CARTESIAN_POINT('',(0.72,0.44,-0.06));
#16262=CARTESIAN_POINT('',(0.72,0.1675,-0.0599999999999998));
#16263=CARTESIAN_POINT('',(0.72,0.44,-0.06));
#16264=CARTESIAN_POINT('',(0.765,0.1675,-0.06));
#16265=CARTESIAN_POINT('',(0.765,0.1675,-0.06));
#16266=CARTESIAN_POINT('',(0.765,0.44,-0.06));
#16267=CARTESIAN_POINT('',(0.765,0.44,-0.06));
#16268=CARTESIAN_POINT('',(0.765,0.44,-0.06));
#16269=CARTESIAN_POINT('',(0.765,0.0675,-0.105));
#16270=CARTESIAN_POINT('',(-0.72,0.0674999999999988,-0.105));
#16271=CARTESIAN_POINT('',(-0.72,0.1675,-0.105));
#16272=CARTESIAN_POINT('',(-0.72,0.44,-0.105));
#16273=CARTESIAN_POINT('',(0.765,0.1675,-0.105));
#16274=CARTESIAN_POINT('',(-0.765,0.1675,-0.105));
#16275=CARTESIAN_POINT('',(-0.765,0.0675,-0.105));
#16276=CARTESIAN_POINT('',(-0.765,0.44,-0.105));
#16277=CARTESIAN_POINT('',(0.765,0.44,-0.105));
#16278=CARTESIAN_POINT('',(0.765,0.0675,-0.105));
#16279=CARTESIAN_POINT('',(-0.6,0.0675,-0.105));
#16280=CARTESIAN_POINT('',(-0.6,0.44,-0.105));
#16281=CARTESIAN_POINT('',(-0.6,0.1675,-0.105));
#16282=CARTESIAN_POINT('',(0.765,0.44,-0.105));
#16283=CARTESIAN_POINT('',(-0.555,0.44,-0.105));
#16284=CARTESIAN_POINT('',(-0.555,0.0675,-0.105));
#16285=CARTESIAN_POINT('',(-0.555,0.1675,-0.105));
#16286=CARTESIAN_POINT('',(0.765,0.1675,-0.105));
#16287=CARTESIAN_POINT('',(0.765,0.0675,-0.105));
#16288=CARTESIAN_POINT('',(-0.435,0.0675,-0.105));
#16289=CARTESIAN_POINT('',(-0.435,0.44,-0.105));
#16290=CARTESIAN_POINT('',(-0.435,0.1675,-0.105));
#16291=CARTESIAN_POINT('',(0.765,0.44,-0.105));
#16292=CARTESIAN_POINT('',(-0.39,0.44,-0.105));
#16293=CARTESIAN_POINT('',(-0.39,0.0675,-0.105));
#16294=CARTESIAN_POINT('',(-0.39,0.1675,-0.105));
#16295=CARTESIAN_POINT('',(0.765,0.1675,-0.105));
#16296=CARTESIAN_POINT('',(0.765,0.0675,-0.105));
#16297=CARTESIAN_POINT('',(-0.27,0.0675,-0.105));
#16298=CARTESIAN_POINT('',(-0.27,0.44,-0.105));
#16299=CARTESIAN_POINT('',(-0.27,0.1675,-0.105));
#16300=CARTESIAN_POINT('',(0.765,0.44,-0.105));
#16301=CARTESIAN_POINT('',(-0.225,0.44,-0.105));
#16302=CARTESIAN_POINT('',(-0.225,0.0675,-0.105));
#16303=CARTESIAN_POINT('',(-0.225,0.1675,-0.105));
#16304=CARTESIAN_POINT('',(0.765,0.1675,-0.105));
#16305=CARTESIAN_POINT('',(0.765,0.0675,-0.105));
#16306=CARTESIAN_POINT('',(-0.105,0.0675,-0.105));
#16307=CARTESIAN_POINT('',(-0.105,0.44,-0.105));
#16308=CARTESIAN_POINT('',(-0.105,0.1675,-0.105));
#16309=CARTESIAN_POINT('',(0.765,0.44,-0.105));
#16310=CARTESIAN_POINT('',(-0.0599999999999999,0.44,-0.105));
#16311=CARTESIAN_POINT('',(-0.0599999999999999,0.0675,-0.105));
#16312=CARTESIAN_POINT('',(-0.06,0.1675,-0.105));
#16313=CARTESIAN_POINT('',(0.765,0.1675,-0.105));
#16314=CARTESIAN_POINT('',(0.765,0.0675,-0.105));
#16315=CARTESIAN_POINT('',(0.0600000000000002,0.0675,-0.105));
#16316=CARTESIAN_POINT('',(0.0600000000000002,0.44,-0.105));
#16317=CARTESIAN_POINT('',(0.06,0.1675,-0.105));
#16318=CARTESIAN_POINT('',(0.765,0.44,-0.105));
#16319=CARTESIAN_POINT('',(0.105,0.44,-0.105));
#16320=CARTESIAN_POINT('',(0.105,0.0675,-0.105));
#16321=CARTESIAN_POINT('',(0.105,0.1675,-0.105));
#16322=CARTESIAN_POINT('',(0.765,0.1675,-0.105));
#16323=CARTESIAN_POINT('',(0.765,0.0675,-0.105));
#16324=CARTESIAN_POINT('',(0.225,0.0675,-0.105));
#16325=CARTESIAN_POINT('',(0.225,0.44,-0.105));
#16326=CARTESIAN_POINT('',(0.225,0.1675,-0.105));
#16327=CARTESIAN_POINT('',(0.765,0.44,-0.105));
#16328=CARTESIAN_POINT('',(0.27,0.44,-0.105));
#16329=CARTESIAN_POINT('',(0.27,0.0675,-0.105));
#16330=CARTESIAN_POINT('',(0.27,0.1675,-0.105));
#16331=CARTESIAN_POINT('',(0.765,0.1675,-0.105));
#16332=CARTESIAN_POINT('',(0.765,0.0675,-0.105));
#16333=CARTESIAN_POINT('',(0.39,0.0675,-0.105));
#16334=CARTESIAN_POINT('',(0.39,0.44,-0.105));
#16335=CARTESIAN_POINT('',(0.39,0.1675,-0.105));
#16336=CARTESIAN_POINT('',(0.765,0.44,-0.105));
#16337=CARTESIAN_POINT('',(0.435,0.44,-0.105));
#16338=CARTESIAN_POINT('',(0.435,0.0675,-0.105));
#16339=CARTESIAN_POINT('',(0.435,0.1675,-0.105));
#16340=CARTESIAN_POINT('',(0.765,0.1675,-0.105));
#16341=CARTESIAN_POINT('',(0.765,0.0675,-0.105));
#16342=CARTESIAN_POINT('',(0.555,0.0675,-0.105));
#16343=CARTESIAN_POINT('',(0.555,0.44,-0.105));
#16344=CARTESIAN_POINT('',(0.555,0.1675,-0.105));
#16345=CARTESIAN_POINT('',(0.765,0.44,-0.105));
#16346=CARTESIAN_POINT('',(0.6,0.44,-0.105));
#16347=CARTESIAN_POINT('',(0.6,0.0675,-0.105));
#16348=CARTESIAN_POINT('',(0.6,0.1675,-0.105));
#16349=CARTESIAN_POINT('',(0.765,0.1675,-0.105));
#16350=CARTESIAN_POINT('',(0.765,0.0675,-0.105));
#16351=CARTESIAN_POINT('',(0.72,0.0675,-0.105));
#16352=CARTESIAN_POINT('',(0.72,0.44,-0.105));
#16353=CARTESIAN_POINT('',(0.72,0.1675,-0.105));
#16354=CARTESIAN_POINT('',(0.765,0.44,-0.105));
#16355=CARTESIAN_POINT('',(0.765,0.44,-0.105));
#16356=CARTESIAN_POINT('',(0.765,0.0675,-0.105));
#16357=CARTESIAN_POINT('',(0.765,0.1675,-0.105));
#16358=CARTESIAN_POINT('',(0.765,0.1675,-0.105));
#16359=CARTESIAN_POINT('',(0.765,0.44,-0.105));
#16360=CARTESIAN_POINT('',(-0.72,0.44,-0.105));
#16361=CARTESIAN_POINT('',(-0.765,0.44,-0.105));
#16362=CARTESIAN_POINT('',(0.765,0.44,-0.105));
#16363=CARTESIAN_POINT('',(-0.6,0.44,-0.105));
#16364=CARTESIAN_POINT('',(-0.555,0.44,-0.105));
#16365=CARTESIAN_POINT('',(0.765,0.44,-0.105));
#16366=CARTESIAN_POINT('',(-0.435,0.44,-0.105));
#16367=CARTESIAN_POINT('',(-0.39,0.44,-0.105));
#16368=CARTESIAN_POINT('',(0.765,0.44,-0.105));
#16369=CARTESIAN_POINT('',(-0.27,0.44,-0.105));
#16370=CARTESIAN_POINT('',(-0.225,0.44,-0.105));
#16371=CARTESIAN_POINT('',(0.765,0.44,-0.105));
#16372=CARTESIAN_POINT('',(-0.105,0.44,-0.105));
#16373=CARTESIAN_POINT('',(-0.0599999999999999,0.44,-0.105));
#16374=CARTESIAN_POINT('',(0.765,0.44,-0.105));
#16375=CARTESIAN_POINT('',(0.0600000000000002,0.44,-0.105));
#16376=CARTESIAN_POINT('',(0.105,0.44,-0.105));
#16377=CARTESIAN_POINT('',(0.765,0.44,-0.105));
#16378=CARTESIAN_POINT('',(0.225,0.44,-0.105));
#16379=CARTESIAN_POINT('',(0.27,0.44,-0.105));
#16380=CARTESIAN_POINT('',(0.765,0.44,-0.105));
#16381=CARTESIAN_POINT('',(0.39,0.44,-0.105));
#16382=CARTESIAN_POINT('',(0.435,0.44,-0.105));
#16383=CARTESIAN_POINT('',(0.765,0.44,-0.105));
#16384=CARTESIAN_POINT('',(0.555,0.44,-0.105));
#16385=CARTESIAN_POINT('',(0.6,0.44,-0.105));
#16386=CARTESIAN_POINT('',(0.765,0.44,-0.105));
#16387=CARTESIAN_POINT('',(0.72,0.44,-0.105));
#16388=CARTESIAN_POINT('',(0.765,0.44,-0.105));
#16389=CARTESIAN_POINT('',(0.765,0.44,0.105));
#16390=CARTESIAN_POINT('',(-0.72,0.439999999999999,0.105));
#16391=CARTESIAN_POINT('',(-0.72,0.44,0.105));
#16392=CARTESIAN_POINT('',(-0.72,0.1675,0.105));
#16393=CARTESIAN_POINT('',(0.765,0.44,0.105));
#16394=CARTESIAN_POINT('',(-0.765,0.44,0.105));
#16395=CARTESIAN_POINT('',(-0.765,0.44,0.105));
#16396=CARTESIAN_POINT('',(-0.765,0.1675,0.105));
#16397=CARTESIAN_POINT('',(0.7675,0.1675,0.105));
#16398=CARTESIAN_POINT('',(0.765,0.44,0.105));
#16399=CARTESIAN_POINT('',(-0.6,0.44,0.105));
#16400=CARTESIAN_POINT('',(-0.6,0.1675,0.105));
#16401=CARTESIAN_POINT('',(-0.599999999999999,0.44,0.105));
#16402=CARTESIAN_POINT('',(0.7675,0.1675,0.105));
#16403=CARTESIAN_POINT('',(-0.555,0.1675,0.105));
#16404=CARTESIAN_POINT('',(-0.555,0.44,0.105));
#16405=CARTESIAN_POINT('',(-0.555,0.44,0.105));
#16406=CARTESIAN_POINT('',(0.765,0.44,0.105));
#16407=CARTESIAN_POINT('',(0.765,0.44,0.105));
#16408=CARTESIAN_POINT('',(-0.435,0.44,0.105));
#16409=CARTESIAN_POINT('',(-0.435,0.1675,0.105));
#16410=CARTESIAN_POINT('',(-0.435,0.44,0.105));
#16411=CARTESIAN_POINT('',(0.7675,0.1675,0.105));
#16412=CARTESIAN_POINT('',(-0.39,0.1675,0.105));
#16413=CARTESIAN_POINT('',(-0.39,0.44,0.105));
#16414=CARTESIAN_POINT('',(-0.39,0.44,0.105));
#16415=CARTESIAN_POINT('',(0.765,0.44,0.105));
#16416=CARTESIAN_POINT('',(0.765,0.44,0.105));
#16417=CARTESIAN_POINT('',(-0.27,0.44,0.105));
#16418=CARTESIAN_POINT('',(-0.27,0.1675,0.105));
#16419=CARTESIAN_POINT('',(-0.27,0.44,0.105));
#16420=CARTESIAN_POINT('',(0.7675,0.1675,0.105));
#16421=CARTESIAN_POINT('',(-0.225,0.1675,0.105));
#16422=CARTESIAN_POINT('',(-0.225,0.44,0.105));
#16423=CARTESIAN_POINT('',(-0.225,0.44,0.105));
#16424=CARTESIAN_POINT('',(0.765,0.44,0.105));
#16425=CARTESIAN_POINT('',(0.765,0.44,0.105));
#16426=CARTESIAN_POINT('',(-0.105,0.44,0.105));
#16427=CARTESIAN_POINT('',(-0.105,0.1675,0.105));
#16428=CARTESIAN_POINT('',(-0.105,0.44,0.105));
#16429=CARTESIAN_POINT('',(0.7675,0.1675,0.105));
#16430=CARTESIAN_POINT('',(-0.06,0.1675,0.105));
#16431=CARTESIAN_POINT('',(-0.06,0.44,0.105));
#16432=CARTESIAN_POINT('',(-0.0599999999999999,0.44,0.105));
#16433=CARTESIAN_POINT('',(0.765,0.44,0.105));
#16434=CARTESIAN_POINT('',(0.765,0.44,0.105));
#16435=CARTESIAN_POINT('',(0.06,0.44,0.105));
#16436=CARTESIAN_POINT('',(0.06,0.1675,0.105));
#16437=CARTESIAN_POINT('',(0.0600000000000005,0.44,0.105));
#16438=CARTESIAN_POINT('',(0.7675,0.1675,0.105));
#16439=CARTESIAN_POINT('',(0.105,0.1675,0.105));
#16440=CARTESIAN_POINT('',(0.105,0.44,0.105));
#16441=CARTESIAN_POINT('',(0.105,0.44,0.105));
#16442=CARTESIAN_POINT('',(0.765,0.44,0.105));
#16443=CARTESIAN_POINT('',(0.765,0.44,0.105));
#16444=CARTESIAN_POINT('',(0.225,0.44,0.105));
#16445=CARTESIAN_POINT('',(0.225,0.1675,0.105));
#16446=CARTESIAN_POINT('',(0.225,0.44,0.105));
#16447=CARTESIAN_POINT('',(0.7675,0.1675,0.105));
#16448=CARTESIAN_POINT('',(0.27,0.1675,0.105));
#16449=CARTESIAN_POINT('',(0.27,0.44,0.105));
#16450=CARTESIAN_POINT('',(0.27,0.44,0.105));
#16451=CARTESIAN_POINT('',(0.765,0.44,0.105));
#16452=CARTESIAN_POINT('',(0.765,0.44,0.105));
#16453=CARTESIAN_POINT('',(0.39,0.44,0.105));
#16454=CARTESIAN_POINT('',(0.39,0.1675,0.105));
#16455=CARTESIAN_POINT('',(0.39,0.44,0.105));
#16456=CARTESIAN_POINT('',(0.7675,0.1675,0.105));
#16457=CARTESIAN_POINT('',(0.435,0.1675,0.105));
#16458=CARTESIAN_POINT('',(0.435,0.44,0.105));
#16459=CARTESIAN_POINT('',(0.435,0.44,0.105));
#16460=CARTESIAN_POINT('',(0.765,0.44,0.105));
#16461=CARTESIAN_POINT('',(0.765,0.44,0.105));
#16462=CARTESIAN_POINT('',(0.555,0.44,0.105));
#16463=CARTESIAN_POINT('',(0.555,0.1675,0.105));
#16464=CARTESIAN_POINT('',(0.555,0.44,0.105));
#16465=CARTESIAN_POINT('',(0.7675,0.1675,0.105));
#16466=CARTESIAN_POINT('',(0.6,0.1675,0.105));
#16467=CARTESIAN_POINT('',(0.6,0.44,0.105));
#16468=CARTESIAN_POINT('',(0.6,0.44,0.105));
#16469=CARTESIAN_POINT('',(0.765,0.44,0.105));
#16470=CARTESIAN_POINT('',(0.765,0.44,0.105));
#16471=CARTESIAN_POINT('',(0.72,0.44,0.105));
#16472=CARTESIAN_POINT('',(0.72,0.1675,0.105));
#16473=CARTESIAN_POINT('',(0.72,0.44,0.105));
#16474=CARTESIAN_POINT('',(0.7675,0.1675,0.105));
#16475=CARTESIAN_POINT('',(0.765,0.1675,0.105));
#16476=CARTESIAN_POINT('',(0.765,0.44,0.105));
#16477=CARTESIAN_POINT('',(0.765,0.44,0.105));
#16478=CARTESIAN_POINT('',(0.765,0.44,0.105));
#16479=CARTESIAN_POINT('',(0.765,-0.1495,0.06));
#16480=CARTESIAN_POINT('',(-0.72,-0.149500000000001,0.06));
#16481=CARTESIAN_POINT('',(-0.72,0.1675,0.0600000000000003));
#16482=CARTESIAN_POINT('',(-0.72,0.44,0.06));
#16483=CARTESIAN_POINT('',(0.7675,0.1675,0.06));
#16484=CARTESIAN_POINT('',(-0.765,0.1675,0.06));
#16485=CARTESIAN_POINT('',(-0.765,-0.1495,0.06));
#16486=CARTESIAN_POINT('',(-0.765,0.44,0.06));
#16487=CARTESIAN_POINT('',(0.765,0.44,0.06));
#16488=CARTESIAN_POINT('',(0.765,-0.1495,0.06));
#16489=CARTESIAN_POINT('',(-0.6,-0.1495,0.06));
#16490=CARTESIAN_POINT('',(-0.6,0.44,0.06));
#16491=CARTESIAN_POINT('',(-0.6,0.1675,0.0600000000000003));
#16492=CARTESIAN_POINT('',(0.765,0.44,0.06));
#16493=CARTESIAN_POINT('',(-0.555,0.44,0.06));
#16494=CARTESIAN_POINT('',(-0.555,-0.1495,0.06));
#16495=CARTESIAN_POINT('',(-0.555,0.1675,0.0600000000000003));
#16496=CARTESIAN_POINT('',(0.7675,0.1675,0.06));
#16497=CARTESIAN_POINT('',(0.765,-0.1495,0.06));
#16498=CARTESIAN_POINT('',(-0.435,-0.1495,0.06));
#16499=CARTESIAN_POINT('',(-0.435,0.44,0.06));
#16500=CARTESIAN_POINT('',(-0.435,0.1675,0.0600000000000003));
#16501=CARTESIAN_POINT('',(0.765,0.44,0.06));
#16502=CARTESIAN_POINT('',(-0.39,0.44,0.06));
#16503=CARTESIAN_POINT('',(-0.39,-0.1495,0.06));
#16504=CARTESIAN_POINT('',(-0.39,0.1675,0.0600000000000003));
#16505=CARTESIAN_POINT('',(0.7675,0.1675,0.06));
#16506=CARTESIAN_POINT('',(0.765,-0.1495,0.06));
#16507=CARTESIAN_POINT('',(-0.27,-0.1495,0.06));
#16508=CARTESIAN_POINT('',(-0.27,0.44,0.06));
#16509=CARTESIAN_POINT('',(-0.27,0.1675,0.0600000000000003));
#16510=CARTESIAN_POINT('',(0.765,0.44,0.06));
#16511=CARTESIAN_POINT('',(-0.225,0.44,0.06));
#16512=CARTESIAN_POINT('',(-0.225,-0.1495,0.06));
#16513=CARTESIAN_POINT('',(-0.225,0.1675,0.0600000000000003));
#16514=CARTESIAN_POINT('',(0.7675,0.1675,0.06));
#16515=CARTESIAN_POINT('',(0.765,-0.1495,0.06));
#16516=CARTESIAN_POINT('',(-0.105,-0.1495,0.06));
#16517=CARTESIAN_POINT('',(-0.105,0.44,0.06));
#16518=CARTESIAN_POINT('',(-0.105,0.1675,0.0600000000000003));
#16519=CARTESIAN_POINT('',(0.765,0.44,0.06));
#16520=CARTESIAN_POINT('',(-0.0599999999999999,0.44,0.06));
#16521=CARTESIAN_POINT('',(-0.06,-0.1495,0.06));
#16522=CARTESIAN_POINT('',(-0.06,0.1675,0.0600000000000003));
#16523=CARTESIAN_POINT('',(0.7675,0.1675,0.06));
#16524=CARTESIAN_POINT('',(0.765,-0.1495,0.06));
#16525=CARTESIAN_POINT('',(0.06,-0.1495,0.06));
#16526=CARTESIAN_POINT('',(0.0600000000000002,0.44,0.06));
#16527=CARTESIAN_POINT('',(0.06,0.1675,0.0600000000000003));
#16528=CARTESIAN_POINT('',(0.765,0.44,0.06));
#16529=CARTESIAN_POINT('',(0.105,0.44,0.06));
#16530=CARTESIAN_POINT('',(0.105,-0.1495,0.06));
#16531=CARTESIAN_POINT('',(0.105,0.1675,0.0600000000000003));
#16532=CARTESIAN_POINT('',(0.7675,0.1675,0.06));
#16533=CARTESIAN_POINT('',(0.765,-0.1495,0.06));
#16534=CARTESIAN_POINT('',(0.225,-0.1495,0.06));
#16535=CARTESIAN_POINT('',(0.225,0.44,0.06));
#16536=CARTESIAN_POINT('',(0.225,0.1675,0.0600000000000003));
#16537=CARTESIAN_POINT('',(0.765,0.44,0.06));
#16538=CARTESIAN_POINT('',(0.27,0.44,0.06));
#16539=CARTESIAN_POINT('',(0.27,-0.1495,0.06));
#16540=CARTESIAN_POINT('',(0.27,0.1675,0.0600000000000003));
#16541=CARTESIAN_POINT('',(0.7675,0.1675,0.06));
#16542=CARTESIAN_POINT('',(0.765,-0.1495,0.06));
#16543=CARTESIAN_POINT('',(0.39,-0.1495,0.06));
#16544=CARTESIAN_POINT('',(0.39,0.44,0.06));
#16545=CARTESIAN_POINT('',(0.39,0.1675,0.0600000000000003));
#16546=CARTESIAN_POINT('',(0.765,0.44,0.06));
#16547=CARTESIAN_POINT('',(0.435,0.44,0.06));
#16548=CARTESIAN_POINT('',(0.435,-0.1495,0.06));
#16549=CARTESIAN_POINT('',(0.435,0.1675,0.0600000000000003));
#16550=CARTESIAN_POINT('',(0.7675,0.1675,0.06));
#16551=CARTESIAN_POINT('',(0.765,-0.1495,0.06));
#16552=CARTESIAN_POINT('',(0.555,-0.1495,0.06));
#16553=CARTESIAN_POINT('',(0.555,0.44,0.06));
#16554=CARTESIAN_POINT('',(0.555,0.1675,0.0600000000000003));
#16555=CARTESIAN_POINT('',(0.765,0.44,0.06));
#16556=CARTESIAN_POINT('',(0.6,0.44,0.06));
#16557=CARTESIAN_POINT('',(0.6,-0.1495,0.06));
#16558=CARTESIAN_POINT('',(0.6,0.1675,0.0600000000000003));
#16559=CARTESIAN_POINT('',(0.7675,0.1675,0.06));
#16560=CARTESIAN_POINT('',(0.765,-0.1495,0.06));
#16561=CARTESIAN_POINT('',(0.72,-0.1495,0.06));
#16562=CARTESIAN_POINT('',(0.72,0.44,0.06));
#16563=CARTESIAN_POINT('',(0.72,0.1675,0.0600000000000003));
#16564=CARTESIAN_POINT('',(0.765,0.44,0.06));
#16565=CARTESIAN_POINT('',(0.765,0.44,0.06));
#16566=CARTESIAN_POINT('',(0.765,-0.1495,0.06));
#16567=CARTESIAN_POINT('',(0.765,0.1675,0.06));
#16568=CARTESIAN_POINT('',(0.7675,0.1675,0.06));
#16569=CARTESIAN_POINT('',(0.765,0.44,0.06));
#16570=CARTESIAN_POINT('',(-0.72,0.44,0.06));
#16571=CARTESIAN_POINT('',(-0.765,0.44,0.06));
#16572=CARTESIAN_POINT('',(0.765,0.44,0.06));
#16573=CARTESIAN_POINT('',(-0.6,0.44,0.06));
#16574=CARTESIAN_POINT('',(-0.555,0.44,0.06));
#16575=CARTESIAN_POINT('',(0.765,0.44,0.06));
#16576=CARTESIAN_POINT('',(-0.435,0.44,0.06));
#16577=CARTESIAN_POINT('',(-0.39,0.44,0.06));
#16578=CARTESIAN_POINT('',(0.765,0.44,0.06));
#16579=CARTESIAN_POINT('',(-0.27,0.44,0.06));
#16580=CARTESIAN_POINT('',(-0.225,0.44,0.06));
#16581=CARTESIAN_POINT('',(0.765,0.44,0.06));
#16582=CARTESIAN_POINT('',(-0.105,0.44,0.06));
#16583=CARTESIAN_POINT('',(-0.0599999999999999,0.44,0.06));
#16584=CARTESIAN_POINT('',(0.765,0.44,0.06));
#16585=CARTESIAN_POINT('',(0.0600000000000002,0.44,0.06));
#16586=CARTESIAN_POINT('',(0.105,0.44,0.06));
#16587=CARTESIAN_POINT('',(0.765,0.44,0.06));
#16588=CARTESIAN_POINT('',(0.225,0.44,0.06));
#16589=CARTESIAN_POINT('',(0.27,0.44,0.06));
#16590=CARTESIAN_POINT('',(0.765,0.44,0.06));
#16591=CARTESIAN_POINT('',(0.39,0.44,0.06));
#16592=CARTESIAN_POINT('',(0.435,0.44,0.06));
#16593=CARTESIAN_POINT('',(0.765,0.44,0.06));
#16594=CARTESIAN_POINT('',(0.555,0.44,0.06));
#16595=CARTESIAN_POINT('',(0.6,0.44,0.06));
#16596=CARTESIAN_POINT('',(0.765,0.44,0.06));
#16597=CARTESIAN_POINT('',(0.72,0.44,0.06));
#16598=CARTESIAN_POINT('',(0.765,0.44,0.06));
#16599=CARTESIAN_POINT('',(0.765,0.0675,-0.15));
#16600=CARTESIAN_POINT('',(0.765,0.1675,-0.15));
#16601=CARTESIAN_POINT('',(-0.765,0.0675,-0.15));
#16602=CARTESIAN_POINT('',(-0.765,0.1675,-0.15));
#16603=CARTESIAN_POINT('',(0.7675,0.1675,0.11));
#16604=CARTESIAN_POINT('',(-0.6,0.1675,0.6861));
#16605=CARTESIAN_POINT('',(-0.555,0.1675,0.6861));
#16606=CARTESIAN_POINT('',(-0.435,0.1675,0.6861));
#16607=CARTESIAN_POINT('',(-0.39,0.1675,0.6861));
#16608=CARTESIAN_POINT('',(-0.27,0.1675,0.6861));
#16609=CARTESIAN_POINT('',(-0.225,0.1675,0.6861));
#16610=CARTESIAN_POINT('',(-0.105,0.1675,0.6861));
#16611=CARTESIAN_POINT('',(-0.06,0.1675,0.6861));
#16612=CARTESIAN_POINT('',(0.06,0.1675,0.6861));
#16613=CARTESIAN_POINT('',(0.105,0.1675,0.6861));
#16614=CARTESIAN_POINT('',(0.225,0.1675,0.6861));
#16615=CARTESIAN_POINT('',(0.27,0.1675,0.6861));
#16616=CARTESIAN_POINT('',(0.39,0.1675,0.6861));
#16617=CARTESIAN_POINT('',(0.435,0.1675,0.6861));
#16618=CARTESIAN_POINT('',(0.555,0.1675,0.6861));
#16619=CARTESIAN_POINT('',(0.6,0.1675,0.6861));
#16620=CARTESIAN_POINT('',(0.72,0.1675,0.6861));
#16621=CARTESIAN_POINT('',(-0.72,0.1675,0.6861));
#16622=CARTESIAN_POINT('',(-0.72,0.1675,0.6861));
#16623=CARTESIAN_POINT('',(-0.765,0.1675,0.11));
#16624=CARTESIAN_POINT('',(-0.6,0.1675,0.6861));
#16625=CARTESIAN_POINT('',(-0.555,0.1675,0.6861));
#16626=CARTESIAN_POINT('',(-0.435,0.1675,0.6861));
#16627=CARTESIAN_POINT('',(-0.39,0.1675,0.6861));
#16628=CARTESIAN_POINT('',(-0.27,0.1675,0.6861));
#16629=CARTESIAN_POINT('',(-0.225,0.1675,0.6861));
#16630=CARTESIAN_POINT('',(-0.105,0.1675,0.6861));
#16631=CARTESIAN_POINT('',(-0.06,0.1675,0.6861));
#16632=CARTESIAN_POINT('',(0.06,0.1675,0.6861));
#16633=CARTESIAN_POINT('',(0.105,0.1675,0.6861));
#16634=CARTESIAN_POINT('',(0.225,0.1675,0.6861));
#16635=CARTESIAN_POINT('',(0.27,0.1675,0.6861));
#16636=CARTESIAN_POINT('',(0.39,0.1675,0.6861));
#16637=CARTESIAN_POINT('',(0.435,0.1675,0.6861));
#16638=CARTESIAN_POINT('',(0.555,0.1675,0.6861));
#16639=CARTESIAN_POINT('',(0.6,0.1675,0.6861));
#16640=CARTESIAN_POINT('',(0.72,0.1675,0.6861));
#16641=CARTESIAN_POINT('',(0.765,0.1675,0.11));
#16642=CARTESIAN_POINT('',(0.765,-0.1495,0.015));
#16643=CARTESIAN_POINT('',(-0.765,-0.1495,0.015));
#16644=CARTESIAN_POINT('',(0.72,0.1675,0.6861));
#16645=CARTESIAN_POINT('',(0.6,0.6861,0.6861));
#16646=CARTESIAN_POINT('',(0.555,0.1675,0.6861));
#16647=CARTESIAN_POINT('',(0.435,0.6861,0.6861));
#16648=CARTESIAN_POINT('',(0.39,0.1675,0.6861));
#16649=CARTESIAN_POINT('',(0.27,0.6861,0.6861));
#16650=CARTESIAN_POINT('',(0.225,0.1675,0.6861));
#16651=CARTESIAN_POINT('',(0.105,0.6861,0.6861));
#16652=CARTESIAN_POINT('',(0.06,0.1675,0.6861));
#16653=CARTESIAN_POINT('',(-0.06,0.6861,0.6861));
#16654=CARTESIAN_POINT('',(-0.105,0.1675,0.6861));
#16655=CARTESIAN_POINT('',(-0.225,0.6861,0.6861));
#16656=CARTESIAN_POINT('',(-0.27,0.1675,0.6861));
#16657=CARTESIAN_POINT('',(-0.39,0.6861,0.6861));
#16658=CARTESIAN_POINT('',(-0.435,0.1675,0.6861));
#16659=CARTESIAN_POINT('',(-0.555,0.6861,0.6861));
#16660=CARTESIAN_POINT('',(-0.6,0.1675,0.6861));
#16661=CARTESIAN_POINT('',(-0.720000000000001,0.8536,0.6861));
#16662=CARTESIAN_POINT('',(0.72,0.1675,0.6861));
#16663=CARTESIAN_POINT('',(0.6,0.6861,0.6861));
#16664=CARTESIAN_POINT('',(0.555,0.1675,0.6861));
#16665=CARTESIAN_POINT('',(0.435,0.6861,0.6861));
#16666=CARTESIAN_POINT('',(0.39,0.1675,0.6861));
#16667=CARTESIAN_POINT('',(0.27,0.6861,0.6861));
#16668=CARTESIAN_POINT('',(0.225,0.1675,0.6861));
#16669=CARTESIAN_POINT('',(0.105,0.6861,0.6861));
#16670=CARTESIAN_POINT('',(0.06,0.1675,0.6861));
#16671=CARTESIAN_POINT('',(-0.06,0.6861,0.6861));
#16672=CARTESIAN_POINT('',(-0.105,0.1675,0.6861));
#16673=CARTESIAN_POINT('',(-0.225,0.6861,0.6861));
#16674=CARTESIAN_POINT('',(-0.27,0.1675,0.6861));
#16675=CARTESIAN_POINT('',(-0.39,0.6861,0.6861));
#16676=CARTESIAN_POINT('',(-0.435,0.1675,0.6861));
#16677=CARTESIAN_POINT('',(-0.555,0.6861,0.6861));
#16678=CARTESIAN_POINT('',(-0.720000000000001,0.8536,0.6861));
#16679=CARTESIAN_POINT('',(-0.6,0.1675,0.6861));
#16680=CARTESIAN_POINT('',(1.53,0.1645,-10.));
#16681=CARTESIAN_POINT('',(0.,-0.06,-2.0145439845974E-17));
#16682=MECHANICAL_DESIGN_GEOMETRIC_PRESENTATION_REPRESENTATION('',(#10421,
#10422,#10423),#16683);
#16683=(
GEOMETRIC_REPRESENTATION_CONTEXT(3)
GLOBAL_UNCERTAINTY_ASSIGNED_CONTEXT((#16687))
GLOBAL_UNIT_ASSIGNED_CONTEXT((#16693,#16692,#16691))
REPRESENTATION_CONTEXT('IPBT-110-H1-T-D-RA-GP',
'TOP_LEVEL_ASSEMBLY_PART')
);
#16684=(
GEOMETRIC_REPRESENTATION_CONTEXT(3)
GLOBAL_UNCERTAINTY_ASSIGNED_CONTEXT((#16688))
GLOBAL_UNIT_ASSIGNED_CONTEXT((#16693,#16692,#16691))
REPRESENTATION_CONTEXT('IPBT-110-H1-T-D-RA-GP_terminal',
'COMPONENT_PART')
);
#16685=(
GEOMETRIC_REPRESENTATION_CONTEXT(3)
GLOBAL_UNCERTAINTY_ASSIGNED_CONTEXT((#16689))
GLOBAL_UNIT_ASSIGNED_CONTEXT((#16693,#16692,#16691))
REPRESENTATION_CONTEXT('IPBT-110-H1-D-T-RA-GP_pin','COMPONENT_PART')
);
#16686=(
GEOMETRIC_REPRESENTATION_CONTEXT(3)
GLOBAL_UNCERTAINTY_ASSIGNED_CONTEXT((#16690))
GLOBAL_UNIT_ASSIGNED_CONTEXT((#16693,#16692,#16691))
REPRESENTATION_CONTEXT('IPBT-110-H1-D-T-RA-GP2_pin','COMPONENT_PART')
);
#16687=UNCERTAINTY_MEASURE_WITH_UNIT(LENGTH_MEASURE(3.93700787401575E-7),
#16693,'DISTANCE_ACCURACY_VALUE','Maximum Tolerance applied to model');
#16688=UNCERTAINTY_MEASURE_WITH_UNIT(LENGTH_MEASURE(3.93700787401575E-7),
#16693,'DISTANCE_ACCURACY_VALUE','Maximum Tolerance applied to model');
#16689=UNCERTAINTY_MEASURE_WITH_UNIT(LENGTH_MEASURE(3.93700787401575E-7),
#16693,'DISTANCE_ACCURACY_VALUE','Maximum Tolerance applied to model');
#16690=UNCERTAINTY_MEASURE_WITH_UNIT(LENGTH_MEASURE(3.93700787401575E-7),
#16693,'DISTANCE_ACCURACY_VALUE','Maximum Tolerance applied to model');
#16691=(
NAMED_UNIT(*)
SI_UNIT($,.STERADIAN.)
SOLID_ANGLE_UNIT()
);
#16692=(
NAMED_UNIT(*)
PLANE_ANGLE_UNIT()
SI_UNIT($,.RADIAN.)
);
#16693=(
CONVERSION_BASED_UNIT('INCH',#16695)
LENGTH_UNIT()
NAMED_UNIT(#16694)
);
#16694=DIMENSIONAL_EXPONENTS(1.,0.,0.,0.,0.,0.,0.);
#16695=LENGTH_MEASURE_WITH_UNIT(LENGTH_MEASURE(25.4),#16696);
#16696=(
LENGTH_UNIT()
NAMED_UNIT(*)
SI_UNIT(.MILLI.,.METRE.)
);
#16697=PRODUCT_DEFINITION_SHAPE('','',#16704);
#16698=PRODUCT_DEFINITION_SHAPE('','',#16705);
#16699=PRODUCT_DEFINITION_SHAPE(' ','NAUO PRDDFN',#13);
#16700=PRODUCT_DEFINITION_SHAPE('','',#16706);
#16701=PRODUCT_DEFINITION_SHAPE(' ','NAUO PRDDFN',#14);
#16702=PRODUCT_DEFINITION_SHAPE('','',#16707);
#16703=PRODUCT_DEFINITION_SHAPE(' ','NAUO PRDDFN',#15);
#16704=PRODUCT_DEFINITION('','',#16712,#16708);
#16705=PRODUCT_DEFINITION('','',#16713,#16709);
#16706=PRODUCT_DEFINITION('','',#16714,#16710);
#16707=PRODUCT_DEFINITION('','',#16715,#16711);
#16708=PRODUCT_DEFINITION_CONTEXT('',#16733,'design');
#16709=PRODUCT_DEFINITION_CONTEXT('',#16733,'design');
#16710=PRODUCT_DEFINITION_CONTEXT('',#16733,'design');
#16711=PRODUCT_DEFINITION_CONTEXT('',#16733,'design');
#16712=PRODUCT_DEFINITION_FORMATION_WITH_SPECIFIED_SOURCE('','',#16720,
 .NOT_KNOWN.);
#16713=PRODUCT_DEFINITION_FORMATION_WITH_SPECIFIED_SOURCE('','',#16721,
 .NOT_KNOWN.);
#16714=PRODUCT_DEFINITION_FORMATION_WITH_SPECIFIED_SOURCE('','',#16722,
 .NOT_KNOWN.);
#16715=PRODUCT_DEFINITION_FORMATION_WITH_SPECIFIED_SOURCE('','',#16723,
 .NOT_KNOWN.);
#16716=PRODUCT_RELATED_PRODUCT_CATEGORY('','',(#16720));
#16717=PRODUCT_RELATED_PRODUCT_CATEGORY('','',(#16721));
#16718=PRODUCT_RELATED_PRODUCT_CATEGORY('','',(#16722));
#16719=PRODUCT_RELATED_PRODUCT_CATEGORY('','',(#16723));
#16720=PRODUCT('IPBT-110-H1-T-D-RA-GP','IPBT-110-H1-T-D-RA-GP',
'IPBT-110-H1-T-D-RA-GP',(#16728));
#16721=PRODUCT('IPBT-110-H1-T-D-RA-GP_terminal',
'IPBT-110-H1-T-D-RA-GP_terminal','IPBT-110-H1-T-D-RA-GP_terminal',(#16729));
#16722=PRODUCT('IPBT-110-H1-D-T-RA-GP_pin','IPBT-110-H1-D-T-RA-GP_pin',
'IPBT-110-H1-D-T-RA-GP_pin',(#16730));
#16723=PRODUCT('IPBT-110-H1-D-T-RA-GP2_pin',
'IPBT-110-H1-D-T-RA-GP2_pin','IPBT-110-H1-D-T-RA-GP2_pin',(#16731));
#16724=PRODUCT_CATEGORY('','');
#16725=PRODUCT_CATEGORY('','');
#16726=PRODUCT_CATEGORY('','');
#16727=PRODUCT_CATEGORY('','');
#16728=PRODUCT_CONTEXT('',#16733,'mechanical');
#16729=PRODUCT_CONTEXT('',#16733,'mechanical');
#16730=PRODUCT_CONTEXT('',#16733,'mechanical');
#16731=PRODUCT_CONTEXT('',#16733,'mechanical');
#16732=APPLICATION_PROTOCOL_DEFINITION('international standard',
'ap242_managed_model_based_3d_engineering',2011,#16733);
#16733=APPLICATION_CONTEXT('managed model based 3d engineering');
ENDSEC;
END-ISO-10303-21;
